{
    "spx_strategy": {
        "date": "2023-01-12",
        "index_levels": 100.04382265622996,
        "result": {
            "sv_2023-01-03_2023-03-17": {
                "call": {
                    "start_date": "2023-01-03",
                    "strike": 3800.0,
                    "maturity": "2023-03-17",
                    "units": -0.0011706949942962557,
                    "gamma": 0.0010099575241632086,
                    "vega": 677.9306342529378,
                    "tau": 0.2,
                    "delta_t_1": 0.6776388382428776,
                    "option_price_t_1": 255.81,
                    "underlying_t_1": 3969.61,
                    "Option_PnL": -0.009810424052202617,
                    "Delta_PnL": -0.010757261848019761,
                    "Total_PnL": 0.0009468377958171438,
                    "delta_t": 0.6888735462455975,
                    "option_price_t": 264.19,
                    "underlying_price_t": 3983.17
                },
                "put": {
                    "start_date": "2023-01-03",
                    "strike": 3800.0,
                    "maturity": "2023-03-17",
                    "units": -0.0011706949942962557,
                    "gamma": 0.0010099575241632086,
                    "vega": 677.9306342529378,
                    "tau": 0.2,
                    "delta_t_1": -0.32236116175712237,
                    "option_price_t_1": 86.2,
                    "underlying_t_1": 3969.61,
                    "Option_PnL": 0.006064200070454612,
                    "Delta_PnL": 0.0051173622746374025,
                    "Total_PnL": 0.0009468377958172097,
                    "delta_t": -0.3111264537544025,
                    "option_price_t": 81.02,
                    "underlying_price_t": 3983.17
                }
            },
            "sv_2023-01-04_2023-03-17": {
                "call": {
                    "start_date": "2023-01-04",
                    "strike": 3800.0,
                    "maturity": "2023-03-17",
                    "units": -0.0011829116042035802,
                    "gamma": 0.0009943942191962733,
                    "vega": 670.9299152806456,
                    "tau": 0.19726027397260273,
                    "delta_t_1": 0.678517929043171,
                    "option_price_t_1": 255.81,
                    "underlying_t_1": 3969.61,
                    "Option_PnL": -0.009912799243225997,
                    "Delta_PnL": -0.010883618484907681,
                    "Total_PnL": 0.0009708192416816846,
                    "delta_t": 0.6898163526414106,
                    "option_price_t": 264.19,
                    "underlying_price_t": 3983.17
                },
                "put": {
                    "start_date": "2023-01-04",
                    "strike": 3800.0,
                    "maturity": "2023-03-17",
                    "units": -0.0011829116042035802,
                    "gamma": 0.0009943942191962733,
                    "vega": 670.9299152806456,
                    "tau": 0.19726027397260273,
                    "delta_t_1": -0.321482070956829,
                    "option_price_t_1": 86.2,
                    "underlying_t_1": 3969.61,
                    "Option_PnL": 0.006127482109774553,
                    "Delta_PnL": 0.005156662868092803,
                    "Total_PnL": 0.0009708192416817505,
                    "delta_t": -0.3101836473585894,
                    "option_price_t": 81.02,
                    "underlying_price_t": 3983.17
                }
            },
            "sv_2023-01-05_2023-03-17": {
                "call": {
                    "start_date": "2023-01-05",
                    "strike": 3850.0,
                    "maturity": "2023-03-17",
                    "units": -0.0011862663376705277,
                    "gamma": 0.0010188293984481002,
                    "vega": 669.0187904531579,
                    "tau": 0.19452054794520549,
                    "delta_t_1": 0.6339609102169678,
                    "option_price_t_1": 224.6,
                    "underlying_t_1": 3969.61,
                    "Option_PnL": -0.009122388136686355,
                    "Delta_PnL": -0.010197750366287634,
                    "Total_PnL": 0.0010753622296012788,
                    "delta_t": 0.6459628477100186,
                    "option_price_t": 232.29,
                    "underlying_price_t": 3983.17
                },
                "put": {
                    "start_date": "2023-01-05",
                    "strike": 3850.0,
                    "maturity": "2023-03-17",
                    "units": -0.0011862663376705277,
                    "gamma": 0.0010188293984481002,
                    "vega": 669.0187904531579,
                    "tau": 0.19452054794520549,
                    "delta_t_1": -0.36603908978303223,
                    "option_price_t_1": 104.99,
                    "underlying_t_1": 3969.61,
                    "Option_PnL": 0.006963383402125986,
                    "Delta_PnL": 0.005888021172524657,
                    "Total_PnL": 0.0010753622296013291,
                    "delta_t": -0.35403715228998145,
                    "option_price_t": 99.12,
                    "underlying_price_t": 3983.17
                }
            },
            "sv_2023-01-06_2023-03-17": {
                "call": {
                    "start_date": "2023-01-06",
                    "strike": 3800.0,
                    "maturity": "2023-03-17",
                    "units": -0.00121476018511801,
                    "gamma": 0.0009332841262262017,
                    "vega": 652.9821696419161,
                    "tau": 0.1917808219178082,
                    "delta_t_1": 0.6803347701055397,
                    "option_price_t_1": 255.81,
                    "underlying_t_1": 3969.61,
                    "Option_PnL": -0.010179690351288918,
                    "Delta_PnL": -0.01120657509769742,
                    "Total_PnL": 0.0010268847464085015,
                    "delta_t": 0.6917638302562504,
                    "option_price_t": 264.19,
                    "underlying_price_t": 3983.17
                },
                "put": {
                    "start_date": "2023-01-06",
                    "strike": 3800.0,
                    "maturity": "2023-03-17",
                    "units": -0.00121476018511801,
                    "gamma": 0.0009332841262262017,
                    "vega": 652.9821696419161,
                    "tau": 0.1917808219178082,
                    "delta_t_1": -0.31966522989446033,
                    "option_price_t_1": 86.2,
                    "underlying_t_1": 3969.61,
                    "Option_PnL": 0.0062924577589113,
                    "Delta_PnL": 0.0052655730125027314,
                    "Total_PnL": 0.0010268847464085682,
                    "delta_t": -0.30823616974374957,
                    "option_price_t": 81.02,
                    "underlying_price_t": 3983.17
                }
            },
            "sv_2023-01-09_2023-03-17": {
                "call": {
                    "start_date": "2023-01-09",
                    "strike": 3900.0,
                    "maturity": "2023-03-17",
                    "units": -0.001193703408960335,
                    "gamma": 0.0009987444684788872,
                    "vega": 664.9186038325093,
                    "tau": 0.18356164383561643,
                    "delta_t_1": 0.5884925249693728,
                    "option_price_t_1": 195.87,
                    "underlying_t_1": 3969.61,
                    "Option_PnL": -0.008343986828632752,
                    "Delta_PnL": -0.009525703830240984,
                    "Total_PnL": 0.0011817170016082314,
                    "delta_t": 0.6013258694840522,
                    "option_price_t": 202.86,
                    "underlying_price_t": 3983.17
                },
                "put": {
                    "start_date": "2023-01-09",
                    "strike": 3900.0,
                    "maturity": "2023-03-17",
                    "units": -0.001193703408960335,
                    "gamma": 0.0009987444684788872,
                    "vega": 664.9186038325093,
                    "tau": 0.18356164383561643,
                    "delta_t_1": -0.41150747503062723,
                    "option_price_t_1": 126.26,
                    "underlying_t_1": 3969.61,
                    "Option_PnL": 0.00784263139686941,
                    "Delta_PnL": 0.006660914395261091,
                    "Total_PnL": 0.001181717001608319,
                    "delta_t": -0.3986741305159478,
                    "option_price_t": 119.69,
                    "underlying_price_t": 3983.17
                }
            },
            "sv_2023-01-10_2023-03-17": {
                "call": {
                    "start_date": "2023-01-10",
                    "strike": 3900.0,
                    "maturity": "2023-03-17",
                    "units": -0.0011996661731896732,
                    "gamma": 0.0009892370182247206,
                    "vega": 661.6039810361614,
                    "tau": 0.18082191780821918,
                    "delta_t_1": 0.5888489902480689,
                    "option_price_t_1": 195.87,
                    "underlying_t_1": 3969.61,
                    "Option_PnL": -0.008385666550595826,
                    "Delta_PnL": -0.009579085231569317,
                    "Total_PnL": 0.001193418680973491,
                    "delta_t": 0.6017757322590056,
                    "option_price_t": 202.86,
                    "underlying_price_t": 3983.17
                },
                "put": {
                    "start_date": "2023-01-10",
                    "strike": 3900.0,
                    "maturity": "2023-03-17",
                    "units": -0.0011996661731896732,
                    "gamma": 0.0009892370182247206,
                    "vega": 661.6039810361614,
                    "tau": 0.18082191780821918,
                    "delta_t_1": -0.4111510097519311,
                    "option_price_t_1": 126.26,
                    "underlying_t_1": 3969.61,
                    "Option_PnL": 0.007881806757856161,
                    "Delta_PnL": 0.006688388076882587,
                    "Total_PnL": 0.0011934186809735743,
                    "delta_t": -0.3982242677409944,
                    "option_price_t": 119.69,
                    "underlying_price_t": 3983.17
                }
            },
            "sv_2023-01-11_2023-03-17": {
                "call": {
                    "start_date": "2023-01-11",
                    "strike": 3900.0,
                    "maturity": "2023-03-17",
                    "units": -0.0012183786420095532,
                    "gamma": 0.0009690189394521468,
                    "vega": 651.5134441641604,
                    "tau": 0.1780821917808219,
                    "delta_t_1": 0.589215874818102,
                    "option_price_t_1": 195.87,
                    "underlying_t_1": 3919.25,
                    "delta_t": 0.6022380803492376,
                    "option_price_t": 202.86,
                    "underlying_price_t": 3983.17,
                    "Option_PnL": -0.008516466707646787,
                    "Delta_PnL": -0.045887403351333546,
                    "Total_PnL": 0.03737093664368676
                },
                "put": {
                    "start_date": "2023-01-11",
                    "strike": 3900.0,
                    "maturity": "2023-03-17",
                    "units": -0.0012183786420095532,
                    "gamma": 0.0009690189394521468,
                    "vega": 651.5134441641604,
                    "tau": 0.1780821917808219,
                    "delta_t_1": -0.410784125181898,
                    "option_price_t_1": 126.26,
                    "underlying_t_1": 3919.25,
                    "delta_t": -0.39776191965076235,
                    "option_price_t": 119.69,
                    "underlying_price_t": 3983.17,
                    "Option_PnL": 0.008004747678002773,
                    "Delta_PnL": 0.03199135944591718,
                    "Total_PnL": -0.02398661176791441
                }
            },
            "sv_2023-01-12_2023-03-17": {
                "call": {
                    "start_date": "2023-01-12",
                    "strike": 3950.0,
                    "maturity": "2023-03-17",
                    "units": -0.0012039443066619126,
                    "delta_t": 0.5530976728386903,
                    "gamma": 0.0009887498434299094,
                    "vega": 659.4971163679724,
                    "tau": 0.17534246575342466,
                    "option_price_t": 175.94,
                    "underlying_price_t": 3969.61
                },
                "put": {
                    "start_date": "2023-01-12",
                    "strike": 3950.0,
                    "maturity": "2023-03-17",
                    "units": -0.0012039443066619126,
                    "delta_t": -0.44690232716130973,
                    "gamma": 0.0009887498434299094,
                    "vega": 659.4971163679724,
                    "tau": 0.17534246575342466,
                    "option_price_t": 142.77,
                    "underlying_price_t": 3969.61
                }
            }
        }
    }
}