{
    "spx_strategy": {
        "date": "2023-03-23",
        "index_levels": 103.26390023196419,
        "result": {
            "sv_2023-01-23_2023-04-28": {
                "call": {
                    "start_date": "2023-01-23",
                    "strike": 3950.0,
                    "maturity": "2023-04-28",
                    "units": -0.000995156163567833,
                    "gamma": 0.0008471025015207614,
                    "vega": 800.2744880395427,
                    "tau": 0.2602739726027397,
                    "delta_t_1": 0.5094241835116229,
                    "option_price_t_1": 99.9,
                    "underlying_t_1": 3936.97,
                    "Option_PnL": -0.003582562188844193,
                    "Delta_PnL": -0.005956740239082203,
                    "Total_PnL": 0.00237417805023801,
                    "delta_t": 0.5202077343438392,
                    "option_price_t": 103.5,
                    "underlying_price_t": 3948.72
                },
                "put": {
                    "start_date": "2023-01-23",
                    "strike": 3950.0,
                    "maturity": "2023-04-28",
                    "units": -0.000995156163567833,
                    "gamma": 0.0008471025015207614,
                    "vega": 800.2744880395427,
                    "tau": 0.2602739726027397,
                    "delta_t_1": -0.4905758164883771,
                    "option_price_t_1": 112.93,
                    "underlying_t_1": 3936.97,
                    "Option_PnL": 0.008110522733077845,
                    "Delta_PnL": 0.005736344682839835,
                    "Total_PnL": 0.00237417805023801,
                    "delta_t": -0.47979226565616084,
                    "option_price_t": 104.78,
                    "underlying_price_t": 3948.72
                }
            },
            "sv_2023-01-24_2023-04-28": {
                "call": {
                    "start_date": "2023-01-24",
                    "strike": 4000.0,
                    "maturity": "2023-04-28",
                    "units": -0.0009842937544868996,
                    "gamma": 0.0008716139049131928,
                    "vega": 809.665143828125,
                    "tau": 0.25753424657534246,
                    "delta_t_1": 0.46271054815756524,
                    "option_price_t_1": 78.39,
                    "underlying_t_1": 3936.97,
                    "Option_PnL": -0.002706807824838974,
                    "Delta_PnL": -0.00535145645656874,
                    "Total_PnL": 0.0026446486317297665,
                    "delta_t": 0.47313887542122635,
                    "option_price_t": 81.14,
                    "underlying_price_t": 3948.72
                },
                "put": {
                    "start_date": "2023-01-24",
                    "strike": 4000.0,
                    "maturity": "2023-04-28",
                    "units": -0.0009842937544868996,
                    "gamma": 0.0008716139049131928,
                    "vega": 809.665143828125,
                    "tau": 0.25753424657534246,
                    "delta_t_1": -0.5372894518424347,
                    "option_price_t_1": 141.42,
                    "underlying_t_1": 3936.97,
                    "Option_PnL": 0.008858643790382096,
                    "Delta_PnL": 0.006213995158652331,
                    "Total_PnL": 0.002644648631729765,
                    "delta_t": -0.5268611245787737,
                    "option_price_t": 132.42,
                    "underlying_price_t": 3948.72
                }
            },
            "sv_2023-01-25_2023-04-28": {
                "call": {
                    "start_date": "2023-01-25",
                    "strike": 4000.0,
                    "maturity": "2023-04-28",
                    "units": -0.0009902947717349397,
                    "gamma": 0.0008824650444362631,
                    "vega": 805.3390782102688,
                    "tau": 0.2547945205479452,
                    "delta_t_1": 0.462282425128753,
                    "option_price_t_1": 78.39,
                    "underlying_t_1": 3936.97,
                    "Option_PnL": -0.002723310622271084,
                    "Delta_PnL": -0.0053791014568719455,
                    "Total_PnL": 0.0026557908346008614,
                    "delta_t": 0.47276770336622487,
                    "option_price_t": 81.14,
                    "underlying_price_t": 3948.72
                },
                "put": {
                    "start_date": "2023-01-25",
                    "strike": 4000.0,
                    "maturity": "2023-04-28",
                    "units": -0.0009902947717349397,
                    "gamma": 0.0008824650444362631,
                    "vega": 805.3390782102688,
                    "tau": 0.2547945205479452,
                    "delta_t_1": -0.537717574871247,
                    "option_price_t_1": 141.42,
                    "underlying_t_1": 3936.97,
                    "Option_PnL": 0.008912652945614457,
                    "Delta_PnL": 0.006256862111013597,
                    "Total_PnL": 0.0026557908346008597,
                    "delta_t": -0.5272322966337751,
                    "option_price_t": 132.42,
                    "underlying_price_t": 3948.72
                }
            },
            "sv_2023-01-26_2023-04-28": {
                "call": {
                    "start_date": "2023-01-26",
                    "strike": 4000.0,
                    "maturity": "2023-04-28",
                    "units": -0.0009989236238980162,
                    "gamma": 0.0008726735640550211,
                    "vega": 798.5745093049918,
                    "tau": 0.25205479452054796,
                    "delta_t_1": 0.4618486252216368,
                    "option_price_t_1": 78.39,
                    "underlying_t_1": 3936.97,
                    "Option_PnL": -0.002747039965719545,
                    "Delta_PnL": -0.005420880153184891,
                    "Total_PnL": 0.0026738401874653464,
                    "delta_t": 0.4723917523897562,
                    "option_price_t": 81.14,
                    "underlying_price_t": 3948.72
                },
                "put": {
                    "start_date": "2023-01-26",
                    "strike": 4000.0,
                    "maturity": "2023-04-28",
                    "units": -0.0009989236238980162,
                    "gamma": 0.0008726735640550211,
                    "vega": 798.5745093049918,
                    "tau": 0.25205479452054796,
                    "delta_t_1": -0.5381513747783633,
                    "option_price_t_1": 141.42,
                    "underlying_t_1": 3936.97,
                    "Option_PnL": 0.008990312615082145,
                    "Delta_PnL": 0.0063164724276168005,
                    "Total_PnL": 0.0026738401874653447,
                    "delta_t": -0.5276082476102437,
                    "option_price_t": 132.42,
                    "underlying_price_t": 3948.72
                }
            },
            "sv_2023-01-27_2023-04-28": {
                "call": {
                    "start_date": "2023-01-27",
                    "strike": 4050.0,
                    "maturity": "2023-04-28",
                    "units": -0.0009894685346989586,
                    "gamma": 0.0008909215131597066,
                    "vega": 806.721856102033,
                    "tau": 0.2493150684931507,
                    "delta_t_1": 0.4152328167571472,
                    "option_price_t_1": 60.43,
                    "underlying_t_1": 3936.97,
                    "Option_PnL": -0.002008621125438887,
                    "Delta_PnL": -0.004827602729378483,
                    "Total_PnL": 0.002818981603939596,
                    "delta_t": 0.42527689524332357,
                    "option_price_t": 62.46,
                    "underlying_price_t": 3948.72
                },
                "put": {
                    "start_date": "2023-01-27",
                    "strike": 4050.0,
                    "maturity": "2023-04-28",
                    "units": -0.0009894685346989586,
                    "gamma": 0.0008909215131597066,
                    "vega": 806.721856102033,
                    "tau": 0.2493150684931507,
                    "delta_t_1": -0.5847671832428528,
                    "option_price_t_1": 173.46,
                    "underlying_t_1": 3936.97,
                    "Option_PnL": 0.009617634157273876,
                    "Delta_PnL": 0.00679865255333428,
                    "Total_PnL": 0.002818981603939596,
                    "delta_t": -0.5747231047566764,
                    "option_price_t": 163.74,
                    "underlying_price_t": 3948.72
                }
            },
            "sv_2023-01-30_2023-04-28": {
                "call": {
                    "start_date": "2023-01-30",
                    "strike": 4050.0,
                    "maturity": "2023-04-28",
                    "units": -0.0010148182168233173,
                    "gamma": 0.0009086973304018468,
                    "vega": 786.8929893530313,
                    "tau": 0.2410958904109589,
                    "delta_t_1": 0.41313039674269386,
                    "option_price_t_1": 60.43,
                    "underlying_t_1": 3936.97,
                    "Option_PnL": -0.0020600809801513353,
                    "Delta_PnL": -0.00492621396732068,
                    "Total_PnL": 0.0028661329871693445,
                    "delta_t": 0.42333920671230707,
                    "option_price_t": 62.46,
                    "underlying_price_t": 3948.72
                },
                "put": {
                    "start_date": "2023-01-30",
                    "strike": 4050.0,
                    "maturity": "2023-04-28",
                    "units": -0.0010148182168233173,
                    "gamma": 0.0009086973304018468,
                    "vega": 786.8929893530313,
                    "tau": 0.2410958904109589,
                    "delta_t_1": -0.5868696032573062,
                    "option_price_t_1": 173.46,
                    "underlying_t_1": 3936.97,
                    "Option_PnL": 0.009864033067522643,
                    "Delta_PnL": 0.006997900080353299,
                    "Total_PnL": 0.002866132987169344,
                    "delta_t": -0.5766607932876929,
                    "option_price_t": 163.74,
                    "underlying_price_t": 3948.72
                }
            },
            "sv_2023-01-31_2023-04-28": {
                "call": {
                    "start_date": "2023-01-31",
                    "strike": 4000.0,
                    "maturity": "2023-04-28",
                    "units": -0.0010364952942840287,
                    "gamma": 0.0009267054423775998,
                    "vega": 772.185695739357,
                    "tau": 0.23835616438356164,
                    "delta_t_1": 0.4595891048447845,
                    "option_price_t_1": 78.39,
                    "underlying_t_1": 3936.97,
                    "Option_PnL": -0.0028503620592810787,
                    "Delta_PnL": -0.005597252847590982,
                    "Total_PnL": 0.0027468907883099036,
                    "delta_t": 0.4704358215823723,
                    "option_price_t": 81.14,
                    "underlying_price_t": 3948.72
                },
                "put": {
                    "start_date": "2023-01-31",
                    "strike": 4000.0,
                    "maturity": "2023-04-28",
                    "units": -0.0010364952942840287,
                    "gamma": 0.0009267054423775998,
                    "vega": 772.185695739357,
                    "tau": 0.23835616438356164,
                    "delta_t_1": -0.5404108951552156,
                    "option_price_t_1": 141.42,
                    "underlying_t_1": 3936.97,
                    "Option_PnL": 0.009328457648556259,
                    "Delta_PnL": 0.006581566860246356,
                    "Total_PnL": 0.0027468907883099027,
                    "delta_t": -0.5295641784176277,
                    "option_price_t": 132.42,
                    "underlying_price_t": 3948.72
                }
            },
            "sv_2023-02-01_2023-04-28": {
                "call": {
                    "start_date": "2023-02-01",
                    "strike": 4100.0,
                    "maturity": "2023-04-28",
                    "units": -0.0010084265309304073,
                    "gamma": 0.0009555285328083696,
                    "vega": 793.9498189000205,
                    "tau": 0.2356164383561644,
                    "delta_t_1": 0.3660494094035859,
                    "option_price_t_1": 45.75,
                    "underlying_t_1": 3936.97,
                    "Option_PnL": -0.0014420499392304822,
                    "Delta_PnL": -0.004337323748869294,
                    "Total_PnL": 0.002895273809638812,
                    "delta_t": 0.375669904207753,
                    "option_price_t": 47.18,
                    "underlying_price_t": 3948.72
                },
                "put": {
                    "start_date": "2023-02-01",
                    "strike": 4100.0,
                    "maturity": "2023-04-28",
                    "units": -0.0010084265309304073,
                    "gamma": 0.0009555285328083696,
                    "vega": 793.9498189000205,
                    "tau": 0.2356164383561644,
                    "delta_t_1": -0.6339505905964141,
                    "option_price_t_1": 208.78,
                    "underlying_t_1": 3936.97,
                    "Option_PnL": 0.010406961799201796,
                    "Delta_PnL": 0.007511687989562991,
                    "Total_PnL": 0.002895273809638805,
                    "delta_t": -0.6243300957922471,
                    "option_price_t": 198.46,
                    "underlying_price_t": 3948.72
                }
            },
            "sv_2023-02-02_2023-04-28": {
                "call": {
                    "start_date": "2023-02-02",
                    "strike": 4100.0,
                    "maturity": "2023-04-28",
                    "units": -0.0010234464405969792,
                    "gamma": 0.0009233734138097844,
                    "vega": 781.4370123267503,
                    "tau": 0.2328767123287671,
                    "delta_t_1": 0.36506774359551786,
                    "option_price_t_1": 45.75,
                    "underlying_t_1": 3936.97,
                    "Option_PnL": -0.00146352841005368,
                    "Delta_PnL": -0.00439012057242534,
                    "Total_PnL": 0.00292659216237166,
                    "delta_t": 0.3747384328738247,
                    "option_price_t": 47.18,
                    "underlying_price_t": 3948.72
                },
                "put": {
                    "start_date": "2023-02-02",
                    "strike": 4100.0,
                    "maturity": "2023-04-28",
                    "units": -0.0010234464405969792,
                    "gamma": 0.0009233734138097844,
                    "vega": 781.4370123267503,
                    "tau": 0.2328767123287671,
                    "delta_t_1": -0.6349322564044821,
                    "option_price_t_1": 208.78,
                    "underlying_t_1": 3936.97,
                    "Option_PnL": 0.010561967266960818,
                    "Delta_PnL": 0.007635375104589166,
                    "Total_PnL": 0.002926592162371652,
                    "delta_t": -0.6252615671261753,
                    "option_price_t": 198.46,
                    "underlying_price_t": 3948.72
                }
            },
            "sv_2023-02-03_2023-04-28": {
                "call": {
                    "start_date": "2023-02-03",
                    "strike": 4200.0,
                    "maturity": "2023-04-28",
                    "units": -0.0010148114360437155,
                    "gamma": 0.0009419176816349397,
                    "vega": 787.8120870043329,
                    "tau": 0.23013698630136986,
                    "delta_t_1": 0.2795194754905267,
                    "option_price_t_1": 24.82,
                    "underlying_t_1": 3936.97,
                    "Option_PnL": -0.0006088868616262308,
                    "Delta_PnL": -0.0033329998338155484,
                    "Total_PnL": 0.0027241129721893177,
                    "delta_t": 0.2875803250633253,
                    "option_price_t": 25.42,
                    "underlying_price_t": 3948.72
                },
                "put": {
                    "start_date": "2023-02-03",
                    "strike": 4200.0,
                    "maturity": "2023-04-28",
                    "units": -0.0010148114360437155,
                    "gamma": 0.0009419176816349397,
                    "vega": 787.8120870043329,
                    "tau": 0.23013698630136986,
                    "delta_t_1": -0.7204805245094733,
                    "option_price_t_1": 287.85,
                    "underlying_t_1": 3936.97,
                    "Option_PnL": 0.011315147511887462,
                    "Delta_PnL": 0.008591034539698108,
                    "Total_PnL": 0.002724112972189354,
                    "delta_t": -0.7124196749366747,
                    "option_price_t": 276.7,
                    "underlying_price_t": 3948.72
                }
            },
            "sv_2023-02-06_2023-04-28": {
                "call": {
                    "start_date": "2023-02-06",
                    "strike": 4150.0,
                    "maturity": "2023-04-28",
                    "units": -0.0010383243838795024,
                    "gamma": 0.0009786456851643066,
                    "vega": 771.8103648997543,
                    "tau": 0.2219178082191781,
                    "delta_t_1": 0.31665914787542415,
                    "option_price_t_1": 34.01,
                    "underlying_t_1": 3936.97,
                    "Option_PnL": -0.0009864081646855302,
                    "Delta_PnL": -0.0038633402467563066,
                    "Total_PnL": 0.0028769320820707764,
                    "delta_t": 0.3257030000594503,
                    "option_price_t": 34.96,
                    "underlying_price_t": 3948.72
                },
                "put": {
                    "start_date": "2023-02-06",
                    "strike": 4150.0,
                    "maturity": "2023-04-28",
                    "units": -0.0010383243838795024,
                    "gamma": 0.0009786456851643066,
                    "vega": 771.8103648997543,
                    "tau": 0.2219178082191781,
                    "delta_t_1": -0.6833408521245758,
                    "option_price_t_1": 247.04,
                    "underlying_t_1": 3936.97,
                    "Option_PnL": 0.011213903345898607,
                    "Delta_PnL": 0.008336971263827847,
                    "Total_PnL": 0.0028769320820707604,
                    "delta_t": -0.6742969999405497,
                    "option_price_t": 236.24,
                    "underlying_price_t": 3948.72
                }
            },
            "sv_2023-02-07_2023-04-28": {
                "call": {
                    "start_date": "2023-02-07",
                    "strike": 4100.0,
                    "maturity": "2023-04-28",
                    "units": -0.0010534231845767158,
                    "gamma": 0.000973704994322613,
                    "vega": 760.9067319470277,
                    "tau": 0.2191780821917808,
                    "delta_t_1": 0.3599222437642342,
                    "option_price_t_1": 45.75,
                    "underlying_t_1": 3936.97,
                    "Option_PnL": -0.0015063951539447033,
                    "Delta_PnL": -0.00445501762565687,
                    "Total_PnL": 0.0029486224717121673,
                    "delta_t": 0.3698553233292755,
                    "option_price_t": 47.18,
                    "underlying_price_t": 3948.72
                },
                "put": {
                    "start_date": "2023-02-07",
                    "strike": 4100.0,
                    "maturity": "2023-04-28",
                    "units": -0.0010534231845767158,
                    "gamma": 0.000973704994322613,
                    "vega": 760.9067319470277,
                    "tau": 0.2191780821917808,
                    "delta_t_1": -0.6400777562357658,
                    "option_price_t_1": 208.78,
                    "underlying_t_1": 3936.97,
                    "Option_PnL": 0.0108713272648317,
                    "Delta_PnL": 0.007922704793119541,
                    "Total_PnL": 0.0029486224717121586,
                    "delta_t": -0.6301446766707245,
                    "option_price_t": 198.46,
                    "underlying_price_t": 3948.72
                }
            },
            "sv_2023-02-08_2023-04-28": {
                "call": {
                    "start_date": "2023-02-08",
                    "strike": 4150.0,
                    "maturity": "2023-04-28",
                    "units": -0.0010488368087215813,
                    "gamma": 0.0009901516671293282,
                    "vega": 763.9157401212572,
                    "tau": 0.21643835616438356,
                    "delta_t_1": 0.3140820690705288,
                    "option_price_t_1": 34.01,
                    "underlying_t_1": 3936.97,
                    "Option_PnL": -0.0009963949682855052,
                    "Delta_PnL": -0.0038706948112571054,
                    "Total_PnL": 0.0028742998429716,
                    "delta_t": 0.32321304521620486,
                    "option_price_t": 34.96,
                    "underlying_price_t": 3948.72
                },
                "put": {
                    "start_date": "2023-02-08",
                    "strike": 4150.0,
                    "maturity": "2023-04-28",
                    "units": -0.0010488368087215813,
                    "gamma": 0.0009901516671293282,
                    "vega": 763.9157401212572,
                    "tau": 0.21643835616438356,
                    "delta_t_1": -0.6859179309294712,
                    "option_price_t_1": 247.04,
                    "underlying_t_1": 3936.97,
                    "Option_PnL": 0.01132743753419306,
                    "Delta_PnL": 0.008453137691221474,
                    "Total_PnL": 0.002874299842971587,
                    "delta_t": -0.6767869547837951,
                    "option_price_t": 236.24,
                    "underlying_price_t": 3948.72
                }
            },
            "sv_2023-02-09_2023-04-28": {
                "call": {
                    "start_date": "2023-02-09",
                    "strike": 4100.0,
                    "maturity": "2023-04-28",
                    "units": -0.0010646614005156213,
                    "gamma": 0.0009957966334261542,
                    "vega": 752.7118887141663,
                    "tau": 0.2136986301369863,
                    "delta_t_1": 0.3577446847035177,
                    "option_price_t_1": 45.75,
                    "underlying_t_1": 3936.97,
                    "Option_PnL": -0.0015224658027373382,
                    "Delta_PnL": -0.004475304245260731,
                    "Total_PnL": 0.002952838442523393,
                    "delta_t": 0.3677884086009823,
                    "option_price_t": 47.18,
                    "underlying_price_t": 3948.72
                },
                "put": {
                    "start_date": "2023-02-09",
                    "strike": 4100.0,
                    "maturity": "2023-04-28",
                    "units": -0.0010646614005156213,
                    "gamma": 0.0009957966334261542,
                    "vega": 752.7118887141663,
                    "tau": 0.2136986301369863,
                    "delta_t_1": -0.6422553152964823,
                    "option_price_t_1": 208.78,
                    "underlying_t_1": 3936.97,
                    "Option_PnL": 0.010987305653321204,
                    "Delta_PnL": 0.008034467210797818,
                    "Total_PnL": 0.0029528384425233853,
                    "delta_t": -0.6322115913990177,
                    "option_price_t": 198.46,
                    "underlying_price_t": 3948.72
                }
            },
            "sv_2023-02-10_2023-04-28": {
                "call": {
                    "start_date": "2023-02-10",
                    "strike": 4100.0,
                    "maturity": "2023-04-28",
                    "units": -0.0010718604441399362,
                    "gamma": 0.001025640792607014,
                    "vega": 749.3176913185073,
                    "tau": 0.21095890410958903,
                    "delta_t_1": 0.3566282920849494,
                    "option_price_t_1": 45.75,
                    "underlying_t_1": 3936.97,
                    "Option_PnL": -0.0015327604351201085,
                    "Delta_PnL": -0.004491505174677729,
                    "Total_PnL": 0.00295874473955762,
                    "delta_t": 0.36672864010785466,
                    "option_price_t": 47.18,
                    "underlying_price_t": 3948.72
                },
                "put": {
                    "start_date": "2023-02-10",
                    "strike": 4100.0,
                    "maturity": "2023-04-28",
                    "units": -0.0010718604441399362,
                    "gamma": 0.001025640792607014,
                    "vega": 749.3176913185073,
                    "tau": 0.21095890410958903,
                    "delta_t_1": -0.6433717079150506,
                    "option_price_t_1": 208.78,
                    "underlying_t_1": 3936.97,
                    "Option_PnL": 0.011061599783524135,
                    "Delta_PnL": 0.008102855043966522,
                    "Total_PnL": 0.0029587447395576123,
                    "delta_t": -0.6332713598921453,
                    "option_price_t": 198.46,
                    "underlying_price_t": 3948.72
                }
            },
            "sv_2023-02-13_2023-04-28": {
                "call": {
                    "start_date": "2023-02-13",
                    "strike": 4100.0,
                    "maturity": "2023-04-28",
                    "units": -0.0010936705632446347,
                    "gamma": 0.001042488184068085,
                    "vega": 735.4445819524359,
                    "tau": 0.20273972602739726,
                    "delta_t_1": 0.3531618199977541,
                    "option_price_t_1": 45.75,
                    "underlying_t_1": 3936.97,
                    "Option_PnL": -0.0015639489054398272,
                    "Delta_PnL": -0.0045383515674729666,
                    "Total_PnL": 0.0029744026620331394,
                    "delta_t": 0.36343752136942375,
                    "option_price_t": 47.18,
                    "underlying_price_t": 3948.72
                },
                "put": {
                    "start_date": "2023-02-13",
                    "strike": 4100.0,
                    "maturity": "2023-04-28",
                    "units": -0.0010936705632446347,
                    "gamma": 0.001042488184068085,
                    "vega": 735.4445819524359,
                    "tau": 0.20273972602739726,
                    "delta_t_1": -0.6468381800022459,
                    "option_price_t_1": 208.78,
                    "underlying_t_1": 3936.97,
                    "Option_PnL": 0.011286680212684622,
                    "Delta_PnL": 0.00831227755065149,
                    "Total_PnL": 0.0029744026620331324,
                    "delta_t": -0.6365624786305762,
                    "option_price_t": 198.46,
                    "underlying_price_t": 3948.72
                }
            },
            "sv_2023-02-14_2023-04-28": {
                "call": {
                    "start_date": "2023-02-14",
                    "strike": 4150.0,
                    "maturity": "2023-04-28",
                    "units": -0.00109094463992268,
                    "gamma": 0.001063339688788734,
                    "vega": 737.9106226881026,
                    "tau": 0.2,
                    "delta_t_1": 0.305823641663908,
                    "option_price_t_1": 34.01,
                    "underlying_t_1": 3936.97,
                    "Option_PnL": -0.0010363974079265492,
                    "Delta_PnL": -0.00392023078595978,
                    "Total_PnL": 0.002883833378033231,
                    "delta_t": 0.3152294328752234,
                    "option_price_t": 34.96,
                    "underlying_price_t": 3948.72
                },
                "put": {
                    "start_date": "2023-02-14",
                    "strike": 4150.0,
                    "maturity": "2023-04-28",
                    "units": -0.00109094463992268,
                    "gamma": 0.001063339688788734,
                    "vega": 737.9106226881026,
                    "tau": 0.2,
                    "delta_t_1": -0.694176358336092,
                    "option_price_t_1": 247.04,
                    "underlying_t_1": 3936.97,
                    "Option_PnL": 0.011782202111164927,
                    "Delta_PnL": 0.008898368733131712,
                    "Total_PnL": 0.0028838333780332147,
                    "delta_t": -0.6847705671247766,
                    "option_price_t": 236.24,
                    "underlying_price_t": 3948.72
                }
            },
            "sv_2023-02-15_2023-04-28": {
                "call": {
                    "start_date": "2023-02-15",
                    "strike": 4150.0,
                    "maturity": "2023-04-28",
                    "units": -0.0010969756764189933,
                    "gamma": 0.0010731639231777491,
                    "vega": 734.35801905153,
                    "tau": 0.19726027397260273,
                    "delta_t_1": 0.3043633694670013,
                    "option_price_t_1": 34.01,
                    "underlying_t_1": 3936.97,
                    "Option_PnL": -0.0010421268925980467,
                    "Delta_PnL": -0.003923080753904177,
                    "Total_PnL": 0.00288095386130613,
                    "delta_t": 0.3138170236640556,
                    "option_price_t": 34.96,
                    "underlying_price_t": 3948.72
                },
                "put": {
                    "start_date": "2023-02-15",
                    "strike": 4150.0,
                    "maturity": "2023-04-28",
                    "units": -0.0010969756764189933,
                    "gamma": 0.0010731639231777491,
                    "vega": 734.35801905153,
                    "tau": 0.19726027397260273,
                    "delta_t_1": -0.6956366305329986,
                    "option_price_t_1": 247.04,
                    "underlying_t_1": 3936.97,
                    "Option_PnL": 0.01184733730532511,
                    "Delta_PnL": 0.008966383444018995,
                    "Total_PnL": 0.0028809538613061153,
                    "delta_t": -0.6861829763359444,
                    "option_price_t": 236.24,
                    "underlying_price_t": 3948.72
                }
            },
            "sv_2023-02-16_2023-04-28": {
                "call": {
                    "start_date": "2023-02-16",
                    "strike": 4150.0,
                    "maturity": "2023-04-28",
                    "units": -0.0011249981990118852,
                    "gamma": 0.0010570206768563157,
                    "vega": 715.2227695366594,
                    "tau": 0.19452054794520549,
                    "delta_t_1": 0.3028771698721877,
                    "option_price_t_1": 34.01,
                    "underlying_t_1": 3936.97,
                    "Option_PnL": -0.0010687482890612942,
                    "Delta_PnL": -0.004003651179879329,
                    "Total_PnL": 0.0029349028908180344,
                    "delta_t": 0.31237930140547254,
                    "option_price_t": 34.96,
                    "underlying_price_t": 3948.72
                },
                "put": {
                    "start_date": "2023-02-16",
                    "strike": 4150.0,
                    "maturity": "2023-04-28",
                    "units": -0.0011249981990118852,
                    "gamma": 0.0010570206768563157,
                    "vega": 715.2227695366594,
                    "tau": 0.19452054794520549,
                    "delta_t_1": -0.6971228301278123,
                    "option_price_t_1": 247.04,
                    "underlying_t_1": 3936.97,
                    "Option_PnL": 0.012149980549328341,
                    "Delta_PnL": 0.009215077658510323,
                    "Total_PnL": 0.002934902890818018,
                    "delta_t": -0.6876206985945275,
                    "option_price_t": 236.24,
                    "underlying_price_t": 3948.72
                }
            },
            "sv_2023-02-17_2023-04-28": {
                "call": {
                    "start_date": "2023-02-17",
                    "strike": 4100.0,
                    "maturity": "2023-04-28",
                    "units": -0.00113219677712454,
                    "gamma": 0.0010973432364154297,
                    "vega": 712.5909212793119,
                    "tau": 0.1917808219178082,
                    "delta_t_1": 0.3482424426419562,
                    "option_price_t_1": 45.75,
                    "underlying_t_1": 3936.97,
                    "Option_PnL": -0.001619041391288092,
                    "Delta_PnL": -0.004632777911802104,
                    "Total_PnL": 0.0030137365205140116,
                    "delta_t": 0.35876566354876266,
                    "option_price_t": 47.18,
                    "underlying_price_t": 3948.72
                },
                "put": {
                    "start_date": "2023-02-17",
                    "strike": 4100.0,
                    "maturity": "2023-04-28",
                    "units": -0.00113219677712454,
                    "gamma": 0.0010973432364154297,
                    "vega": 712.5909212793119,
                    "tau": 0.1917808219178082,
                    "delta_t_1": -0.6517575573580439,
                    "option_price_t_1": 208.78,
                    "underlying_t_1": 3936.97,
                    "Option_PnL": 0.011684270739925246,
                    "Delta_PnL": 0.008670534219411243,
                    "Total_PnL": 0.003013736520514003,
                    "delta_t": -0.6412343364512374,
                    "option_price_t": 198.46,
                    "underlying_price_t": 3948.72
                }
            },
            "sv_2023-02-21_2023-05-19": {
                "call": {
                    "start_date": "2023-02-21",
                    "strike": 4100.0,
                    "maturity": "2023-05-19",
                    "units": -0.0010602629873553851,
                    "gamma": 0.0009793440634234512,
                    "vega": 762.5043557007514,
                    "tau": 0.23835616438356164,
                    "delta_t_1": 0.3670162560021162,
                    "option_price_t_1": 69.37,
                    "underlying_t_1": 3936.97,
                    "Option_PnL": -0.0020144996759752227,
                    "Delta_PnL": -0.004572321585962312,
                    "Total_PnL": 0.0025578219099870896,
                    "delta_t": 0.3765872757478534,
                    "option_price_t": 71.27,
                    "underlying_price_t": 3948.72
                },
                "put": {
                    "start_date": "2023-02-21",
                    "strike": 4100.0,
                    "maturity": "2023-05-19",
                    "units": -0.0010602629873553851,
                    "gamma": 0.0009793440634234512,
                    "vega": 762.5043557007514,
                    "tau": 0.23835616438356164,
                    "delta_t_1": -0.6329837439978838,
                    "option_price_t_1": 232.4,
                    "underlying_t_1": 3936.97,
                    "Option_PnL": 0.010443590425450537,
                    "Delta_PnL": 0.007885768515463463,
                    "Total_PnL": 0.0025578219099870736,
                    "delta_t": -0.6234127242521466,
                    "option_price_t": 222.55,
                    "underlying_price_t": 3948.72
                }
            },
            "sv_2023-02-22_2023-05-19": {
                "call": {
                    "start_date": "2023-02-22",
                    "strike": 4000.0,
                    "maturity": "2023-05-19",
                    "units": -0.0010475623421661356,
                    "gamma": 0.0010065594742075755,
                    "vega": 772.5754275754297,
                    "tau": 0.2356164383561644,
                    "delta_t_1": 0.4591179386140388,
                    "option_price_t_1": 104.74,
                    "underlying_t_1": 3936.97,
                    "Option_PnL": -0.0031950651436067254,
                    "Delta_PnL": -0.005651217291483874,
                    "Total_PnL": 0.002456152147877149,
                    "delta_t": 0.470028431223156,
                    "option_price_t": 107.79,
                    "underlying_price_t": 3948.72
                },
                "put": {
                    "start_date": "2023-02-22",
                    "strike": 4000.0,
                    "maturity": "2023-05-19",
                    "units": -0.0010475623421661356,
                    "gamma": 0.0010065594742075755,
                    "vega": 772.5754275754297,
                    "tau": 0.2356164383561644,
                    "delta_t_1": -0.5408820613859612,
                    "option_price_t_1": 167.77,
                    "underlying_t_1": 3936.97,
                    "Option_PnL": 0.009113792376845398,
                    "Delta_PnL": 0.00665764022896822,
                    "Total_PnL": 0.002456152147877178,
                    "delta_t": -0.529971568776844,
                    "option_price_t": 159.07,
                    "underlying_price_t": 3948.72
                }
            },
            "sv_2023-02-23_2023-05-19": {
                "call": {
                    "start_date": "2023-02-23",
                    "strike": 4000.0,
                    "maturity": "2023-05-19",
                    "units": -0.0010517918802211113,
                    "gamma": 0.0010064802961507503,
                    "vega": 769.9503093370787,
                    "tau": 0.2328767123287671,
                    "delta_t_1": 0.45863993489975974,
                    "option_price_t_1": 104.74,
                    "underlying_t_1": 3936.97,
                    "Option_PnL": -0.0032079652346744016,
                    "Delta_PnL": -0.0056681266738043004,
                    "Total_PnL": 0.002460161439129899,
                    "delta_t": 0.4696152907402775,
                    "option_price_t": 107.79,
                    "underlying_price_t": 3948.72
                },
                "put": {
                    "start_date": "2023-02-23",
                    "strike": 4000.0,
                    "maturity": "2023-05-19",
                    "units": -0.0010517918802211113,
                    "gamma": 0.0010064802961507503,
                    "vega": 769.9503093370787,
                    "tau": 0.2328767123287671,
                    "delta_t_1": -0.5413600651002403,
                    "option_price_t_1": 167.77,
                    "underlying_t_1": 3936.97,
                    "Option_PnL": 0.009150589357923686,
                    "Delta_PnL": 0.006690427918793758,
                    "Total_PnL": 0.0024601614391299284,
                    "delta_t": -0.5303847092597225,
                    "option_price_t": 159.07,
                    "underlying_price_t": 3948.72
                }
            },
            "sv_2023-02-24_2023-05-19": {
                "call": {
                    "start_date": "2023-02-24",
                    "strike": 4000.0,
                    "maturity": "2023-05-19",
                    "units": -0.001067472583658526,
                    "gamma": 0.001030489010413036,
                    "vega": 759.491869590787,
                    "tau": 0.23013698630136986,
                    "delta_t_1": 0.4581549006593861,
                    "option_price_t_1": 104.74,
                    "underlying_t_1": 3936.97,
                    "Option_PnL": -0.0032557913801585167,
                    "Delta_PnL": -0.00574654659739161,
                    "Total_PnL": 0.0024907552172330934,
                    "delta_t": 0.4691962386186253,
                    "option_price_t": 107.79,
                    "underlying_price_t": 3948.72
                },
                "put": {
                    "start_date": "2023-02-24",
                    "strike": 4000.0,
                    "maturity": "2023-05-19",
                    "units": -0.001067472583658526,
                    "gamma": 0.001030489010413036,
                    "vega": 759.491869590787,
                    "tau": 0.23013698630136986,
                    "delta_t_1": -0.5418450993406139,
                    "option_price_t_1": 167.77,
                    "underlying_t_1": 3936.97,
                    "Option_PnL": 0.009287011477829196,
                    "Delta_PnL": 0.00679625626059607,
                    "Total_PnL": 0.0024907552172331255,
                    "delta_t": -0.5308037613813748,
                    "option_price_t": 159.07,
                    "underlying_price_t": 3948.72
                }
            },
            "sv_2023-02-27_2023-05-19": {
                "call": {
                    "start_date": "2023-02-27",
                    "strike": 3950.0,
                    "maturity": "2023-05-19",
                    "units": -0.0010960312954198378,
                    "gamma": 0.001037719198273692,
                    "vega": 741.8298482208786,
                    "tau": 0.2219178082191781,
                    "delta_t_1": 0.5067597024028078,
                    "option_price_t_1": 126.65,
                    "underlying_t_1": 3936.97,
                    "Option_PnL": -0.004088196731915984,
                    "Delta_PnL": -0.0065262377938206705,
                    "Total_PnL": 0.0024380410619046864,
                    "delta_t": 0.5184686502638042,
                    "option_price_t": 130.38,
                    "underlying_price_t": 3948.72
                },
                "put": {
                    "start_date": "2023-02-27",
                    "strike": 3950.0,
                    "maturity": "2023-05-19",
                    "units": -0.0010960312954198378,
                    "gamma": 0.001037719198273692,
                    "vega": 741.8298482208786,
                    "tau": 0.2219178082191781,
                    "delta_t_1": -0.49324029759719223,
                    "option_price_t_1": 139.68,
                    "underlying_t_1": 3936.97,
                    "Option_PnL": 0.00879017098926711,
                    "Delta_PnL": 0.006352129927362424,
                    "Total_PnL": 0.0024380410619046873,
                    "delta_t": -0.4815313497361958,
                    "option_price_t": 131.66,
                    "underlying_price_t": 3948.72
                }
            },
            "sv_2023-02-28_2023-05-19": {
                "call": {
                    "start_date": "2023-02-28",
                    "strike": 4000.0,
                    "maturity": "2023-05-19",
                    "units": -0.0010983833287256301,
                    "gamma": 0.0010572893230760038,
                    "vega": 741.1430723937467,
                    "tau": 0.2191780821917808,
                    "delta_t_1": 0.45614031187596266,
                    "option_price_t_1": 104.74,
                    "underlying_t_1": 3936.97,
                    "Option_PnL": -0.0033500691526131845,
                    "Delta_PnL": -0.0058869487409601365,
                    "Total_PnL": 0.002536879588346952,
                    "delta_t": 0.467457444585164,
                    "option_price_t": 107.79,
                    "underlying_price_t": 3948.72
                },
                "put": {
                    "start_date": "2023-02-28",
                    "strike": 4000.0,
                    "maturity": "2023-05-19",
                    "units": -0.0010983833287256301,
                    "gamma": 0.0010572893230760038,
                    "vega": 741.1430723937467,
                    "tau": 0.2191780821917808,
                    "delta_t_1": -0.5438596881240374,
                    "option_price_t_1": 167.77,
                    "underlying_t_1": 3936.97,
                    "Option_PnL": 0.009555934959913,
                    "Delta_PnL": 0.007019055371566018,
                    "Total_PnL": 0.002536879588346982,
                    "delta_t": -0.532542555414836,
                    "option_price_t": 159.07,
                    "underlying_price_t": 3948.72
                }
            },
            "sv_2023-03-01_2023-05-19": {
                "call": {
                    "start_date": "2023-03-01",
                    "strike": 3950.0,
                    "maturity": "2023-05-19",
                    "units": -0.001112407388283498,
                    "gamma": 0.0010658024312962362,
                    "vega": 732.4226901433753,
                    "tau": 0.21643835616438356,
                    "delta_t_1": 0.5063461561366265,
                    "option_price_t_1": 126.65,
                    "underlying_t_1": 3936.97,
                    "Option_PnL": -0.004149279558297436,
                    "Delta_PnL": -0.006618342660105162,
                    "Total_PnL": 0.002469063101807726,
                    "delta_t": 0.5182068105226725,
                    "option_price_t": 130.38,
                    "underlying_price_t": 3948.72
                },
                "put": {
                    "start_date": "2023-03-01",
                    "strike": 3950.0,
                    "maturity": "2023-05-19",
                    "units": -0.001112407388283498,
                    "gamma": 0.0010658024312962362,
                    "vega": 732.4226901433753,
                    "tau": 0.21643835616438356,
                    "delta_t_1": -0.4936538438633735,
                    "option_price_t_1": 139.68,
                    "underlying_t_1": 3936.97,
                    "Option_PnL": 0.008921507254033664,
                    "Delta_PnL": 0.006452444152225939,
                    "Total_PnL": 0.002469063101807725,
                    "delta_t": -0.4817931894773275,
                    "option_price_t": 131.66,
                    "underlying_price_t": 3948.72
                }
            },
            "sv_2023-03-02_2023-05-19": {
                "call": {
                    "start_date": "2023-03-02",
                    "strike": 3950.0,
                    "maturity": "2023-05-19",
                    "units": -0.0011223984078945395,
                    "gamma": 0.0010842666925161366,
                    "vega": 727.8671389119224,
                    "tau": 0.2136986301369863,
                    "delta_t_1": 0.5061358228168105,
                    "option_price_t_1": 126.65,
                    "underlying_t_1": 3936.97,
                    "Option_PnL": -0.0041865460614466206,
                    "Delta_PnL": -0.006675010990068774,
                    "Total_PnL": 0.0024884649286221533,
                    "delta_t": 0.5180744871143876,
                    "option_price_t": 130.38,
                    "underlying_price_t": 3948.72
                },
                "put": {
                    "start_date": "2023-03-02",
                    "strike": 3950.0,
                    "maturity": "2023-05-19",
                    "units": -0.0011223984078945395,
                    "gamma": 0.0010842666925161366,
                    "vega": 727.8671389119224,
                    "tau": 0.2136986301369863,
                    "delta_t_1": -0.49386417718318953,
                    "option_price_t_1": 139.68,
                    "underlying_t_1": 3936.97,
                    "Option_PnL": 0.009001635231314219,
                    "Delta_PnL": 0.0065131703026920645,
                    "Total_PnL": 0.002488464928622154,
                    "delta_t": -0.48192551288561236,
                    "option_price_t": 131.66,
                    "underlying_price_t": 3948.72
                }
            },
            "sv_2023-03-03_2023-05-19": {
                "call": {
                    "start_date": "2023-03-03",
                    "strike": 4000.0,
                    "maturity": "2023-05-19",
                    "units": -0.001113030982510086,
                    "gamma": 0.001045472494606767,
                    "vega": 730.8544955364597,
                    "tau": 0.21095890410958903,
                    "delta_t_1": 0.4545448179228326,
                    "option_price_t_1": 104.74,
                    "underlying_t_1": 3936.97,
                    "Option_PnL": -0.003394744496655775,
                    "Delta_PnL": -0.005944588967128342,
                    "Total_PnL": 0.0025498444704725666,
                    "delta_t": 0.4660822985305133,
                    "option_price_t": 107.79,
                    "underlying_price_t": 3948.72
                },
                "put": {
                    "start_date": "2023-03-03",
                    "strike": 4000.0,
                    "maturity": "2023-05-19",
                    "units": -0.001113030982510086,
                    "gamma": 0.001045472494606767,
                    "vega": 730.8544955364597,
                    "tau": 0.21095890410958903,
                    "delta_t_1": -0.5454551820771674,
                    "option_price_t_1": 167.77,
                    "underlying_t_1": 3936.97,
                    "Option_PnL": 0.009683369547837767,
                    "Delta_PnL": 0.007133525077365167,
                    "Total_PnL": 0.0025498444704726,
                    "delta_t": -0.5339177014694867,
                    "option_price_t": 159.07,
                    "underlying_price_t": 3948.72
                }
            },
            "sv_2023-03-06_2023-05-19": {
                "call": {
                    "start_date": "2023-03-06",
                    "strike": 4050.0,
                    "maturity": "2023-05-19",
                    "units": -0.0011273465019764576,
                    "gamma": 0.0011287204799282293,
                    "vega": 726.6617397020293,
                    "tau": 0.20273972602739726,
                    "delta_t_1": 0.40191077106040674,
                    "option_price_t_1": 85.7,
                    "underlying_t_1": 3936.97,
                    "Option_PnL": -0.002750725464822554,
                    "Delta_PnL": -0.005323839246873922,
                    "Total_PnL": 0.002573113782051368,
                    "delta_t": 0.41300471708157666,
                    "option_price_t": 88.14,
                    "underlying_price_t": 3948.72
                },
                "put": {
                    "start_date": "2023-03-06",
                    "strike": 4050.0,
                    "maturity": "2023-05-19",
                    "units": -0.0011273465019764576,
                    "gamma": 0.0011287204799282293,
                    "vega": 726.6617397020293,
                    "tau": 0.20273972602739726,
                    "delta_t_1": -0.5980892289395933,
                    "option_price_t_1": 198.73,
                    "underlying_t_1": 3936.97,
                    "Option_PnL": 0.010495595933400822,
                    "Delta_PnL": 0.007922482151349454,
                    "Total_PnL": 0.0025731137820513682,
                    "delta_t": -0.5869952829184233,
                    "option_price_t": 189.42,
                    "underlying_price_t": 3948.72
                }
            },
            "sv_2023-03-07_2023-05-19": {
                "call": {
                    "start_date": "2023-03-07",
                    "strike": 4050.0,
                    "maturity": "2023-05-19",
                    "units": -0.001162423058152961,
                    "gamma": 0.001126696743049381,
                    "vega": 704.6768803899713,
                    "tau": 0.2,
                    "delta_t_1": 0.40100365355499934,
                    "option_price_t_1": 85.7,
                    "underlying_t_1": 3936.97,
                    "Option_PnL": -0.0028363122618932225,
                    "Delta_PnL": -0.005477096746226976,
                    "Total_PnL": 0.0026407844843337534,
                    "delta_t": 0.41216950687794085,
                    "option_price_t": 88.14,
                    "underlying_price_t": 3948.72
                },
                "put": {
                    "start_date": "2023-03-07",
                    "strike": 4050.0,
                    "maturity": "2023-05-19",
                    "units": -0.001162423058152961,
                    "gamma": 0.001126696743049381,
                    "vega": 704.6768803899713,
                    "tau": 0.2,
                    "delta_t_1": -0.5989963464450007,
                    "option_price_t_1": 198.73,
                    "underlying_t_1": 3936.97,
                    "Option_PnL": 0.01082215867140407,
                    "Delta_PnL": 0.008181374187070316,
                    "Total_PnL": 0.002640784484333754,
                    "delta_t": -0.5878304931220592,
                    "option_price_t": 189.42,
                    "underlying_price_t": 3948.72
                }
            },
            "sv_2023-03-08_2023-05-19": {
                "call": {
                    "start_date": "2023-03-08",
                    "strike": 4000.0,
                    "maturity": "2023-05-19",
                    "units": -0.001159653232316576,
                    "gamma": 0.0011427522680107452,
                    "vega": 707.175376111955,
                    "tau": 0.19726027397260273,
                    "delta_t_1": 0.4517036219417702,
                    "option_price_t_1": 104.74,
                    "underlying_t_1": 3936.97,
                    "Option_PnL": -0.00353694235856557,
                    "Delta_PnL": -0.006154879891498072,
                    "Total_PnL": 0.002617937532932502,
                    "delta_t": 0.4636374974733282,
                    "option_price_t": 107.79,
                    "underlying_price_t": 3948.72
                },
                "put": {
                    "start_date": "2023-03-08",
                    "strike": 4000.0,
                    "maturity": "2023-05-19",
                    "units": -0.001159653232316576,
                    "gamma": 0.0011427522680107452,
                    "vega": 707.175376111955,
                    "tau": 0.19726027397260273,
                    "delta_t_1": -0.5482963780582297,
                    "option_price_t_1": 167.77,
                    "underlying_t_1": 3936.97,
                    "Option_PnL": 0.01008898312115423,
                    "Delta_PnL": 0.007471045588221695,
                    "Total_PnL": 0.0026179375329325348,
                    "delta_t": -0.5363625025266718,
                    "option_price_t": 159.07,
                    "underlying_price_t": 3948.72
                }
            },
            "sv_2023-03-09_2023-05-19": {
                "call": {
                    "start_date": "2023-03-09",
                    "strike": 4000.0,
                    "maturity": "2023-05-19",
                    "units": -0.001203449400592747,
                    "gamma": 0.0011038316539982687,
                    "vega": 678.1030389722147,
                    "tau": 0.19452054794520549,
                    "delta_t_1": 0.45110535116386524,
                    "option_price_t_1": 104.74,
                    "underlying_t_1": 3936.97,
                    "Option_PnL": -0.003670520671807892,
                    "Delta_PnL": -0.006378868957432428,
                    "Total_PnL": 0.002708348285624536,
                    "delta_t": 0.46312332355494196,
                    "option_price_t": 107.79,
                    "underlying_price_t": 3948.72
                },
                "put": {
                    "start_date": "2023-03-09",
                    "strike": 4000.0,
                    "maturity": "2023-05-19",
                    "units": -0.001203449400592747,
                    "gamma": 0.0011038316539982687,
                    "vega": 678.1030389722147,
                    "tau": 0.19452054794520549,
                    "delta_t_1": -0.5488946488361348,
                    "option_price_t_1": 167.77,
                    "underlying_t_1": 3936.97,
                    "Option_PnL": 0.01047000978515692,
                    "Delta_PnL": 0.00776166149953235,
                    "Total_PnL": 0.0027083482856245693,
                    "delta_t": -0.5368766764450581,
                    "option_price_t": 159.07,
                    "underlying_price_t": 3948.72
                }
            },
            "sv_2023-03-10_2023-05-19": {
                "call": {
                    "start_date": "2023-03-10",
                    "strike": 3900.0,
                    "maturity": "2023-05-19",
                    "units": -0.0012093045700568247,
                    "gamma": 0.001140282094708455,
                    "vega": 673.2588517643939,
                    "tau": 0.1917808219178082,
                    "delta_t_1": 0.5588211186605366,
                    "option_price_t_1": 151.53,
                    "underlying_t_1": 3936.97,
                    "Option_PnL": -0.005405591428154005,
                    "Delta_PnL": -0.007940472958525336,
                    "Total_PnL": 0.002534881530371331,
                    "delta_t": 0.5717265576874974,
                    "option_price_t": 156.0,
                    "underlying_price_t": 3948.72
                },
                "put": {
                    "start_date": "2023-03-10",
                    "strike": 3900.0,
                    "maturity": "2023-05-19",
                    "units": -0.0012093045700568247,
                    "gamma": 0.001140282094708455,
                    "vega": 673.2588517643939,
                    "tau": 0.1917808219178082,
                    "delta_t_1": -0.44117888133946337,
                    "option_price_t_1": 114.56,
                    "underlying_t_1": 3936.97,
                    "Option_PnL": 0.008803737270013686,
                    "Delta_PnL": 0.0062688557396423554,
                    "Total_PnL": 0.0025348815303713303,
                    "delta_t": -0.42827344231250264,
                    "option_price_t": 107.28,
                    "underlying_price_t": 3948.72
                }
            },
            "sv_2023-03-13_2023-05-19": {
                "call": {
                    "start_date": "2023-03-13",
                    "strike": 3850.0,
                    "maturity": "2023-05-19",
                    "units": -0.001242967788441457,
                    "gamma": 0.0011701729135428266,
                    "vega": 657.811178086514,
                    "tau": 0.18356164383561643,
                    "delta_t_1": 0.6145205003461977,
                    "option_price_t_1": 179.41,
                    "underlying_t_1": 3936.97,
                    "Option_PnL": -0.0065255808893176495,
                    "Delta_PnL": -0.008974992950390198,
                    "Total_PnL": 0.0024494120610725487,
                    "delta_t": 0.6277257315627432,
                    "option_price_t": 184.66,
                    "underlying_price_t": 3948.72
                },
                "put": {
                    "start_date": "2023-03-13",
                    "strike": 3850.0,
                    "maturity": "2023-05-19",
                    "units": -0.001242967788441457,
                    "gamma": 0.0011701729135428266,
                    "vega": 657.811178086514,
                    "tau": 0.18356164383561643,
                    "delta_t_1": -0.38547949965380235,
                    "option_price_t_1": 92.44,
                    "underlying_t_1": 3936.97,
                    "Option_PnL": 0.008079290624869472,
                    "Delta_PnL": 0.005629878563796922,
                    "Total_PnL": 0.0024494120610725496,
                    "delta_t": -0.37227426843725675,
                    "option_price_t": 85.94,
                    "underlying_price_t": 3948.72
                }
            },
            "sv_2023-03-14_2023-05-19": {
                "call": {
                    "start_date": "2023-03-14",
                    "strike": 3850.0,
                    "maturity": "2023-05-19",
                    "units": -0.0012674134114874812,
                    "gamma": 0.001103868621130672,
                    "vega": 645.3729143752997,
                    "tau": 0.18082191780821918,
                    "delta_t_1": 0.6150990955607831,
                    "option_price_t_1": 179.41,
                    "underlying_t_1": 3936.97,
                    "Option_PnL": -0.006653920410309277,
                    "Delta_PnL": -0.009160121906513788,
                    "Total_PnL": 0.002506201496204511,
                    "delta_t": 0.628399351455701,
                    "option_price_t": 184.66,
                    "underlying_price_t": 3948.72
                },
                "put": {
                    "start_date": "2023-03-14",
                    "strike": 3850.0,
                    "maturity": "2023-05-19",
                    "units": -0.0012674134114874812,
                    "gamma": 0.001103868621130672,
                    "vega": 645.3729143752997,
                    "tau": 0.18082191780821918,
                    "delta_t_1": -0.3849009044392169,
                    "option_price_t_1": 92.44,
                    "underlying_t_1": 3936.97,
                    "Option_PnL": 0.008238187174668628,
                    "Delta_PnL": 0.0057319856784641176,
                    "Total_PnL": 0.00250620149620451,
                    "delta_t": -0.371600648544299,
                    "option_price_t": 85.94,
                    "underlying_price_t": 3948.72
                }
            },
            "sv_2023-03-15_2023-05-19": {
                "call": {
                    "start_date": "2023-03-15",
                    "strike": 3900.0,
                    "maturity": "2023-05-19",
                    "units": -0.0012524205026246279,
                    "gamma": 0.001184898657671764,
                    "vega": 655.0952660554306,
                    "tau": 0.1780821917808219,
                    "delta_t_1": 0.5596659297586626,
                    "option_price_t_1": 151.53,
                    "underlying_t_1": 3936.97,
                    "Option_PnL": -0.0055983196467320855,
                    "Delta_PnL": -0.00823601074934013,
                    "Total_PnL": 0.0026376911026080446,
                    "delta_t": 0.5730635260025706,
                    "option_price_t": 156.0,
                    "underlying_price_t": 3948.72
                },
                "put": {
                    "start_date": "2023-03-15",
                    "strike": 3900.0,
                    "maturity": "2023-05-19",
                    "units": -0.0012524205026246279,
                    "gamma": 0.001184898657671764,
                    "vega": 655.0952660554306,
                    "tau": 0.1780821917808219,
                    "delta_t_1": -0.4403340702413374,
                    "option_price_t_1": 114.56,
                    "underlying_t_1": 3936.97,
                    "Option_PnL": 0.009117621259107292,
                    "Delta_PnL": 0.006479930156499247,
                    "Total_PnL": 0.0026376911026080455,
                    "delta_t": -0.4269364739974294,
                    "option_price_t": 107.28,
                    "underlying_price_t": 3948.72
                }
            },
            "sv_2023-03-16_2023-05-19": {
                "call": {
                    "start_date": "2023-03-16",
                    "strike": 3900.0,
                    "maturity": "2023-05-19",
                    "units": -0.001266936764397476,
                    "gamma": 0.0011158341941000362,
                    "vega": 646.0314377949514,
                    "tau": 0.17534246575342466,
                    "delta_t_1": 0.5598528834753423,
                    "option_price_t_1": 151.53,
                    "underlying_t_1": 3936.97,
                    "Option_PnL": -0.005663207336856717,
                    "Delta_PnL": -0.008334253858563958,
                    "Total_PnL": 0.0026710465217072406,
                    "delta_t": 0.5733556108004347,
                    "option_price_t": 156.0,
                    "underlying_price_t": 3948.72
                },
                "put": {
                    "start_date": "2023-03-16",
                    "strike": 3900.0,
                    "maturity": "2023-05-19",
                    "units": -0.001266936764397476,
                    "gamma": 0.0011158341941000362,
                    "vega": 646.0314377949514,
                    "tau": 0.17534246575342466,
                    "delta_t_1": -0.44014711652465766,
                    "option_price_t_1": 114.56,
                    "underlying_t_1": 3936.97,
                    "Option_PnL": 0.009223299644813627,
                    "Delta_PnL": 0.006552253123106386,
                    "Total_PnL": 0.0026710465217072406,
                    "delta_t": -0.42664438919956527,
                    "option_price_t": 107.28,
                    "underlying_price_t": 3948.72
                }
            },
            "sv_2023-03-17_2023-05-19": {
                "call": {
                    "start_date": "2023-03-17",
                    "strike": 3950.0,
                    "maturity": "2023-05-19",
                    "units": -0.001263101453492699,
                    "gamma": 0.0011888765858914284,
                    "vega": 648.1227646430003,
                    "tau": 0.1726027397260274,
                    "delta_t_1": 0.5026397317171846,
                    "option_price_t_1": 126.65,
                    "underlying_t_1": 3936.97,
                    "Option_PnL": -0.004711368421527755,
                    "Delta_PnL": -0.0074598984646530855,
                    "Total_PnL": 0.0027485300431253305,
                    "delta_t": 0.5159608133601871,
                    "option_price_t": 130.38,
                    "underlying_price_t": 3948.72
                },
                "put": {
                    "start_date": "2023-03-17",
                    "strike": 3950.0,
                    "maturity": "2023-05-19",
                    "units": -0.001263101453492699,
                    "gamma": 0.0011888765858914284,
                    "vega": 648.1227646430003,
                    "tau": 0.1726027397260274,
                    "delta_t_1": -0.49736026828281543,
                    "option_price_t_1": 139.68,
                    "underlying_t_1": 3936.97,
                    "Option_PnL": 0.010130073657011459,
                    "Delta_PnL": 0.007381543613886129,
                    "Total_PnL": 0.0027485300431253296,
                    "delta_t": -0.48403918663981294,
                    "option_price_t": 131.66,
                    "underlying_price_t": 3948.72
                }
            },
            "sv_2023-03-20_2023-06-16": {
                "call": {
                    "start_date": "2023-03-20",
                    "strike": 3900.0,
                    "maturity": "2023-06-16",
                    "units": -0.0010777792477548146,
                    "gamma": 0.0009773923533955842,
                    "vega": 761.6115961030035,
                    "tau": 0.2410958904109589,
                    "delta_t_1": 0.5567127518698408,
                    "option_price_t_1": 180.14,
                    "underlying_t_1": 3936.97,
                    "Option_PnL": -0.004699117520211006,
                    "Delta_PnL": -0.007050158048378029,
                    "Total_PnL": 0.0023510405281670227,
                    "delta_t": 0.5682015620696704,
                    "option_price_t": 184.5,
                    "underlying_price_t": 3948.72
                },
                "put": {
                    "start_date": "2023-03-20",
                    "strike": 3900.0,
                    "maturity": "2023-06-16",
                    "units": -0.0010777792477548146,
                    "gamma": 0.0009773923533955842,
                    "vega": 761.6115961030035,
                    "tau": 0.2410958904109589,
                    "delta_t_1": -0.4432872481301592,
                    "option_price_t_1": 143.17,
                    "underlying_t_1": 3936.97,
                    "Option_PnL": 0.007964788640908065,
                    "Delta_PnL": 0.005613748112741041,
                    "Total_PnL": 0.0023510405281670236,
                    "delta_t": -0.43179843793032957,
                    "option_price_t": 135.78,
                    "underlying_price_t": 3948.72
                }
            },
            "sv_2023-03-21_2023-06-16": {
                "call": {
                    "start_date": "2023-03-21",
                    "strike": 3950.0,
                    "maturity": "2023-06-16",
                    "units": -0.0010689044673254002,
                    "gamma": 0.0009497855738619657,
                    "vega": 767.0563091766749,
                    "tau": 0.23835616438356164,
                    "delta_t_1": 0.5079477076416979,
                    "option_price_t_1": 155.58,
                    "underlying_t_1": 3936.97,
                    "Option_PnL": -0.004008391752470251,
                    "Delta_PnL": -0.00637963399292441,
                    "Total_PnL": 0.002371242240454159,
                    "delta_t": 0.5192330407802157,
                    "option_price_t": 159.33,
                    "underlying_price_t": 3948.72
                },
                "put": {
                    "start_date": "2023-03-21",
                    "strike": 3950.0,
                    "maturity": "2023-06-16",
                    "units": -0.0010689044673254002,
                    "gamma": 0.0009497855738619657,
                    "vega": 767.0563091766749,
                    "tau": 0.23835616438356164,
                    "delta_t_1": -0.49205229235830206,
                    "option_price_t_1": 168.61,
                    "underlying_t_1": 3936.97,
                    "Option_PnL": 0.008551235738603202,
                    "Delta_PnL": 0.006179993498149043,
                    "Total_PnL": 0.002371242240454159,
                    "delta_t": -0.4807669592197843,
                    "option_price_t": 160.61,
                    "underlying_price_t": 3948.72
                }
            },
            "sv_2023-03-22_2023-06-16": {
                "call": {
                    "start_date": "2023-03-22",
                    "strike": 4000.0,
                    "maturity": "2023-06-16",
                    "units": -0.0010782542096399155,
                    "gamma": 0.0009784130190006633,
                    "vega": 758.3795352773161,
                    "tau": 0.2356164383561644,
                    "delta_t_1": 0.4591179386140388,
                    "option_price_t_1": 133.45,
                    "underlying_t_1": 4002.87,
                    "delta_t": 0.470028431223156,
                    "option_price_t": 136.64,
                    "underlying_price_t": 3948.72,
                    "Option_PnL": -0.003439630928751328,
                    "Delta_PnL": 0.02680673277922135,
                    "Total_PnL": -0.03024636370797268
                },
                "put": {
                    "start_date": "2023-03-22",
                    "strike": 4000.0,
                    "maturity": "2023-06-16",
                    "units": -0.0010782542096399155,
                    "gamma": 0.0009784130190006633,
                    "vega": 758.3795352773161,
                    "tau": 0.2356164383561644,
                    "delta_t_1": -0.5408820613859612,
                    "option_price_t_1": 196.48,
                    "underlying_t_1": 4002.87,
                    "delta_t": -0.529971568776844,
                    "option_price_t": 187.92,
                    "underlying_price_t": 3948.72,
                    "Option_PnL": 0.009229856034517678,
                    "Delta_PnL": -0.03158073267278018,
                    "Total_PnL": 0.040810588707297854
                }
            },
            "sv_2023-03-23_2023-06-16": {
                "call": {
                    "start_date": "2023-03-23",
                    "strike": 3950.0,
                    "maturity": "2023-06-16",
                    "units": -0.001079294758347358,
                    "delta_t": 0.5189816262844766,
                    "gamma": 0.0009934954671887838,
                    "vega": 759.3420961720451,
                    "tau": 0.2328767123287671,
                    "option_price_t": 159.33,
                    "underlying_price_t": 3936.97
                },
                "put": {
                    "start_date": "2023-03-23",
                    "strike": 3950.0,
                    "maturity": "2023-06-16",
                    "units": -0.001079294758347358,
                    "delta_t": -0.48101837371552336,
                    "gamma": 0.0009934954671887838,
                    "vega": 759.3420961720451,
                    "tau": 0.2328767123287671,
                    "option_price_t": 160.61,
                    "underlying_price_t": 3936.97
                }
            }
        }
    }
}