{
    "spx_strategy": {
        "date": "2023-10-09",
        "index_levels": 113.82531414580097,
        "result": {
            "sv_2023-07-24_2023-10-20": {
                "call": {
                    "start_date": "2023-07-24",
                    "strike": 4550.0,
                    "maturity": "2023-10-20",
                    "units": -0.0009802907453467682,
                    "gamma": 0.0013332588358252338,
                    "vega": 891.1515137092537,
                    "tau": 0.2410958904109589,
                    "delta_t_1": 0.2600522140546865,
                    "option_price_t_1": 2.5,
                    "underlying_t_1": 4308.5,
                    "Option_PnL": 0.00026467850124362746,
                    "Delta_PnL": -0.006923811310707262,
                    "Total_PnL": 0.0071884898119508895,
                    "delta_t": 0.28593927219772497,
                    "option_price_t": 2.23,
                    "underlying_price_t": 4335.66
                },
                "put": {
                    "start_date": "2023-07-24",
                    "strike": 4550.0,
                    "maturity": "2023-10-20",
                    "units": -0.0009802907453467682,
                    "gamma": 0.0013332588358252338,
                    "vega": 891.1515137092537,
                    "tau": 0.2410958904109589,
                    "delta_t_1": -0.7399477859453135,
                    "option_price_t_1": 244.0,
                    "underlying_t_1": 4308.5,
                    "Option_PnL": 0.02688937514486186,
                    "Delta_PnL": 0.01970088533291082,
                    "Total_PnL": 0.00718848981195104,
                    "delta_t": -0.714060727802275,
                    "option_price_t": 216.57,
                    "underlying_price_t": 4335.66
                }
            },
            "sv_2023-07-25_2023-10-20": {
                "call": {
                    "start_date": "2023-07-25",
                    "strike": 4550.0,
                    "maturity": "2023-10-20",
                    "units": -0.000985871548214657,
                    "gamma": 0.001333148824814659,
                    "vega": 885.9046086233391,
                    "tau": 0.23835616438356164,
                    "delta_t_1": 0.2587103061591163,
                    "option_price_t_1": 2.5,
                    "underlying_t_1": 4308.5,
                    "Option_PnL": 0.0002661853180179574,
                    "Delta_PnL": -0.00692729733276026,
                    "Total_PnL": 0.007193482650778217,
                    "delta_t": 0.28468411696371176,
                    "option_price_t": 2.23,
                    "underlying_price_t": 4335.66
                },
                "put": {
                    "start_date": "2023-07-25",
                    "strike": 4550.0,
                    "maturity": "2023-10-20",
                    "units": -0.000985871548214657,
                    "gamma": 0.001333148824814659,
                    "vega": 885.9046086233391,
                    "tau": 0.23835616438356164,
                    "delta_t_1": -0.7412896938408837,
                    "option_price_t_1": 244.0,
                    "underlying_t_1": 4308.5,
                    "Option_PnL": 0.02704245656752805,
                    "Delta_PnL": 0.019848973916749682,
                    "Total_PnL": 0.007193482650778366,
                    "delta_t": -0.7153158830362882,
                    "option_price_t": 216.57,
                    "underlying_price_t": 4335.66
                }
            },
            "sv_2023-07-26_2023-10-20": {
                "call": {
                    "start_date": "2023-07-26",
                    "strike": 4550.0,
                    "maturity": "2023-10-20",
                    "units": -0.0009928353260769648,
                    "gamma": 0.001365754983284074,
                    "vega": 880.804313253716,
                    "tau": 0.2356164383561644,
                    "delta_t_1": 0.25734960136788176,
                    "option_price_t_1": 2.5,
                    "underlying_t_1": 4308.5,
                    "Option_PnL": 0.0002680655380407805,
                    "Delta_PnL": -0.006939536859588501,
                    "Total_PnL": 0.0072076023976292815,
                    "delta_t": 0.28341073242571796,
                    "option_price_t": 2.23,
                    "underlying_price_t": 4335.66
                },
                "put": {
                    "start_date": "2023-07-26",
                    "strike": 4550.0,
                    "maturity": "2023-10-20",
                    "units": -0.0009928353260769648,
                    "gamma": 0.001365754983284074,
                    "vega": 880.804313253716,
                    "tau": 0.2356164383561644,
                    "delta_t_1": -0.7426503986321182,
                    "option_price_t_1": 244.0,
                    "underlying_t_1": 4308.5,
                    "Option_PnL": 0.02723347299429115,
                    "Delta_PnL": 0.020025870596661718,
                    "Total_PnL": 0.007207602397629433,
                    "delta_t": -0.716589267574282,
                    "option_price_t": 216.57,
                    "underlying_price_t": 4335.66
                }
            },
            "sv_2023-07-27_2023-10-20": {
                "call": {
                    "start_date": "2023-07-27",
                    "strike": 4550.0,
                    "maturity": "2023-10-20",
                    "units": -0.0010021190624991312,
                    "gamma": 0.0013716222008634512,
                    "vega": 873.4820344183698,
                    "tau": 0.2328767123287671,
                    "delta_t_1": 0.2559696478303096,
                    "option_price_t_1": 2.5,
                    "underlying_t_1": 4308.5,
                    "Option_PnL": 0.00027057214687476545,
                    "Delta_PnL": -0.0069668676449843245,
                    "Total_PnL": 0.00723743979185909,
                    "delta_t": 0.28211865977157174,
                    "option_price_t": 2.23,
                    "underlying_price_t": 4335.66
                },
                "put": {
                    "start_date": "2023-07-27",
                    "strike": 4550.0,
                    "maturity": "2023-10-20",
                    "units": -0.0010021190624991312,
                    "gamma": 0.0013716222008634512,
                    "vega": 873.4820344183698,
                    "tau": 0.2328767123287671,
                    "delta_t_1": -0.7440303521696904,
                    "option_price_t_1": 244.0,
                    "underlying_t_1": 4308.5,
                    "Option_PnL": 0.027488125884351174,
                    "Delta_PnL": 0.02025068609249193,
                    "Total_PnL": 0.007237439791859243,
                    "delta_t": -0.7178813402284283,
                    "option_price_t": 216.57,
                    "underlying_price_t": 4335.66
                }
            },
            "sv_2023-07-28_2023-10-20": {
                "call": {
                    "start_date": "2023-07-28",
                    "strike": 4550.0,
                    "maturity": "2023-10-20",
                    "units": -0.0010040962454248563,
                    "gamma": 0.0013206241245735685,
                    "vega": 868.3143653035694,
                    "tau": 0.23013698630136986,
                    "delta_t_1": 0.25456997855634433,
                    "option_price_t_1": 2.5,
                    "underlying_t_1": 4308.5,
                    "Option_PnL": 0.00027110598626471123,
                    "Delta_PnL": -0.006942442552536984,
                    "Total_PnL": 0.007213548538801695,
                    "delta_t": 0.2808074239329862,
                    "option_price_t": 2.23,
                    "underlying_price_t": 4335.66
                },
                "put": {
                    "start_date": "2023-07-28",
                    "strike": 4550.0,
                    "maturity": "2023-10-20",
                    "units": -0.0010040962454248563,
                    "gamma": 0.0013206241245735685,
                    "vega": 868.3143653035694,
                    "tau": 0.23013698630136986,
                    "delta_t_1": -0.7454300214436557,
                    "option_price_t_1": 244.0,
                    "underlying_t_1": 4308.5,
                    "Option_PnL": 0.027542360012003816,
                    "Delta_PnL": 0.020328811473201966,
                    "Total_PnL": 0.0072135485388018505,
                    "delta_t": -0.7191925760670138,
                    "option_price_t": 216.57,
                    "underlying_price_t": 4335.66
                }
            },
            "sv_2023-07-31_2023-10-20": {
                "call": {
                    "start_date": "2023-07-31",
                    "strike": 4600.0,
                    "maturity": "2023-10-20",
                    "units": -0.0010138177445505527,
                    "gamma": 0.0014116817163590274,
                    "vega": 862.393963467008,
                    "tau": 0.2219178082191781,
                    "delta_t_1": 0.20713746790654547,
                    "option_price_t_1": 1.04,
                    "underlying_t_1": 4308.5,
                    "Option_PnL": 0.0002230399038011217,
                    "Delta_PnL": -0.005703590236656971,
                    "Total_PnL": 0.005926630140458093,
                    "delta_t": 0.23105526265403242,
                    "option_price_t": 0.82,
                    "underlying_price_t": 4335.66
                },
                "put": {
                    "start_date": "2023-07-31",
                    "strike": 4600.0,
                    "maturity": "2023-10-20",
                    "units": -0.0010138177445505527,
                    "gamma": 0.0014116817163590274,
                    "vega": 862.393963467008,
                    "tau": 0.2219178082191781,
                    "delta_t_1": -0.7928625320934546,
                    "option_price_t_1": 292.54,
                    "underlying_t_1": 4308.5,
                    "Option_PnL": 0.027758329845794127,
                    "Delta_PnL": 0.021831699705335893,
                    "Total_PnL": 0.005926630140458234,
                    "delta_t": -0.7689447373459676,
                    "option_price_t": 265.16,
                    "underlying_price_t": 4335.66
                }
            },
            "sv_2023-08-01_2023-10-20": {
                "call": {
                    "start_date": "2023-08-01",
                    "strike": 4600.0,
                    "maturity": "2023-10-20",
                    "units": -0.0010254841623172457,
                    "gamma": 0.0014270022903864299,
                    "vega": 853.6153273520604,
                    "tau": 0.2191780821917808,
                    "delta_t_1": 0.20555091583512725,
                    "option_price_t_1": 1.04,
                    "underlying_t_1": 4308.5,
                    "Option_PnL": 0.00022560651570979414,
                    "Delta_PnL": -0.0057250349093438254,
                    "Total_PnL": 0.0059506414250536195,
                    "delta_t": 0.22951864887658996,
                    "option_price_t": 0.82,
                    "underlying_price_t": 4335.66
                },
                "put": {
                    "start_date": "2023-08-01",
                    "strike": 4600.0,
                    "maturity": "2023-10-20",
                    "units": -0.0010254841623172457,
                    "gamma": 0.0014270022903864299,
                    "vega": 853.6153273520604,
                    "tau": 0.2191780821917808,
                    "delta_t_1": -0.7944490841648728,
                    "option_price_t_1": 292.54,
                    "underlying_t_1": 4308.5,
                    "Option_PnL": 0.028077756364246184,
                    "Delta_PnL": 0.02212711493919242,
                    "Total_PnL": 0.005950641425053763,
                    "delta_t": -0.7704813511234101,
                    "option_price_t": 265.16,
                    "underlying_price_t": 4335.66
                }
            },
            "sv_2023-08-02_2023-10-20": {
                "call": {
                    "start_date": "2023-08-02",
                    "strike": 4600.0,
                    "maturity": "2023-10-20",
                    "units": -0.0010798075336946298,
                    "gamma": 0.0013201027814901676,
                    "vega": 809.5499044436235,
                    "tau": 0.21643835616438356,
                    "delta_t_1": 0.20394262821299147,
                    "option_price_t_1": 1.04,
                    "underlying_t_1": 4308.5,
                    "Option_PnL": 0.00023755765741281866,
                    "Delta_PnL": -0.005981142238240229,
                    "Total_PnL": 0.006218699895653048,
                    "delta_t": 0.22795976329929268,
                    "option_price_t": 0.82,
                    "underlying_price_t": 4335.66
                },
                "put": {
                    "start_date": "2023-08-02",
                    "strike": 4600.0,
                    "maturity": "2023-10-20",
                    "units": -0.0010798075336946298,
                    "gamma": 0.0013201027814901676,
                    "vega": 809.5499044436235,
                    "tau": 0.21643835616438356,
                    "delta_t_1": -0.7960573717870085,
                    "option_price_t_1": 292.54,
                    "underlying_t_1": 4308.5,
                    "Option_PnL": 0.02956513027255896,
                    "Delta_PnL": 0.02334643037690576,
                    "Total_PnL": 0.006218699895653199,
                    "delta_t": -0.7720402367007073,
                    "option_price_t": 265.16,
                    "underlying_price_t": 4335.66
                }
            },
            "sv_2023-08-03_2023-10-20": {
                "call": {
                    "start_date": "2023-08-03",
                    "strike": 4500.0,
                    "maturity": "2023-10-20",
                    "units": -0.0010557189205601823,
                    "gamma": 0.0013888496579418492,
                    "vega": 829.6301531916464,
                    "tau": 0.2136986301369863,
                    "delta_t_1": 0.2942602600590062,
                    "option_price_t_1": 5.54,
                    "underlying_t_1": 4308.5,
                    "Option_PnL": 0.00010557189205601786,
                    "Delta_PnL": -0.008437420330915893,
                    "Total_PnL": 0.008542992222971911,
                    "delta_t": 0.3234584599834688,
                    "option_price_t": 5.44,
                    "underlying_price_t": 4335.66
                },
                "put": {
                    "start_date": "2023-08-03",
                    "strike": 4500.0,
                    "maturity": "2023-10-20",
                    "units": -0.0010557189205601823,
                    "gamma": 0.0013888496579418492,
                    "vega": 829.6301531916464,
                    "tau": 0.2136986301369863,
                    "delta_t_1": -0.7057397399409938,
                    "option_price_t_1": 197.04,
                    "underlying_t_1": 4308.5,
                    "Option_PnL": 0.028778897774470562,
                    "Delta_PnL": 0.020235905551498505,
                    "Total_PnL": 0.008542992222972057,
                    "delta_t": -0.6765415400165312,
                    "option_price_t": 169.78,
                    "underlying_price_t": 4335.66
                }
            },
            "sv_2023-08-04_2023-10-20": {
                "call": {
                    "start_date": "2023-08-04",
                    "strike": 4500.0,
                    "maturity": "2023-10-20",
                    "units": -0.0010698897151615865,
                    "gamma": 0.0013914706572579346,
                    "vega": 819.7195167707733,
                    "tau": 0.21095890410958903,
                    "delta_t_1": 0.2928878638565558,
                    "option_price_t_1": 5.54,
                    "underlying_t_1": 4308.5,
                    "Option_PnL": 0.00010698897151615827,
                    "Delta_PnL": -0.008510795491483631,
                    "Total_PnL": 0.00861778446299979,
                    "delta_t": 0.3222204885975545,
                    "option_price_t": 5.44,
                    "underlying_price_t": 4335.66
                },
                "put": {
                    "start_date": "2023-08-04",
                    "strike": 4500.0,
                    "maturity": "2023-10-20",
                    "units": -0.0010698897151615865,
                    "gamma": 0.0013914706572579346,
                    "vega": 819.7195167707733,
                    "tau": 0.21095890410958903,
                    "delta_t_1": -0.7071121361434443,
                    "option_price_t_1": 197.04,
                    "underlying_t_1": 4308.5,
                    "Option_PnL": 0.02916519363530484,
                    "Delta_PnL": 0.020547409172304906,
                    "Total_PnL": 0.008617784462999933,
                    "delta_t": -0.6777795114024455,
                    "option_price_t": 169.78,
                    "underlying_price_t": 4335.66
                }
            },
            "sv_2023-08-07_2023-10-20": {
                "call": {
                    "start_date": "2023-08-07",
                    "strike": 4500.0,
                    "maturity": "2023-10-20",
                    "units": -0.0010839714819556845,
                    "gamma": 0.001406757756150031,
                    "vega": 807.8628262690678,
                    "tau": 0.20273972602739726,
                    "delta_t_1": 0.28863096512951414,
                    "option_price_t_1": 5.54,
                    "underlying_t_1": 4308.5,
                    "Option_PnL": 0.00010839714819556807,
                    "Delta_PnL": -0.008497487682864464,
                    "Total_PnL": 0.008605884831060033,
                    "delta_t": 0.3183768714203018,
                    "option_price_t": 5.44,
                    "underlying_price_t": 4335.66
                },
                "put": {
                    "start_date": "2023-08-07",
                    "strike": 4500.0,
                    "maturity": "2023-10-20",
                    "units": -0.0010839714819556845,
                    "gamma": 0.001406757756150031,
                    "vega": 807.8628262690678,
                    "tau": 0.20273972602739726,
                    "delta_t_1": -0.7113690348704859,
                    "option_price_t_1": 197.04,
                    "underlying_t_1": 4308.5,
                    "Option_PnL": 0.02954906259811195,
                    "Delta_PnL": 0.02094317776705177,
                    "Total_PnL": 0.00860588483106018,
                    "delta_t": -0.6816231285796982,
                    "option_price_t": 169.78,
                    "underlying_price_t": 4335.66
                }
            },
            "sv_2023-08-08_2023-10-20": {
                "call": {
                    "start_date": "2023-08-08",
                    "strike": 4500.0,
                    "maturity": "2023-10-20",
                    "units": -0.0010934760899053945,
                    "gamma": 0.001429816033435899,
                    "vega": 802.4130743376722,
                    "tau": 0.2,
                    "delta_t_1": 0.2871631370335336,
                    "option_price_t_1": 5.54,
                    "underlying_t_1": 4308.5,
                    "Option_PnL": 0.00010934760899053906,
                    "Delta_PnL": -0.00852840361858637,
                    "Total_PnL": 0.00863775122757691,
                    "delta_t": 0.31705022252721976,
                    "option_price_t": 5.44,
                    "underlying_price_t": 4335.66
                },
                "put": {
                    "start_date": "2023-08-08",
                    "strike": 4500.0,
                    "maturity": "2023-10-20",
                    "units": -0.0010934760899053945,
                    "gamma": 0.001429816033435899,
                    "vega": 802.4130743376722,
                    "tau": 0.2,
                    "delta_t_1": -0.7128368629664664,
                    "option_price_t_1": 197.04,
                    "underlying_t_1": 4308.5,
                    "Option_PnL": 0.029808158210821042,
                    "Delta_PnL": 0.021170406983243985,
                    "Total_PnL": 0.008637751227577057,
                    "delta_t": -0.6829497774727802,
                    "option_price_t": 169.78,
                    "underlying_price_t": 4335.66
                }
            },
            "sv_2023-08-09_2023-10-20": {
                "call": {
                    "start_date": "2023-08-09",
                    "strike": 4500.0,
                    "maturity": "2023-10-20",
                    "units": -0.0011163688087686022,
                    "gamma": 0.001465415197913153,
                    "vega": 788.53678262489,
                    "tau": 0.19726027397260273,
                    "delta_t_1": 0.2856696603766945,
                    "option_price_t_1": 5.54,
                    "underlying_t_1": 4308.5,
                    "Option_PnL": 0.00011163688087685982,
                    "Delta_PnL": -0.008661668890066586,
                    "Total_PnL": 0.008773305770943445,
                    "delta_t": 0.3156996754534339,
                    "option_price_t": 5.44,
                    "underlying_price_t": 4335.66
                },
                "put": {
                    "start_date": "2023-08-09",
                    "strike": 4500.0,
                    "maturity": "2023-10-20",
                    "units": -0.0011163688087686022,
                    "gamma": 0.001465415197913153,
                    "vega": 788.53678262489,
                    "tau": 0.19726027397260273,
                    "delta_t_1": -0.7143303396233055,
                    "option_price_t_1": 197.04,
                    "underlying_t_1": 4308.5,
                    "Option_PnL": 0.030432213727032087,
                    "Delta_PnL": 0.021658907956088484,
                    "Total_PnL": 0.008773305770943603,
                    "delta_t": -0.6843003245465661,
                    "option_price_t": 169.78,
                    "underlying_price_t": 4335.66
                }
            },
            "sv_2023-08-10_2023-10-20": {
                "call": {
                    "start_date": "2023-08-10",
                    "strike": 4450.0,
                    "maturity": "2023-10-20",
                    "units": -0.0011260212569449723,
                    "gamma": 0.0014741051249854086,
                    "vega": 782.3594000047875,
                    "tau": 0.19452054794520549,
                    "delta_t_1": 0.3391620189329434,
                    "option_price_t_1": 11.29,
                    "underlying_t_1": 4308.5,
                    "Option_PnL": -0.0006981331793058839,
                    "Delta_PnL": -0.010372502940264063,
                    "Total_PnL": 0.009674369760958179,
                    "delta_t": 0.3715971018509571,
                    "option_price_t": 11.91,
                    "underlying_price_t": 4335.66
                },
                "put": {
                    "start_date": "2023-08-10",
                    "strike": 4450.0,
                    "maturity": "2023-10-20",
                    "units": -0.0011260212569449723,
                    "gamma": 0.0014741051249854086,
                    "vega": 782.3594000047875,
                    "tau": 0.19452054794520549,
                    "delta_t_1": -0.6608379810670566,
                    "option_price_t_1": 152.79,
                    "underlying_t_1": 4308.5,
                    "Option_PnL": 0.029884604159319556,
                    "Delta_PnL": 0.02021023439836122,
                    "Total_PnL": 0.009674369760958337,
                    "delta_t": -0.6284028981490428,
                    "option_price_t": 126.25,
                    "underlying_price_t": 4335.66
                }
            },
            "sv_2023-08-11_2023-10-20": {
                "call": {
                    "start_date": "2023-08-11",
                    "strike": 4450.0,
                    "maturity": "2023-10-20",
                    "units": -0.001135016788057186,
                    "gamma": 0.001494550599542902,
                    "vega": 777.2428980062168,
                    "tau": 0.1917808219178082,
                    "delta_t_1": 0.3378961238957562,
                    "option_price_t_1": 11.29,
                    "underlying_t_1": 4308.5,
                    "Option_PnL": -0.0007037104085954565,
                    "Delta_PnL": -0.01041634272122915,
                    "Total_PnL": 0.009712632312633694,
                    "delta_t": 0.3705238630739861,
                    "option_price_t": 11.91,
                    "underlying_price_t": 4335.66
                },
                "put": {
                    "start_date": "2023-08-11",
                    "strike": 4450.0,
                    "maturity": "2023-10-20",
                    "units": -0.001135016788057186,
                    "gamma": 0.001494550599542902,
                    "vega": 777.2428980062168,
                    "tau": 0.1917808219178082,
                    "delta_t_1": -0.6621038761042438,
                    "option_price_t_1": 152.79,
                    "underlying_t_1": 4308.5,
                    "Option_PnL": 0.03012334555503771,
                    "Delta_PnL": 0.02041071324240386,
                    "Total_PnL": 0.009712632312633848,
                    "delta_t": -0.6294761369260139,
                    "option_price_t": 126.25,
                    "underlying_price_t": 4335.66
                }
            },
            "sv_2023-08-14_2023-10-20": {
                "call": {
                    "start_date": "2023-08-14",
                    "strike": 4450.0,
                    "maturity": "2023-10-20",
                    "units": -0.0011722019936397147,
                    "gamma": 0.0015566605064820807,
                    "vega": 754.173206930837,
                    "tau": 0.18356164383561643,
                    "delta_t_1": 0.3339500118783745,
                    "option_price_t_1": 11.29,
                    "underlying_t_1": 4308.5,
                    "Option_PnL": -0.0007267652360566242,
                    "Delta_PnL": -0.010631968581047514,
                    "Total_PnL": 0.00990520334499089,
                    "delta_t": 0.36717629932801055,
                    "option_price_t": 11.91,
                    "underlying_price_t": 4335.66
                },
                "put": {
                    "start_date": "2023-08-14",
                    "strike": 4450.0,
                    "maturity": "2023-10-20",
                    "units": -0.0011722019936397147,
                    "gamma": 0.0015566605064820807,
                    "vega": 754.173206930837,
                    "tau": 0.18356164383561643,
                    "delta_t_1": -0.6660499881216255,
                    "option_price_t_1": 152.79,
                    "underlying_t_1": 4308.5,
                    "Option_PnL": 0.031110240911198017,
                    "Delta_PnL": 0.021205037566206966,
                    "Total_PnL": 0.009905203344991051,
                    "delta_t": -0.6328237006719895,
                    "option_price_t": 126.25,
                    "underlying_price_t": 4335.66
                }
            },
            "sv_2023-08-15_2023-10-20": {
                "call": {
                    "start_date": "2023-08-15",
                    "strike": 4500.0,
                    "maturity": "2023-10-20",
                    "units": -0.001200298804478638,
                    "gamma": 0.001507483439049153,
                    "vega": 736.561396527654,
                    "tau": 0.18082191780821918,
                    "delta_t_1": 0.2761242461524662,
                    "option_price_t_1": 5.54,
                    "underlying_t_1": 4308.5,
                    "Option_PnL": 0.00012002988044786338,
                    "Delta_PnL": -0.009001682325105053,
                    "Total_PnL": 0.009121712205552916,
                    "delta_t": 0.30704991028574263,
                    "option_price_t": 5.44,
                    "underlying_price_t": 4335.66
                },
                "put": {
                    "start_date": "2023-08-15",
                    "strike": 4500.0,
                    "maturity": "2023-10-20",
                    "units": -0.001200298804478638,
                    "gamma": 0.001507483439049153,
                    "vega": 736.561396527654,
                    "tau": 0.18082191780821918,
                    "delta_t_1": -0.7238757538475338,
                    "option_price_t_1": 197.04,
                    "underlying_t_1": 4308.5,
                    "Option_PnL": 0.032720145410087664,
                    "Delta_PnL": 0.023598433204534586,
                    "Total_PnL": 0.009121712205553079,
                    "delta_t": -0.6929500897142573,
                    "option_price_t": 169.78,
                    "underlying_price_t": 4335.66
                }
            },
            "sv_2023-08-16_2023-10-20": {
                "call": {
                    "start_date": "2023-08-16",
                    "strike": 4450.0,
                    "maturity": "2023-10-20",
                    "units": -0.0012071017296623166,
                    "gamma": 0.0015228377373697403,
                    "vega": 733.635214565605,
                    "tau": 0.1780821917808219,
                    "delta_t_1": 0.33118695300836176,
                    "option_price_t_1": 11.29,
                    "underlying_t_1": 4308.5,
                    "Option_PnL": -0.0007484030723906375,
                    "Delta_PnL": -0.010857925498096437,
                    "Total_PnL": 0.0101095224257058,
                    "delta_t": 0.36483041967477636,
                    "option_price_t": 11.91,
                    "underlying_price_t": 4335.66
                },
                "put": {
                    "start_date": "2023-08-16",
                    "strike": 4450.0,
                    "maturity": "2023-10-20",
                    "units": -0.0012071017296623166,
                    "gamma": 0.0015228377373697403,
                    "vega": 733.635214565605,
                    "tau": 0.1780821917808219,
                    "delta_t_1": -0.6688130469916382,
                    "option_price_t_1": 152.79,
                    "underlying_t_1": 4308.5,
                    "Option_PnL": 0.03203647990523787,
                    "Delta_PnL": 0.021926957479531904,
                    "Total_PnL": 0.010109522425705966,
                    "delta_t": -0.6351695803252236,
                    "option_price_t": 126.25,
                    "underlying_price_t": 4335.66
                }
            },
            "sv_2023-08-17_2023-10-20": {
                "call": {
                    "start_date": "2023-08-17",
                    "strike": 4400.0,
                    "maturity": "2023-10-20",
                    "units": -0.001220646284530233,
                    "gamma": 0.0015588507877095069,
                    "vega": 727.3423690753699,
                    "tau": 0.17534246575342466,
                    "delta_t_1": 0.391808899342652,
                    "option_price_t_1": 21.19,
                    "underlying_t_1": 4308.5,
                    "Option_PnL": -0.002831899380110141,
                    "Delta_PnL": -0.01298954369752567,
                    "Total_PnL": 0.010157644317415528,
                    "delta_t": 0.42754512298976116,
                    "option_price_t": 23.51,
                    "underlying_price_t": 4335.66
                },
                "put": {
                    "start_date": "2023-08-17",
                    "strike": 4400.0,
                    "maturity": "2023-10-20",
                    "units": -0.001220646284530233,
                    "gamma": 0.0015588507877095069,
                    "vega": 727.3423690753699,
                    "tau": 0.17534246575342466,
                    "delta_t_1": -0.6081911006573479,
                    "option_price_t_1": 112.69,
                    "underlying_t_1": 4308.5,
                    "Option_PnL": 0.030320853707730994,
                    "Delta_PnL": 0.020163209390315278,
                    "Total_PnL": 0.010157644317415716,
                    "delta_t": -0.5724548770102389,
                    "option_price_t": 87.85,
                    "underlying_price_t": 4335.66
                }
            },
            "sv_2023-08-18_2023-10-20": {
                "call": {
                    "start_date": "2023-08-18",
                    "strike": 4350.0,
                    "maturity": "2023-10-20",
                    "units": -0.0012339449007730886,
                    "gamma": 0.0015716329510704755,
                    "vega": 720.1010037210598,
                    "tau": 0.1726027397260274,
                    "delta_t_1": 0.45694613787213395,
                    "option_price_t_1": 36.72,
                    "underlying_t_1": 4308.5,
                    "Option_PnL": -0.006527568525089638,
                    "Delta_PnL": -0.015314067049473223,
                    "Total_PnL": 0.008786498524383585,
                    "delta_t": 0.49393262603509935,
                    "option_price_t": 42.01,
                    "underlying_price_t": 4335.66
                },
                "put": {
                    "start_date": "2023-08-18",
                    "strike": 4350.0,
                    "maturity": "2023-10-20",
                    "units": -0.0012339449007730886,
                    "gamma": 0.0015716329510704755,
                    "vega": 720.1010037210598,
                    "tau": 0.1726027397260274,
                    "delta_t_1": -0.543053862127866,
                    "option_price_t_1": 78.22,
                    "underlying_t_1": 4308.5,
                    "Option_PnL": 0.026986374979907444,
                    "Delta_PnL": 0.018199876455523678,
                    "Total_PnL": 0.008786498524383766,
                    "delta_t": -0.5060673739649006,
                    "option_price_t": 56.35,
                    "underlying_price_t": 4335.66
                }
            },
            "sv_2023-08-21_2023-11-17": {
                "call": {
                    "start_date": "2023-08-21",
                    "strike": 4350.0,
                    "maturity": "2023-11-17",
                    "units": -0.0010535415908332368,
                    "gamma": 0.0012851451002261287,
                    "vega": 844.9501050243479,
                    "tau": 0.2410958904109589,
                    "delta_t_1": 0.468058959354254,
                    "option_price_t_1": 75.93,
                    "underlying_t_1": 4308.5,
                    "Option_PnL": -0.009513480565224115,
                    "Delta_PnL": -0.013393127810232034,
                    "Total_PnL": 0.0038796472450079184,
                    "delta_t": 0.49938465154414435,
                    "option_price_t": 84.96,
                    "underlying_price_t": 4335.66
                },
                "put": {
                    "start_date": "2023-08-21",
                    "strike": 4350.0,
                    "maturity": "2023-11-17",
                    "units": -0.0010535415908332368,
                    "gamma": 0.0012851451002261287,
                    "vega": 844.9501050243479,
                    "tau": 0.2410958904109589,
                    "delta_t_1": -0.531941040645746,
                    "option_price_t_1": 117.43,
                    "underlying_t_1": 4308.5,
                    "Option_PnL": 0.019100709041806593,
                    "Delta_PnL": 0.015221061796798526,
                    "Total_PnL": 0.0038796472450080676,
                    "delta_t": -0.5006153484558556,
                    "option_price_t": 99.3,
                    "underlying_price_t": 4335.66
                }
            },
            "sv_2023-08-22_2023-11-17": {
                "call": {
                    "start_date": "2023-08-22",
                    "strike": 4400.0,
                    "maturity": "2023-11-17",
                    "units": -0.0010430781502914273,
                    "gamma": 0.001339287557450647,
                    "vega": 854.5395152993697,
                    "tau": 0.23835616438356164,
                    "delta_t_1": 0.4109760272039129,
                    "option_price_t_1": 56.92,
                    "underlying_t_1": 4308.5,
                    "Option_PnL": -0.007228531581519591,
                    "Delta_PnL": -0.011642951903572507,
                    "Total_PnL": 0.004414420322052916,
                    "delta_t": 0.44189835422879825,
                    "option_price_t": 63.85,
                    "underlying_price_t": 4335.66
                },
                "put": {
                    "start_date": "2023-08-22",
                    "strike": 4400.0,
                    "maturity": "2023-11-17",
                    "units": -0.0010430781502914273,
                    "gamma": 0.001339287557450647,
                    "vega": 854.5395152993697,
                    "tau": 0.23835616438356164,
                    "delta_t_1": -0.5890239727960871,
                    "option_price_t_1": 148.42,
                    "underlying_t_1": 4308.5,
                    "Option_PnL": 0.021101470980395564,
                    "Delta_PnL": 0.016687050658342507,
                    "Total_PnL": 0.004414420322053057,
                    "delta_t": -0.5581016457712018,
                    "option_price_t": 128.19,
                    "underlying_price_t": 4335.66
                }
            },
            "sv_2023-08-23_2023-11-17": {
                "call": {
                    "start_date": "2023-08-23",
                    "strike": 4400.0,
                    "maturity": "2023-11-17",
                    "units": -0.0010486583705978185,
                    "gamma": 0.0012894742132547091,
                    "vega": 849.0664871799618,
                    "tau": 0.2356164383561644,
                    "delta_t_1": 0.4102902465018516,
                    "option_price_t_1": 56.92,
                    "underlying_t_1": 4308.5,
                    "Option_PnL": -0.007267202508242882,
                    "Delta_PnL": -0.01168570682517679,
                    "Total_PnL": 0.004418504316933908,
                    "delta_t": 0.441383082460191,
                    "option_price_t": 63.85,
                    "underlying_price_t": 4335.66
                },
                "put": {
                    "start_date": "2023-08-23",
                    "strike": 4400.0,
                    "maturity": "2023-11-17",
                    "units": -0.0010486583705978185,
                    "gamma": 0.0012894742132547091,
                    "vega": 849.0664871799618,
                    "tau": 0.2356164383561644,
                    "delta_t_1": -0.5897097534981484,
                    "option_price_t_1": 148.42,
                    "underlying_t_1": 4308.5,
                    "Option_PnL": 0.02121435883719386,
                    "Delta_PnL": 0.016795854520259806,
                    "Total_PnL": 0.004418504316934052,
                    "delta_t": -0.558616917539809,
                    "option_price_t": 128.19,
                    "underlying_price_t": 4335.66
                }
            },
            "sv_2023-08-24_2023-11-17": {
                "call": {
                    "start_date": "2023-08-24",
                    "strike": 4450.0,
                    "maturity": "2023-11-17",
                    "units": -0.0010742164605212967,
                    "gamma": 0.0012714757882277628,
                    "vega": 825.4044014819505,
                    "tau": 0.2328767123287671,
                    "delta_t_1": 0.3547239561281257,
                    "option_price_t_1": 41.67,
                    "underlying_t_1": 4308.5,
                    "Option_PnL": -0.005521472607079465,
                    "Delta_PnL": -0.010349326490598,
                    "Total_PnL": 0.004827853883518535,
                    "delta_t": 0.3847692826886394,
                    "option_price_t": 46.81,
                    "underlying_price_t": 4335.66
                },
                "put": {
                    "start_date": "2023-08-24",
                    "strike": 4450.0,
                    "maturity": "2023-11-17",
                    "units": -0.0010742164605212967,
                    "gamma": 0.0012714757882277628,
                    "vega": 825.4044014819505,
                    "tau": 0.2328767123287671,
                    "delta_t_1": -0.6452760438718743,
                    "option_price_t_1": 183.17,
                    "underlying_t_1": 4308.5,
                    "Option_PnL": 0.023654246460678933,
                    "Delta_PnL": 0.018826392577160258,
                    "Total_PnL": 0.004827853883518675,
                    "delta_t": -0.6152307173113606,
                    "option_price_t": 161.15,
                    "underlying_price_t": 4335.66
                }
            },
            "sv_2023-08-25_2023-11-17": {
                "call": {
                    "start_date": "2023-08-25",
                    "strike": 4400.0,
                    "maturity": "2023-11-17",
                    "units": -0.0010534028015225568,
                    "gamma": 0.0012745393346341998,
                    "vega": 841.9606158986842,
                    "tau": 0.23013698630136986,
                    "delta_t_1": 0.4088861627221143,
                    "option_price_t_1": 56.92,
                    "underlying_t_1": 4308.5,
                    "Option_PnL": -0.0073000814145513186,
                    "Delta_PnL": -0.01169840488420303,
                    "Total_PnL": 0.004398323469651711,
                    "delta_t": 0.44032860104180516,
                    "option_price_t": 63.85,
                    "underlying_price_t": 4335.66
                },
                "put": {
                    "start_date": "2023-08-25",
                    "strike": 4400.0,
                    "maturity": "2023-11-17",
                    "units": -0.0010534028015225568,
                    "gamma": 0.0012745393346341998,
                    "vega": 841.9606158986842,
                    "tau": 0.23013698630136986,
                    "delta_t_1": -0.5911138372778857,
                    "option_price_t_1": 148.42,
                    "underlying_t_1": 4308.5,
                    "Option_PnL": 0.021310338674801314,
                    "Delta_PnL": 0.01691201520514946,
                    "Total_PnL": 0.004398323469651855,
                    "delta_t": -0.5596713989581948,
                    "option_price_t": 128.19,
                    "underlying_price_t": 4335.66
                }
            },
            "sv_2023-08-28_2023-11-17": {
                "call": {
                    "start_date": "2023-08-28",
                    "strike": 4400.0,
                    "maturity": "2023-11-17",
                    "units": -0.0010782745461772776,
                    "gamma": 0.0012691704235217747,
                    "vega": 824.7488577029384,
                    "tau": 0.2219178082191781,
                    "delta_t_1": 0.40669396823694515,
                    "option_price_t_1": 56.92,
                    "underlying_t_1": 4308.5,
                    "Option_PnL": -0.007472442605008534,
                    "Delta_PnL": -0.011910413799555994,
                    "Total_PnL": 0.00443797119454746,
                    "delta_t": 0.43868350932849876,
                    "option_price_t": 63.85,
                    "underlying_price_t": 4335.66
                },
                "put": {
                    "start_date": "2023-08-28",
                    "strike": 4400.0,
                    "maturity": "2023-11-17",
                    "units": -0.0010782745461772776,
                    "gamma": 0.0012691704235217747,
                    "vega": 824.7488577029384,
                    "tau": 0.2219178082191781,
                    "delta_t_1": -0.5933060317630549,
                    "option_price_t_1": 148.42,
                    "underlying_t_1": 4308.5,
                    "Option_PnL": 0.021813494069166314,
                    "Delta_PnL": 0.01737552287461871,
                    "Total_PnL": 0.004437971194547603,
                    "delta_t": -0.5613164906715012,
                    "option_price_t": 128.19,
                    "underlying_price_t": 4335.66
                }
            },
            "sv_2023-08-29_2023-11-17": {
                "call": {
                    "start_date": "2023-08-29",
                    "strike": 4450.0,
                    "maturity": "2023-11-17",
                    "units": -0.0010709134389942298,
                    "gamma": 0.0011991410280599432,
                    "vega": 826.1180507595227,
                    "tau": 0.2191780821917808,
                    "delta_t_1": 0.3495840448022577,
                    "option_price_t_1": 41.67,
                    "underlying_t_1": 4308.5,
                    "Option_PnL": -0.005504495076430342,
                    "Delta_PnL": -0.010168004674452683,
                    "Total_PnL": 0.0046635095980223406,
                    "delta_t": 0.38042256198372487,
                    "option_price_t": 46.81,
                    "underlying_price_t": 4335.66
                },
                "put": {
                    "start_date": "2023-08-29",
                    "strike": 4450.0,
                    "maturity": "2023-11-17",
                    "units": -0.0010709134389942298,
                    "gamma": 0.0011991410280599432,
                    "vega": 826.1180507595227,
                    "tau": 0.2191780821917808,
                    "delta_t_1": -0.6504159551977423,
                    "option_price_t_1": 183.17,
                    "underlying_t_1": 4308.5,
                    "Option_PnL": 0.02358151392665292,
                    "Delta_PnL": 0.018918004328630444,
                    "Total_PnL": 0.004663509598022475,
                    "delta_t": -0.6195774380162751,
                    "option_price_t": 161.15,
                    "underlying_price_t": 4335.66
                }
            },
            "sv_2023-08-30_2023-11-17": {
                "call": {
                    "start_date": "2023-08-30",
                    "strike": 4500.0,
                    "maturity": "2023-11-17",
                    "units": -0.0010596678347740188,
                    "gamma": 0.0012152404496131469,
                    "vega": 835.1624468929853,
                    "tau": 0.21643835616438356,
                    "delta_t_1": 0.29561045039581707,
                    "option_price_t_1": 29.79,
                    "underlying_t_1": 4308.5,
                    "Option_PnL": -0.003878384275272913,
                    "Delta_PnL": -0.00850783974124787,
                    "Total_PnL": 0.004629455465974958,
                    "delta_t": 0.3246758516681084,
                    "option_price_t": 33.45,
                    "underlying_price_t": 4335.66
                },
                "put": {
                    "start_date": "2023-08-30",
                    "strike": 4500.0,
                    "maturity": "2023-11-17",
                    "units": -0.0010596678347740188,
                    "gamma": 0.0012152404496131469,
                    "vega": 835.1624468929853,
                    "tau": 0.21643835616438356,
                    "delta_t_1": -0.704389549604183,
                    "option_price_t_1": 221.29,
                    "underlying_t_1": 4308.5,
                    "Option_PnL": 0.02490219411718944,
                    "Delta_PnL": 0.020272738651214327,
                    "Total_PnL": 0.004629455465975114,
                    "delta_t": -0.6753241483318916,
                    "option_price_t": 197.79,
                    "underlying_price_t": 4335.66
                }
            },
            "sv_2023-08-31_2023-11-17": {
                "call": {
                    "start_date": "2023-08-31",
                    "strike": 4500.0,
                    "maturity": "2023-11-17",
                    "units": -0.001068858120978571,
                    "gamma": 0.0012390404178728687,
                    "vega": 829.8378161563892,
                    "tau": 0.2136986301369863,
                    "delta_t_1": 0.2942602600590062,
                    "option_price_t_1": 29.79,
                    "underlying_t_1": 4308.5,
                    "Option_PnL": -0.003912020722781574,
                    "Delta_PnL": -0.008542430248407252,
                    "Total_PnL": 0.004630409525625678,
                    "delta_t": 0.3234584599834688,
                    "option_price_t": 33.45,
                    "underlying_price_t": 4335.66
                },
                "put": {
                    "start_date": "2023-08-31",
                    "strike": 4500.0,
                    "maturity": "2023-11-17",
                    "units": -0.001068858120978571,
                    "gamma": 0.0012390404178728687,
                    "vega": 829.8378161563892,
                    "tau": 0.2136986301369863,
                    "delta_t_1": -0.7057397399409938,
                    "option_price_t_1": 221.29,
                    "underlying_t_1": 4308.5,
                    "Option_PnL": 0.025118165842996417,
                    "Delta_PnL": 0.020487756317370577,
                    "Total_PnL": 0.00463040952562584,
                    "delta_t": -0.6765415400165312,
                    "option_price_t": 197.79,
                    "underlying_price_t": 4335.66
                }
            },
            "sv_2023-09-01_2023-11-17": {
                "call": {
                    "start_date": "2023-09-01",
                    "strike": 4500.0,
                    "maturity": "2023-11-17",
                    "units": -0.001076653366193522,
                    "gamma": 0.0012414366452256193,
                    "vega": 824.4791174996545,
                    "tau": 0.21095890410958903,
                    "delta_t_1": 0.2928878638565558,
                    "option_price_t_1": 29.79,
                    "underlying_t_1": 4308.5,
                    "Option_PnL": -0.003940551320268295,
                    "Delta_PnL": -0.008564599215262649,
                    "Total_PnL": 0.004624047894994354,
                    "delta_t": 0.3222204885975545,
                    "option_price_t": 33.45,
                    "underlying_price_t": 4335.66
                },
                "put": {
                    "start_date": "2023-09-01",
                    "strike": 4500.0,
                    "maturity": "2023-11-17",
                    "units": -0.001076653366193522,
                    "gamma": 0.0012414366452256193,
                    "vega": 824.4791174996545,
                    "tau": 0.21095890410958903,
                    "delta_t_1": -0.7071121361434443,
                    "option_price_t_1": 221.29,
                    "underlying_t_1": 4308.5,
                    "Option_PnL": 0.025301354105547767,
                    "Delta_PnL": 0.020677306210553255,
                    "Total_PnL": 0.004624047894994512,
                    "delta_t": -0.6777795114024455,
                    "option_price_t": 197.79,
                    "underlying_price_t": 4335.66
                }
            },
            "sv_2023-09-05_2023-11-17": {
                "call": {
                    "start_date": "2023-09-05",
                    "strike": 4500.0,
                    "maturity": "2023-11-17",
                    "units": -0.001113284586400944,
                    "gamma": 0.0012856397513507302,
                    "vega": 802.0538857852889,
                    "tau": 0.2,
                    "delta_t_1": 0.2871631370335336,
                    "option_price_t_1": 29.79,
                    "underlying_t_1": 4308.5,
                    "Option_PnL": -0.004074621586227459,
                    "Delta_PnL": -0.008682897031611996,
                    "Total_PnL": 0.004608275445384537,
                    "delta_t": 0.31705022252721976,
                    "option_price_t": 33.45,
                    "underlying_price_t": 4335.66
                },
                "put": {
                    "start_date": "2023-09-05",
                    "strike": 4500.0,
                    "maturity": "2023-11-17",
                    "units": -0.001113284586400944,
                    "gamma": 0.0012856397513507302,
                    "vega": 802.0538857852889,
                    "tau": 0.2,
                    "delta_t_1": -0.7128368629664664,
                    "option_price_t_1": 221.29,
                    "underlying_t_1": 4308.5,
                    "Option_PnL": 0.026162187780422185,
                    "Delta_PnL": 0.021553912335037482,
                    "Total_PnL": 0.004608275445384703,
                    "delta_t": -0.6829497774727802,
                    "option_price_t": 197.79,
                    "underlying_price_t": 4335.66
                }
            },
            "sv_2023-09-06_2023-11-17": {
                "call": {
                    "start_date": "2023-09-06",
                    "strike": 4500.0,
                    "maturity": "2023-11-17",
                    "units": -0.0011331691244771658,
                    "gamma": 0.0012908032616753124,
                    "vega": 788.873842756773,
                    "tau": 0.19726027397260273,
                    "delta_t_1": 0.2856696603766945,
                    "option_price_t_1": 29.79,
                    "underlying_t_1": 4308.5,
                    "Option_PnL": -0.004147398995586431,
                    "Delta_PnL": -0.008792018977576354,
                    "Total_PnL": 0.0046446199819899225,
                    "delta_t": 0.3156996754534339,
                    "option_price_t": 33.45,
                    "underlying_price_t": 4335.66
                },
                "put": {
                    "start_date": "2023-09-06",
                    "strike": 4500.0,
                    "maturity": "2023-11-17",
                    "units": -0.0011331691244771658,
                    "gamma": 0.0012908032616753124,
                    "vega": 788.873842756773,
                    "tau": 0.19726027397260273,
                    "delta_t_1": -0.7143303396233055,
                    "option_price_t_1": 221.29,
                    "underlying_t_1": 4308.5,
                    "Option_PnL": 0.026629474425213396,
                    "Delta_PnL": 0.021984854443223303,
                    "Total_PnL": 0.0046446199819900925,
                    "delta_t": -0.6843003245465661,
                    "option_price_t": 197.79,
                    "underlying_price_t": 4335.66
                }
            },
            "sv_2023-09-07_2023-11-17": {
                "call": {
                    "start_date": "2023-09-07",
                    "strike": 4450.0,
                    "maturity": "2023-11-17",
                    "units": -0.0011438863080216746,
                    "gamma": 0.0013052766543625732,
                    "vega": 782.6179915613641,
                    "tau": 0.19452054794520549,
                    "delta_t_1": 0.3391620189329434,
                    "option_price_t_1": 41.67,
                    "underlying_t_1": 4308.5,
                    "Option_PnL": -0.005879575623231408,
                    "Delta_PnL": -0.010537069367121597,
                    "Total_PnL": 0.0046574937438901886,
                    "delta_t": 0.3715971018509571,
                    "option_price_t": 46.81,
                    "underlying_price_t": 4335.66
                },
                "put": {
                    "start_date": "2023-09-07",
                    "strike": 4450.0,
                    "maturity": "2023-11-17",
                    "units": -0.0011438863080216746,
                    "gamma": 0.0013052766543625732,
                    "vega": 782.6179915613641,
                    "tau": 0.19452054794520549,
                    "delta_t_1": -0.6608379810670566,
                    "option_price_t_1": 183.17,
                    "underlying_t_1": 4308.5,
                    "Option_PnL": 0.025188376502637253,
                    "Delta_PnL": 0.02053088275874692,
                    "Total_PnL": 0.004657493743890333,
                    "delta_t": -0.6284028981490428,
                    "option_price_t": 161.15,
                    "underlying_price_t": 4335.66
                }
            },
            "sv_2023-09-08_2023-11-17": {
                "call": {
                    "start_date": "2023-09-08",
                    "strike": 4450.0,
                    "maturity": "2023-11-17",
                    "units": -0.0011539450497489582,
                    "gamma": 0.0013203981122599647,
                    "vega": 777.4190120511192,
                    "tau": 0.1917808219178082,
                    "delta_t_1": 0.3378961238957562,
                    "option_price_t_1": 41.67,
                    "underlying_t_1": 4308.5,
                    "Option_PnL": -0.005931277555709645,
                    "Delta_PnL": -0.010590052275989213,
                    "Total_PnL": 0.004658774720279568,
                    "delta_t": 0.3705238630739861,
                    "option_price_t": 46.81,
                    "underlying_price_t": 4335.66
                },
                "put": {
                    "start_date": "2023-09-08",
                    "strike": 4450.0,
                    "maturity": "2023-11-17",
                    "units": -0.0011539450497489582,
                    "gamma": 0.0013203981122599647,
                    "vega": 777.4190120511192,
                    "tau": 0.1917808219178082,
                    "delta_t_1": -0.6621038761042438,
                    "option_price_t_1": 183.17,
                    "underlying_t_1": 4308.5,
                    "Option_PnL": 0.02540986999547204,
                    "Delta_PnL": 0.020751095275192324,
                    "Total_PnL": 0.004658774720279715,
                    "delta_t": -0.6294761369260139,
                    "option_price_t": 161.15,
                    "underlying_price_t": 4335.66
                }
            },
            "sv_2023-09-11_2023-11-17": {
                "call": {
                    "start_date": "2023-09-11",
                    "strike": 4450.0,
                    "maturity": "2023-11-17",
                    "units": -0.001190211985486916,
                    "gamma": 0.0013442039838820962,
                    "vega": 757.1288667400096,
                    "tau": 0.18356164383561643,
                    "delta_t_1": 0.3339500118783745,
                    "option_price_t_1": 41.67,
                    "underlying_t_1": 4308.5,
                    "Option_PnL": -0.00611768960540275,
                    "Delta_PnL": -0.010795320689731285,
                    "Total_PnL": 0.004677631084328535,
                    "delta_t": 0.36717629932801055,
                    "option_price_t": 46.81,
                    "underlying_price_t": 4335.66
                },
                "put": {
                    "start_date": "2023-09-11",
                    "strike": 4450.0,
                    "maturity": "2023-11-17",
                    "units": -0.001190211985486916,
                    "gamma": 0.0013442039838820962,
                    "vega": 757.1288667400096,
                    "tau": 0.18356164383561643,
                    "delta_t_1": -0.6660499881216255,
                    "option_price_t_1": 183.17,
                    "underlying_t_1": 4308.5,
                    "Option_PnL": 0.02620846792042187,
                    "Delta_PnL": 0.021530836836093182,
                    "Total_PnL": 0.004677631084328688,
                    "delta_t": -0.6328237006719895,
                    "option_price_t": 161.15,
                    "underlying_price_t": 4335.66
                }
            },
            "sv_2023-09-12_2023-11-17": {
                "call": {
                    "start_date": "2023-09-12",
                    "strike": 4500.0,
                    "maturity": "2023-11-17",
                    "units": -0.0011986850111147254,
                    "gamma": 0.0013667859838234436,
                    "vega": 753.2995932174648,
                    "tau": 0.18082191780821918,
                    "delta_t_1": 0.2761242461524662,
                    "option_price_t_1": 29.79,
                    "underlying_t_1": 4308.5,
                    "Option_PnL": -0.004387187140679899,
                    "Delta_PnL": -0.008989579626055363,
                    "Total_PnL": 0.004602392485375464,
                    "delta_t": 0.30704991028574263,
                    "option_price_t": 33.45,
                    "underlying_price_t": 4335.66
                },
                "put": {
                    "start_date": "2023-09-12",
                    "strike": 4500.0,
                    "maturity": "2023-11-17",
                    "units": -0.0011986850111147254,
                    "gamma": 0.0013667859838234436,
                    "vega": 753.2995932174648,
                    "tau": 0.18082191780821918,
                    "delta_t_1": -0.7238757538475338,
                    "option_price_t_1": 221.29,
                    "underlying_t_1": 4308.5,
                    "Option_PnL": 0.028169097761196044,
                    "Delta_PnL": 0.0235667052758204,
                    "Total_PnL": 0.004602392485375643,
                    "delta_t": -0.6929500897142573,
                    "option_price_t": 197.79,
                    "underlying_price_t": 4335.66
                }
            },
            "sv_2023-09-13_2023-11-17": {
                "call": {
                    "start_date": "2023-09-13",
                    "strike": 4450.0,
                    "maturity": "2023-11-17",
                    "units": -0.0012078031109843737,
                    "gamma": 0.0013758131807064967,
                    "vega": 748.8719002445259,
                    "tau": 0.1780821917808219,
                    "delta_t_1": 0.33118695300836176,
                    "option_price_t_1": 41.67,
                    "underlying_t_1": 4308.5,
                    "Option_PnL": -0.006208107990459681,
                    "Delta_PnL": -0.010864234449490934,
                    "Total_PnL": 0.004656126459031253,
                    "delta_t": 0.36483041967477636,
                    "option_price_t": 46.81,
                    "underlying_price_t": 4335.66
                },
                "put": {
                    "start_date": "2023-09-13",
                    "strike": 4450.0,
                    "maturity": "2023-11-17",
                    "units": -0.0012078031109843737,
                    "gamma": 0.0013758131807064967,
                    "vega": 748.8719002445259,
                    "tau": 0.1780821917808219,
                    "delta_t_1": -0.6688130469916382,
                    "option_price_t_1": 183.17,
                    "underlying_t_1": 4308.5,
                    "Option_PnL": 0.026595824503875886,
                    "Delta_PnL": 0.02193969804484448,
                    "Total_PnL": 0.004656126459031407,
                    "delta_t": -0.6351695803252236,
                    "option_price_t": 161.15,
                    "underlying_price_t": 4335.66
                }
            },
            "sv_2023-09-14_2023-11-17": {
                "call": {
                    "start_date": "2023-09-14",
                    "strike": 4450.0,
                    "maturity": "2023-11-17",
                    "units": -0.0012336310942686088,
                    "gamma": 0.0013821702986860035,
                    "vega": 733.2198977772277,
                    "tau": 0.17534246575342466,
                    "delta_t_1": 0.3297629142509015,
                    "option_price_t_1": 41.67,
                    "underlying_t_1": 4308.5,
                    "Option_PnL": -0.00634086382454065,
                    "Delta_PnL": -0.011048845113987703,
                    "Total_PnL": 0.004707981289447053,
                    "delta_t": 0.3636207338929528,
                    "option_price_t": 46.81,
                    "underlying_price_t": 4335.66
                },
                "put": {
                    "start_date": "2023-09-14",
                    "strike": 4450.0,
                    "maturity": "2023-11-17",
                    "units": -0.0012336310942686088,
                    "gamma": 0.0013821702986860035,
                    "vega": 733.2198977772277,
                    "tau": 0.17534246575342466,
                    "delta_t_1": -0.6702370857490985,
                    "option_price_t_1": 183.17,
                    "underlying_t_1": 4308.5,
                    "Option_PnL": 0.027164556695794744,
                    "Delta_PnL": 0.022456575406347528,
                    "Total_PnL": 0.004707981289447216,
                    "delta_t": -0.6363792661070472,
                    "option_price_t": 161.15,
                    "underlying_price_t": 4335.66
                }
            },
            "sv_2023-09-15_2023-11-17": {
                "call": {
                    "start_date": "2023-09-15",
                    "strike": 4500.0,
                    "maturity": "2023-11-17",
                    "units": -0.0012313444553016717,
                    "gamma": 0.0013831157325800028,
                    "vega": 730.3209367061918,
                    "tau": 0.1726027397260274,
                    "delta_t_1": 0.2709341403634948,
                    "option_price_t_1": 29.79,
                    "underlying_t_1": 4308.5,
                    "Option_PnL": -0.004506720706404123,
                    "Delta_PnL": -0.009060935910427996,
                    "Total_PnL": 0.004554215204023873,
                    "delta_t": 0.3023330584190467,
                    "option_price_t": 33.45,
                    "underlying_price_t": 4335.66
                },
                "put": {
                    "start_date": "2023-09-15",
                    "strike": 4500.0,
                    "maturity": "2023-11-17",
                    "units": -0.0012313444553016717,
                    "gamma": 0.0013831157325800028,
                    "vega": 730.3209367061918,
                    "tau": 0.1726027397260274,
                    "delta_t_1": -0.7290658596365052,
                    "option_price_t_1": 221.29,
                    "underlying_t_1": 4308.5,
                    "Option_PnL": 0.028936594699589285,
                    "Delta_PnL": 0.024382379495565227,
                    "Total_PnL": 0.004554215204024058,
                    "delta_t": -0.6976669415809533,
                    "option_price_t": 197.79,
                    "underlying_price_t": 4335.66
                }
            },
            "sv_2023-09-18_2023-12-15": {
                "call": {
                    "start_date": "2023-09-18",
                    "strike": 4450.0,
                    "maturity": "2023-12-15",
                    "units": -0.0010349958745016691,
                    "gamma": 0.0011868410700673188,
                    "vega": 871.3740129436579,
                    "tau": 0.2410958904109589,
                    "delta_t_1": 0.35761892154731,
                    "option_price_t_1": 66.21,
                    "underlying_t_1": 4308.5,
                    "Option_PnL": -0.0072035712865316254,
                    "Delta_PnL": -0.010052842385371632,
                    "Total_PnL": 0.002849271098840006,
                    "delta_t": 0.3872161553140304,
                    "option_price_t": 73.17,
                    "underlying_price_t": 4335.66
                },
                "put": {
                    "start_date": "2023-09-18",
                    "strike": 4450.0,
                    "maturity": "2023-12-15",
                    "units": -0.0010349958745016691,
                    "gamma": 0.0011868410700673188,
                    "vega": 871.3740129436579,
                    "tau": 0.2410958904109589,
                    "delta_t_1": -0.64238107845269,
                    "option_price_t_1": 207.71,
                    "underlying_t_1": 4308.5,
                    "Option_PnL": 0.020906916664933734,
                    "Delta_PnL": 0.018057645566093555,
                    "Total_PnL": 0.0028492710988401795,
                    "delta_t": -0.6127838446859696,
                    "option_price_t": 187.51,
                    "underlying_price_t": 4335.66
                }
            },
            "sv_2023-09-19_2023-12-15": {
                "call": {
                    "start_date": "2023-09-19",
                    "strike": 4450.0,
                    "maturity": "2023-12-15",
                    "units": -0.00104433931946548,
                    "gamma": 0.0012234847937982,
                    "vega": 865.4081857322826,
                    "tau": 0.23835616438356164,
                    "delta_t_1": 0.35666869452615624,
                    "option_price_t_1": 66.21,
                    "underlying_t_1": 4308.5,
                    "Option_PnL": -0.007268601663479749,
                    "Delta_PnL": -0.010116642129008873,
                    "Total_PnL": 0.0028480404655291244,
                    "delta_t": 0.38641310359251707,
                    "option_price_t": 73.17,
                    "underlying_price_t": 4335.66
                },
                "put": {
                    "start_date": "2023-09-19",
                    "strike": 4450.0,
                    "maturity": "2023-12-15",
                    "units": -0.00104433931946548,
                    "gamma": 0.0012234847937982,
                    "vega": 865.4081857322826,
                    "tau": 0.23835616438356164,
                    "delta_t_1": -0.6433313054738438,
                    "option_price_t_1": 207.71,
                    "underlying_t_1": 4308.5,
                    "Option_PnL": 0.02109565425320271,
                    "Delta_PnL": 0.018247613787673412,
                    "Total_PnL": 0.0028480404655292987,
                    "delta_t": -0.6135868964074829,
                    "option_price_t": 187.51,
                    "underlying_price_t": 4335.66
                }
            },
            "sv_2023-09-20_2023-12-15": {
                "call": {
                    "start_date": "2023-09-20",
                    "strike": 4450.0,
                    "maturity": "2023-12-15",
                    "units": -0.0010640585941414842,
                    "gamma": 0.0012148238924999113,
                    "vega": 847.469520884936,
                    "tau": 0.2356164383561644,
                    "delta_t_1": 0.35570383898714075,
                    "option_price_t_1": 66.21,
                    "underlying_t_1": 4308.5,
                    "Option_PnL": -0.0074058478152247385,
                    "Delta_PnL": -0.010279780981066303,
                    "Total_PnL": 0.002873933165841565,
                    "delta_t": 0.38559759472631183,
                    "option_price_t": 73.17,
                    "underlying_price_t": 4335.66
                },
                "put": {
                    "start_date": "2023-09-20",
                    "strike": 4450.0,
                    "maturity": "2023-12-15",
                    "units": -0.0010640585941414842,
                    "gamma": 0.0012148238924999113,
                    "vega": 847.469520884936,
                    "tau": 0.2356164383561644,
                    "delta_t_1": -0.6442961610128592,
                    "option_price_t_1": 207.71,
                    "underlying_t_1": 4308.5,
                    "Option_PnL": 0.021493983601658,
                    "Delta_PnL": 0.01862005043581625,
                    "Total_PnL": 0.0028739331658417487,
                    "delta_t": -0.6144024052736882,
                    "option_price_t": 187.51,
                    "underlying_price_t": 4335.66
                }
            },
            "sv_2023-09-21_2023-12-15": {
                "call": {
                    "start_date": "2023-09-21",
                    "strike": 4400.0,
                    "maturity": "2023-12-15",
                    "units": -0.001088656446287918,
                    "gamma": 0.0011729374876559152,
                    "vega": 821.8761602548113,
                    "tau": 0.2328767123287671,
                    "delta_t_1": 0.4095937266302656,
                    "option_price_t_1": 83.26,
                    "underlying_t_1": 4308.5,
                    "Option_PnL": -0.009242693228984418,
                    "Delta_PnL": -0.012110830069225264,
                    "Total_PnL": 0.002868136840240846,
                    "delta_t": 0.44085990657609214,
                    "option_price_t": 91.75,
                    "underlying_price_t": 4335.66
                },
                "put": {
                    "start_date": "2023-09-21",
                    "strike": 4400.0,
                    "maturity": "2023-12-15",
                    "units": -0.001088656446287918,
                    "gamma": 0.0011729374876559152,
                    "vega": 821.8761602548113,
                    "tau": 0.2328767123287671,
                    "delta_t_1": -0.5904062733697344,
                    "option_price_t_1": 174.76,
                    "underlying_t_1": 4308.5,
                    "Option_PnL": 0.020325215852195416,
                    "Delta_PnL": 0.01745707901195443,
                    "Total_PnL": 0.0028681368402409847,
                    "delta_t": -0.5591400934239079,
                    "option_price_t": 156.09,
                    "underlying_price_t": 4335.66
                }
            },
            "sv_2023-09-22_2023-12-15": {
                "call": {
                    "start_date": "2023-09-22",
                    "strike": 4350.0,
                    "maturity": "2023-12-15",
                    "units": -0.0010839440290540236,
                    "gamma": 0.0011980049760865297,
                    "vega": 825.7018692090577,
                    "tau": 0.23013698630136986,
                    "delta_t_1": 0.466570600481151,
                    "option_price_t_1": 103.32,
                    "underlying_t_1": 4308.5,
                    "Option_PnL": -0.011012871335188891,
                    "Delta_PnL": -0.013735801072783455,
                    "Total_PnL": 0.0027229297375945642,
                    "delta_t": 0.49863019352254223,
                    "option_price_t": 113.48,
                    "underlying_price_t": 4335.66
                },
                "put": {
                    "start_date": "2023-09-22",
                    "strike": 4350.0,
                    "maturity": "2023-12-15",
                    "units": -0.0010839440290540236,
                    "gamma": 0.0011980049760865297,
                    "vega": 825.7018692090577,
                    "tau": 0.23013698630136986,
                    "delta_t_1": -0.533429399518849,
                    "option_price_t_1": 144.82,
                    "underlying_t_1": 4308.5,
                    "Option_PnL": 0.0184270484939184,
                    "Delta_PnL": 0.01570411875632367,
                    "Total_PnL": 0.0027229297375947308,
                    "delta_t": -0.5013698064774578,
                    "option_price_t": 127.82,
                    "underlying_price_t": 4335.66
                }
            },
            "sv_2023-09-25_2023-12-15": {
                "call": {
                    "start_date": "2023-09-25",
                    "strike": 4300.0,
                    "maturity": "2023-12-15",
                    "units": -0.0011137235085478352,
                    "gamma": 0.0011958615843862908,
                    "vega": 805.7864043634846,
                    "tau": 0.2219178082191781,
                    "delta_t_1": 0.5255467476680471,
                    "option_price_t_1": 126.54,
                    "underlying_t_1": 4308.5,
                    "Option_PnL": -0.013320133162232102,
                    "Delta_PnL": -0.01589712193124147,
                    "Total_PnL": 0.002576988769009367,
                    "delta_t": 0.5581215722365214,
                    "option_price_t": 138.5,
                    "underlying_price_t": 4335.66
                },
                "put": {
                    "start_date": "2023-09-25",
                    "strike": 4300.0,
                    "maturity": "2023-12-15",
                    "units": -0.0011137235085478352,
                    "gamma": 0.0011958615843862908,
                    "vega": 805.7864043634846,
                    "tau": 0.2219178082191781,
                    "delta_t_1": -0.4744532523319529,
                    "option_price_t_1": 118.04,
                    "underlying_t_1": 4308.5,
                    "Option_PnL": 0.0169285973299271,
                    "Delta_PnL": 0.014351608560917571,
                    "Total_PnL": 0.0025769887690095285,
                    "delta_t": -0.44187842776347863,
                    "option_price_t": 102.84,
                    "underlying_price_t": 4335.66
                }
            },
            "sv_2023-09-26_2023-12-15": {
                "call": {
                    "start_date": "2023-09-26",
                    "strike": 4350.0,
                    "maturity": "2023-12-15",
                    "units": -0.0011368428735779438,
                    "gamma": 0.0011792391523131032,
                    "vega": 784.0100673697852,
                    "tau": 0.2191780821917808,
                    "delta_t_1": 0.46499071843551754,
                    "option_price_t_1": 103.32,
                    "underlying_t_1": 4308.5,
                    "Option_PnL": -0.011550323595551922,
                    "Delta_PnL": -0.014357356803924522,
                    "Total_PnL": 0.002807033208372601,
                    "delta_t": 0.497838120319355,
                    "option_price_t": 113.48,
                    "underlying_price_t": 4335.66
                },
                "put": {
                    "start_date": "2023-09-26",
                    "strike": 4350.0,
                    "maturity": "2023-12-15",
                    "units": -0.0011368428735779438,
                    "gamma": 0.0011792391523131032,
                    "vega": 784.0100673697852,
                    "tau": 0.2191780821917808,
                    "delta_t_1": -0.5350092815644825,
                    "option_price_t_1": 144.82,
                    "underlying_t_1": 4308.5,
                    "Option_PnL": 0.019326328850825046,
                    "Delta_PnL": 0.016519295642452265,
                    "Total_PnL": 0.0028070332083727813,
                    "delta_t": -0.5021618796806451,
                    "option_price_t": 127.82,
                    "underlying_price_t": 4335.66
                }
            },
            "sv_2023-09-27_2023-12-15": {
                "call": {
                    "start_date": "2023-09-27",
                    "strike": 4250.0,
                    "maturity": "2023-12-15",
                    "units": -0.0011332537670062982,
                    "gamma": 0.0012259884910959258,
                    "vega": 788.222885327978,
                    "tau": 0.21643835616438356,
                    "delta_t_1": 0.5864981369414795,
                    "option_price_t_1": 153.02,
                    "underlying_t_1": 4308.5,
                    "Option_PnL": -0.015638901984686895,
                    "Delta_PnL": -0.01805192721752478,
                    "Total_PnL": 0.0024130252328378836,
                    "delta_t": 0.6186372732531996,
                    "option_price_t": 166.82,
                    "underlying_price_t": 4335.66
                },
                "put": {
                    "start_date": "2023-09-27",
                    "strike": 4250.0,
                    "maturity": "2023-12-15",
                    "units": -0.0011332537670062982,
                    "gamma": 0.0012259884910959258,
                    "vega": 788.222885327978,
                    "tau": 0.21643835616438356,
                    "delta_t_1": -0.41350186305852055,
                    "option_price_t_1": 94.52,
                    "underlying_t_1": 4308.5,
                    "Option_PnL": 0.015140270327204143,
                    "Delta_PnL": 0.012727245094366115,
                    "Total_PnL": 0.0024130252328380276,
                    "delta_t": -0.3813627267468004,
                    "option_price_t": 81.16,
                    "underlying_price_t": 4335.66
                }
            },
            "sv_2023-09-28_2023-12-15": {
                "call": {
                    "start_date": "2023-09-28",
                    "strike": 4250.0,
                    "maturity": "2023-12-15",
                    "units": -0.0011498778459045405,
                    "gamma": 0.0012107665038441067,
                    "vega": 778.450582440317,
                    "tau": 0.2136986301369863,
                    "delta_t_1": 0.5868543826147381,
                    "option_price_t_1": 153.02,
                    "underlying_t_1": 4308.5,
                    "Option_PnL": -0.01586831427348264,
                    "Delta_PnL": -0.01832786277673261,
                    "Total_PnL": 0.0024595485032499684,
                    "delta_t": 0.6191890470834008,
                    "option_price_t": 166.82,
                    "underlying_price_t": 4335.66
                },
                "put": {
                    "start_date": "2023-09-28",
                    "strike": 4250.0,
                    "maturity": "2023-12-15",
                    "units": -0.0011498778459045405,
                    "gamma": 0.0012107665038441067,
                    "vega": 778.450582440317,
                    "tau": 0.2136986301369863,
                    "delta_t_1": -0.4131456173852619,
                    "option_price_t_1": 94.52,
                    "underlying_t_1": 4308.5,
                    "Option_PnL": 0.015362368021284661,
                    "Delta_PnL": 0.012902819518034543,
                    "Total_PnL": 0.0024595485032501176,
                    "delta_t": -0.38081095291659917,
                    "option_price_t": 81.16,
                    "underlying_price_t": 4335.66
                }
            },
            "sv_2023-09-29_2023-12-15": {
                "call": {
                    "start_date": "2023-09-29",
                    "strike": 4300.0,
                    "maturity": "2023-12-15",
                    "units": -0.0011398892886089042,
                    "gamma": 0.0012571717894205906,
                    "vega": 785.7217185888775,
                    "tau": 0.21095890410958903,
                    "delta_t_1": 0.5254287301754264,
                    "option_price_t_1": 126.54,
                    "underlying_t_1": 4308.5,
                    "Option_PnL": -0.013633075891762486,
                    "Delta_PnL": -0.016266954592299966,
                    "Total_PnL": 0.0026338787005374797,
                    "delta_t": 0.558836758308702,
                    "option_price_t": 138.5,
                    "underlying_price_t": 4335.66
                },
                "put": {
                    "start_date": "2023-09-29",
                    "strike": 4300.0,
                    "maturity": "2023-12-15",
                    "units": -0.0011398892886089042,
                    "gamma": 0.0012571717894205906,
                    "vega": 785.7217185888775,
                    "tau": 0.21095890410958903,
                    "delta_t_1": -0.47457126982457365,
                    "option_price_t_1": 118.04,
                    "underlying_t_1": 4308.5,
                    "Option_PnL": 0.017326317186855348,
                    "Delta_PnL": 0.014692438486317705,
                    "Total_PnL": 0.0026338787005376427,
                    "delta_t": -0.44116324169129795,
                    "option_price_t": 102.84,
                    "underlying_price_t": 4335.66
                }
            },
            "sv_2023-10-02_2023-12-15": {
                "call": {
                    "start_date": "2023-10-02",
                    "strike": 4300.0,
                    "maturity": "2023-12-15",
                    "units": -0.001165366312119402,
                    "gamma": 0.001282222273728389,
                    "vega": 770.3242253588497,
                    "tau": 0.20273972602739726,
                    "delta_t_1": 0.5253475257276666,
                    "option_price_t_1": 126.54,
                    "underlying_t_1": 4308.5,
                    "Option_PnL": -0.013937781092948041,
                    "Delta_PnL": -0.016627957902616234,
                    "Total_PnL": 0.0026901768096681926,
                    "delta_t": 0.5594240297143795,
                    "option_price_t": 138.5,
                    "underlying_price_t": 4335.66
                },
                "put": {
                    "start_date": "2023-10-02",
                    "strike": 4300.0,
                    "maturity": "2023-12-15",
                    "units": -0.001165366312119402,
                    "gamma": 0.001282222273728389,
                    "vega": 770.3242253588497,
                    "tau": 0.20273972602739726,
                    "delta_t_1": -0.47465247427233337,
                    "option_price_t_1": 118.04,
                    "underlying_t_1": 4308.5,
                    "Option_PnL": 0.017713567944214914,
                    "Delta_PnL": 0.015023391134546555,
                    "Total_PnL": 0.002690176809668359,
                    "delta_t": -0.44057597028562046,
                    "option_price_t": 102.84,
                    "underlying_price_t": 4335.66
                }
            },
            "sv_2023-10-03_2023-12-15": {
                "call": {
                    "start_date": "2023-10-03",
                    "strike": 4300.0,
                    "maturity": "2023-12-15",
                    "units": -0.0012018553411109226,
                    "gamma": 0.0012573725591268872,
                    "vega": 741.426596453412,
                    "tau": 0.2,
                    "delta_t_1": 0.5253220221806921,
                    "option_price_t_1": 126.54,
                    "underlying_t_1": 4308.5,
                    "Option_PnL": -0.014374189879686628,
                    "Delta_PnL": -0.017147766882854173,
                    "Total_PnL": 0.0027735770031675454,
                    "delta_t": 0.5596303993114203,
                    "option_price_t": 138.5,
                    "underlying_price_t": 4335.66
                },
                "put": {
                    "start_date": "2023-10-03",
                    "strike": 4300.0,
                    "maturity": "2023-12-15",
                    "units": -0.0012018553411109226,
                    "gamma": 0.0012573725591268872,
                    "vega": 741.426596453412,
                    "tau": 0.2,
                    "delta_t_1": -0.4746779778193079,
                    "option_price_t_1": 118.04,
                    "underlying_t_1": 4308.5,
                    "Option_PnL": 0.018268201184886028,
                    "Delta_PnL": 0.015494624181718313,
                    "Total_PnL": 0.0027735770031677154,
                    "delta_t": -0.44036960068857967,
                    "option_price_t": 102.84,
                    "underlying_price_t": 4335.66
                }
            },
            "sv_2023-10-04_2023-12-15": {
                "call": {
                    "start_date": "2023-10-04",
                    "strike": 4250.0,
                    "maturity": "2023-12-15",
                    "units": -0.0011858830683761702,
                    "gamma": 0.0012525453936279955,
                    "vega": 753.0270799727522,
                    "tau": 0.19726027397260273,
                    "delta_t_1": 0.5891709543930915,
                    "option_price_t_1": 153.02,
                    "underlying_t_1": 4308.5,
                    "Option_PnL": -0.016365186343591128,
                    "Delta_PnL": -0.0189763622557034,
                    "Total_PnL": 0.0026111759121122714,
                    "delta_t": 0.6227583063002302,
                    "option_price_t": 166.82,
                    "underlying_price_t": 4335.66
                },
                "put": {
                    "start_date": "2023-10-04",
                    "strike": 4250.0,
                    "maturity": "2023-12-15",
                    "units": -0.0011858830683761702,
                    "gamma": 0.0012525453936279955,
                    "vega": 753.0270799727522,
                    "tau": 0.19726027397260273,
                    "delta_t_1": -0.41082904560690847,
                    "option_price_t_1": 94.52,
                    "underlying_t_1": 4308.5,
                    "Option_PnL": 0.01584339779350563,
                    "Delta_PnL": 0.013232221881393212,
                    "Total_PnL": 0.002611175912112419,
                    "delta_t": -0.3772416936997698,
                    "option_price_t": 81.16,
                    "underlying_price_t": 4335.66
                }
            },
            "sv_2023-10-05_2023-12-15": {
                "call": {
                    "start_date": "2023-10-05",
                    "strike": 4250.0,
                    "maturity": "2023-12-15",
                    "units": -0.001196928536373385,
                    "gamma": 0.00130445202918578,
                    "vega": 747.7634228205429,
                    "tau": 0.19452054794520549,
                    "delta_t_1": 0.58958972588218,
                    "option_price_t_1": 153.02,
                    "underlying_t_1": 4308.5,
                    "Option_PnL": -0.016517613801952692,
                    "Delta_PnL": -0.019166724209671106,
                    "Total_PnL": 0.0026491104077184142,
                    "delta_t": 0.6234002721334628,
                    "option_price_t": 166.82,
                    "underlying_price_t": 4335.66
                },
                "put": {
                    "start_date": "2023-10-05",
                    "strike": 4250.0,
                    "maturity": "2023-12-15",
                    "units": -0.001196928536373385,
                    "gamma": 0.00130445202918578,
                    "vega": 747.7634228205429,
                    "tau": 0.19452054794520549,
                    "delta_t_1": -0.41041027411782005,
                    "option_price_t_1": 94.52,
                    "underlying_t_1": 4308.5,
                    "Option_PnL": 0.015990965245948424,
                    "Delta_PnL": 0.013341854838229856,
                    "Total_PnL": 0.0026491104077185686,
                    "delta_t": -0.37659972786653717,
                    "option_price_t": 81.16,
                    "underlying_price_t": 4335.66
                }
            },
            "sv_2023-10-06_2023-12-15": {
                "call": {
                    "start_date": "2023-10-06",
                    "strike": 4250.0,
                    "maturity": "2023-12-15",
                    "units": -0.001225182328787114,
                    "gamma": 0.001267127076512161,
                    "vega": 733.4842920897609,
                    "tau": 0.1917808219178082,
                    "delta_t_1": 0.5900187312420225,
                    "option_price_t_1": 153.02,
                    "underlying_t_1": 4258.19,
                    "delta_t": 0.6240569560106406,
                    "option_price_t": 166.82,
                    "underlying_price_t": 4335.66,
                    "Option_PnL": -0.016907516137262154,
                    "Delta_PnL": -0.05600155413006682,
                    "Total_PnL": 0.03909403799280467
                },
                "put": {
                    "start_date": "2023-10-06",
                    "strike": 4250.0,
                    "maturity": "2023-12-15",
                    "units": -0.001225182328787114,
                    "gamma": 0.001267127076512161,
                    "vega": 733.4842920897609,
                    "tau": 0.1917808219178082,
                    "delta_t_1": -0.40998126875797747,
                    "option_price_t_1": 94.52,
                    "underlying_t_1": 4258.19,
                    "delta_t": -0.3759430439893594,
                    "option_price_t": 81.16,
                    "underlying_price_t": 4335.66,
                    "Option_PnL": 0.016368435912595843,
                    "Delta_PnL": 0.038913320881071224,
                    "Total_PnL": -0.02254488496847538
                }
            },
            "sv_2023-10-09_2023-12-15": {
                "call": {
                    "start_date": "2023-10-09",
                    "strike": 4300.0,
                    "maturity": "2023-12-15",
                    "units": -0.0012334668581060273,
                    "delta_t": 0.5609943491010951,
                    "gamma": 0.001307019908567558,
                    "vega": 732.386605916003,
                    "tau": 0.18356164383561643,
                    "option_price_t": 138.5,
                    "underlying_price_t": 4308.5
                },
                "put": {
                    "start_date": "2023-10-09",
                    "strike": 4300.0,
                    "maturity": "2023-12-15",
                    "units": -0.0012334668581060273,
                    "delta_t": -0.43900565089890486,
                    "gamma": 0.001307019908567558,
                    "vega": 732.386605916003,
                    "tau": 0.18356164383561643,
                    "option_price_t": 102.84,
                    "underlying_price_t": 4308.5
                }
            }
        }
    }
}