{
    "spx_strategy": {
        "date": "2023-07-05",
        "index_levels": 109.44988884604916,
        "result": {
            "sv_2023-05-01_2023-07-21": {
                "call": {
                    "start_date": "2023-05-01",
                    "strike": 4150.0,
                    "maturity": "2023-07-21",
                    "units": -0.001118809254092822,
                    "gamma": 0.0012009433787203178,
                    "vega": 779.8458472982643,
                    "tau": 0.2219178082191781,
                    "delta_t_1": 0.8475330422299779,
                    "option_price_t_1": 306.53,
                    "underlying_t_1": 4455.59,
                    "Option_PnL": 0.01003571900921258,
                    "Delta_PnL": 0.008315957900684331,
                    "Total_PnL": 0.001719761108528249,
                    "delta_t": 0.8407514441125011,
                    "option_price_t": 297.56,
                    "underlying_price_t": 4446.82
                },
                "put": {
                    "start_date": "2023-05-01",
                    "strike": 4150.0,
                    "maturity": "2023-07-21",
                    "units": -0.001118809254092822,
                    "gamma": 0.0012009433787203178,
                    "vega": 779.8458472982643,
                    "tau": 0.2219178082191781,
                    "delta_t_1": -0.15246695777002206,
                    "option_price_t_1": 0.94,
                    "underlying_t_1": 4455.59,
                    "Option_PnL": 0.00022376185081856434,
                    "Delta_PnL": -0.0014959992577102054,
                    "Total_PnL": 0.0017197611085287697,
                    "delta_t": -0.15924855588749887,
                    "option_price_t": 0.74,
                    "underlying_price_t": 4446.82
                }
            },
            "sv_2023-05-02_2023-07-21": {
                "call": {
                    "start_date": "2023-05-02",
                    "strike": 4150.0,
                    "maturity": "2023-07-21",
                    "units": -0.0011364040493693874,
                    "gamma": 0.0011961647434677813,
                    "vega": 768.4337145189843,
                    "tau": 0.2191780821917808,
                    "delta_t_1": 0.8489303167125428,
                    "option_price_t_1": 306.53,
                    "underlying_t_1": 4455.59,
                    "Option_PnL": 0.01019354432284337,
                    "Delta_PnL": 0.008460663240506303,
                    "Total_PnL": 0.001732881082337068,
                    "delta_t": 0.842146796488116,
                    "option_price_t": 297.56,
                    "underlying_price_t": 4446.82
                },
                "put": {
                    "start_date": "2023-05-02",
                    "strike": 4150.0,
                    "maturity": "2023-07-21",
                    "units": -0.0011364040493693874,
                    "gamma": 0.0011961647434677813,
                    "vega": 768.4337145189843,
                    "tau": 0.2191780821917808,
                    "delta_t_1": -0.15106968328745718,
                    "option_price_t_1": 0.94,
                    "underlying_t_1": 4455.59,
                    "Option_PnL": 0.00022728080987387744,
                    "Delta_PnL": -0.0015056002724637219,
                    "Total_PnL": 0.0017328810823375993,
                    "delta_t": -0.15785320351188403,
                    "option_price_t": 0.74,
                    "underlying_price_t": 4446.82
                }
            },
            "sv_2023-05-03_2023-07-21": {
                "call": {
                    "start_date": "2023-05-03",
                    "strike": 4100.0,
                    "maturity": "2023-07-21",
                    "units": -0.0011541776525012728,
                    "gamma": 0.0012313385071434436,
                    "vega": 759.1952256481195,
                    "tau": 0.21643835616438356,
                    "delta_t_1": 0.886657380254438,
                    "option_price_t_1": 355.92,
                    "underlying_t_1": 4455.59,
                    "Option_PnL": 0.010226014001161292,
                    "Delta_PnL": 0.008974868372680958,
                    "Total_PnL": 0.0012511456284803341,
                    "delta_t": 0.8810113863399642,
                    "option_price_t": 347.06,
                    "underlying_price_t": 4446.82
                },
                "put": {
                    "start_date": "2023-05-03",
                    "strike": 4100.0,
                    "maturity": "2023-07-21",
                    "units": -0.0011541776525012728,
                    "gamma": 0.0012313385071434436,
                    "vega": 759.1952256481195,
                    "tau": 0.21643835616438356,
                    "delta_t_1": -0.11334261974556203,
                    "option_price_t_1": 0.33,
                    "underlying_t_1": 4455.59,
                    "Option_PnL": 0.00010387598872511458,
                    "Delta_PnL": -0.001147269639755708,
                    "Total_PnL": 0.0012511456284808227,
                    "delta_t": -0.11898861366003577,
                    "option_price_t": 0.24,
                    "underlying_price_t": 4446.82
                }
            },
            "sv_2023-05-04_2023-07-21": {
                "call": {
                    "start_date": "2023-05-04",
                    "strike": 4100.0,
                    "maturity": "2023-07-21",
                    "units": -0.001181607965946895,
                    "gamma": 0.0013066566522292467,
                    "vega": 745.9826968131879,
                    "tau": 0.2136986301369863,
                    "delta_t_1": 0.8880485250690454,
                    "option_price_t_1": 355.92,
                    "underlying_t_1": 4455.59,
                    "Option_PnL": 0.010469046578289506,
                    "Delta_PnL": 0.009202582103706369,
                    "Total_PnL": 0.0012664644745831368,
                    "delta_t": 0.8824150399910169,
                    "option_price_t": 347.06,
                    "underlying_price_t": 4446.82
                },
                "put": {
                    "start_date": "2023-05-04",
                    "strike": 4100.0,
                    "maturity": "2023-07-21",
                    "units": -0.001181607965946895,
                    "gamma": 0.0013066566522292467,
                    "vega": 745.9826968131879,
                    "tau": 0.2136986301369863,
                    "delta_t_1": -0.11195147493095459,
                    "option_price_t_1": 0.33,
                    "underlying_t_1": 4455.59,
                    "Option_PnL": 0.00010634471693522058,
                    "Delta_PnL": -0.0011601197576484167,
                    "Total_PnL": 0.0012664644745836373,
                    "delta_t": -0.11758496000898311,
                    "option_price_t": 0.24,
                    "underlying_price_t": 4446.82
                }
            },
            "sv_2023-05-05_2023-07-21": {
                "call": {
                    "start_date": "2023-05-05",
                    "strike": 4050.0,
                    "maturity": "2023-07-21",
                    "units": -0.0012045815030238087,
                    "gamma": 0.001166268418311305,
                    "vega": 723.1263048661901,
                    "tau": 0.21095890410958903,
                    "delta_t_1": 0.9190918491480339,
                    "option_price_t_1": 405.69,
                    "underlying_t_1": 4455.59,
                    "Option_PnL": 0.010600317226609531,
                    "Delta_PnL": 0.009709451530128872,
                    "Total_PnL": 0.000890865696480659,
                    "delta_t": 0.9145878597830577,
                    "option_price_t": 396.89,
                    "underlying_price_t": 4446.82
                },
                "put": {
                    "start_date": "2023-05-05",
                    "strike": 4050.0,
                    "maturity": "2023-07-21",
                    "units": -0.0012045815030238087,
                    "gamma": 0.001166268418311305,
                    "vega": 723.1263048661901,
                    "tau": 0.21095890410958903,
                    "delta_t_1": -0.08090815085196612,
                    "option_price_t_1": 0.1,
                    "underlying_t_1": 4455.59,
                    "Option_PnL": 3.613744509071426e-05,
                    "Delta_PnL": -0.0008547282513904563,
                    "Total_PnL": 0.0008908656964811706,
                    "delta_t": -0.08541214021694232,
                    "option_price_t": 0.07,
                    "underlying_price_t": 4446.82
                }
            },
            "sv_2023-05-08_2023-07-21": {
                "call": {
                    "start_date": "2023-05-08",
                    "strike": 4150.0,
                    "maturity": "2023-07-21",
                    "units": -0.0011761829137768595,
                    "gamma": 0.0012502528276856848,
                    "vega": 743.3308579791623,
                    "tau": 0.20273972602739726,
                    "delta_t_1": 0.8577111279810616,
                    "option_price_t_1": 306.53,
                    "underlying_t_1": 4455.59,
                    "Option_PnL": 0.010550360736578395,
                    "Delta_PnL": 0.00884739677324071,
                    "Total_PnL": 0.0017029639633376857,
                    "delta_t": 0.8509273626231135,
                    "option_price_t": 297.56,
                    "underlying_price_t": 4446.82
                },
                "put": {
                    "start_date": "2023-05-08",
                    "strike": 4150.0,
                    "maturity": "2023-07-21",
                    "units": -0.0011761829137768595,
                    "gamma": 0.0012502528276856848,
                    "vega": 743.3308579791623,
                    "tau": 0.20273972602739726,
                    "delta_t_1": -0.14228887201893836,
                    "option_price_t_1": 0.94,
                    "underlying_t_1": 4455.59,
                    "Option_PnL": 0.00023523658275537184,
                    "Delta_PnL": -0.0014677273805828622,
                    "Total_PnL": 0.0017029639633382339,
                    "delta_t": -0.14907263737688647,
                    "option_price_t": 0.74,
                    "underlying_price_t": 4446.82
                }
            },
            "sv_2023-05-09_2023-07-21": {
                "call": {
                    "start_date": "2023-05-09",
                    "strike": 4150.0,
                    "maturity": "2023-07-21",
                    "units": -0.0011940862605680368,
                    "gamma": 0.0012541850398198901,
                    "vega": 733.6683112025726,
                    "tau": 0.2,
                    "delta_t_1": 0.8592442674807155,
                    "option_price_t_1": 306.53,
                    "underlying_t_1": 4455.59,
                    "Option_PnL": 0.010710953757295255,
                    "Delta_PnL": 0.008998123260353342,
                    "Total_PnL": 0.0017128304969419132,
                    "delta_t": 0.8524626219334932,
                    "option_price_t": 297.56,
                    "underlying_price_t": 4446.82
                },
                "put": {
                    "start_date": "2023-05-09",
                    "strike": 4150.0,
                    "maturity": "2023-07-21",
                    "units": -0.0011940862605680368,
                    "gamma": 0.0012541850398198901,
                    "vega": 733.6683112025726,
                    "tau": 0.2,
                    "delta_t_1": -0.14075573251928453,
                    "option_price_t_1": 0.94,
                    "underlying_t_1": 4455.59,
                    "Option_PnL": 0.0002388172521136073,
                    "Delta_PnL": -0.0014740132448288613,
                    "Total_PnL": 0.0017128304969424686,
                    "delta_t": -0.1475373780665068,
                    "option_price_t": 0.74,
                    "underlying_price_t": 4446.82
                }
            },
            "sv_2023-05-10_2023-07-21": {
                "call": {
                    "start_date": "2023-05-10",
                    "strike": 4100.0,
                    "maturity": "2023-07-21",
                    "units": -0.0012090874651284945,
                    "gamma": 0.0012432901249369568,
                    "vega": 724.0831603780638,
                    "tau": 0.19726027397260273,
                    "delta_t_1": 0.8967157704288595,
                    "option_price_t_1": 355.92,
                    "underlying_t_1": 4455.59,
                    "Option_PnL": 0.010712514941038477,
                    "Delta_PnL": 0.009508502386781675,
                    "Total_PnL": 0.0012040125542568027,
                    "delta_t": 0.8911746198944374,
                    "option_price_t": 347.06,
                    "underlying_price_t": 4446.82
                },
                "put": {
                    "start_date": "2023-05-10",
                    "strike": 4100.0,
                    "maturity": "2023-07-21",
                    "units": -0.0012090874651284945,
                    "gamma": 0.0012432901249369568,
                    "vega": 724.0831603780638,
                    "tau": 0.19726027397260273,
                    "delta_t_1": -0.10328422957114047,
                    "option_price_t_1": 0.33,
                    "underlying_t_1": 4455.59,
                    "Option_PnL": 0.00010881787186156454,
                    "Delta_PnL": -0.0010951946823957504,
                    "Total_PnL": 0.001204012554257315,
                    "delta_t": -0.10882538010556264,
                    "option_price_t": 0.24,
                    "underlying_price_t": 4446.82
                }
            },
            "sv_2023-05-11_2023-07-21": {
                "call": {
                    "start_date": "2023-05-11",
                    "strike": 4150.0,
                    "maturity": "2023-07-21",
                    "units": -0.0012102520706436168,
                    "gamma": 0.0013105943156719454,
                    "vega": 726.5293574480984,
                    "tau": 0.19452054794520549,
                    "delta_t_1": 0.8623737904128614,
                    "option_price_t_1": 306.53,
                    "underlying_t_1": 4455.59,
                    "Option_PnL": 0.010855961073673207,
                    "Delta_PnL": 0.009153158366575338,
                    "Total_PnL": 0.0017028027070978696,
                    "delta_t": 0.8555985447306393,
                    "option_price_t": 297.56,
                    "underlying_price_t": 4446.82
                },
                "put": {
                    "start_date": "2023-05-11",
                    "strike": 4150.0,
                    "maturity": "2023-07-21",
                    "units": -0.0012102520706436168,
                    "gamma": 0.0013105943156719454,
                    "vega": 726.5293574480984,
                    "tau": 0.19452054794520549,
                    "delta_t_1": -0.13762620958713856,
                    "option_price_t_1": 0.94,
                    "underlying_t_1": 4455.59,
                    "Option_PnL": 0.0002420504141287233,
                    "Delta_PnL": -0.0014607522929697108,
                    "Total_PnL": 0.001702802707098434,
                    "delta_t": -0.14440145526936066,
                    "option_price_t": 0.74,
                    "underlying_price_t": 4446.82
                }
            },
            "sv_2023-05-12_2023-07-21": {
                "call": {
                    "start_date": "2023-05-12",
                    "strike": 4150.0,
                    "maturity": "2023-07-21",
                    "units": -0.0012244381388136576,
                    "gamma": 0.001326172126740332,
                    "vega": 719.6247595449391,
                    "tau": 0.1917808219178082,
                    "delta_t_1": 0.8639709957277515,
                    "option_price_t_1": 306.53,
                    "underlying_t_1": 4455.59,
                    "Option_PnL": 0.010983210105158472,
                    "Delta_PnL": 0.009277599163241786,
                    "Total_PnL": 0.0017056109419166868,
                    "delta_t": 0.857200108443132,
                    "option_price_t": 297.56,
                    "underlying_price_t": 4446.82
                },
                "put": {
                    "start_date": "2023-05-12",
                    "strike": 4150.0,
                    "maturity": "2023-07-21",
                    "units": -0.0012244381388136576,
                    "gamma": 0.001326172126740332,
                    "vega": 719.6247595449391,
                    "tau": 0.1917808219178082,
                    "delta_t_1": -0.1360290042722485,
                    "option_price_t_1": 0.94,
                    "underlying_t_1": 4455.59,
                    "Option_PnL": 0.00024488762776273145,
                    "Delta_PnL": -0.001460723314154525,
                    "Total_PnL": 0.0017056109419172564,
                    "delta_t": -0.142799891556868,
                    "option_price_t": 0.74,
                    "underlying_price_t": 4446.82
                }
            },
            "sv_2023-05-15_2023-07-21": {
                "call": {
                    "start_date": "2023-05-15",
                    "strike": 4100.0,
                    "maturity": "2023-07-21",
                    "units": -0.001269322737727619,
                    "gamma": 0.0013906819305326526,
                    "vega": 697.6627037652298,
                    "tau": 0.18356164383561643,
                    "delta_t_1": 0.904377218764825,
                    "option_price_t_1": 355.92,
                    "underlying_t_1": 4455.59,
                    "Option_PnL": 0.011246199456266722,
                    "Delta_PnL": 0.010067491394879976,
                    "Total_PnL": 0.001178708061386747,
                    "delta_t": 0.8989397641338217,
                    "option_price_t": 347.06,
                    "underlying_price_t": 4446.82
                },
                "put": {
                    "start_date": "2023-05-15",
                    "strike": 4100.0,
                    "maturity": "2023-07-21",
                    "units": -0.001269322737727619,
                    "gamma": 0.0013906819305326526,
                    "vega": 697.6627037652298,
                    "tau": 0.18356164383561643,
                    "delta_t_1": -0.09562278123517498,
                    "option_price_t_1": 0.33,
                    "underlying_t_1": 4455.59,
                    "Option_PnL": 0.00011423904639548575,
                    "Delta_PnL": -0.0010644690149917975,
                    "Total_PnL": 0.0011787080613872832,
                    "delta_t": -0.1010602358661783,
                    "option_price_t": 0.24,
                    "underlying_price_t": 4446.82
                }
            },
            "sv_2023-05-16_2023-07-21": {
                "call": {
                    "start_date": "2023-05-16",
                    "strike": 4150.0,
                    "maturity": "2023-07-21",
                    "units": -0.0012814880855534544,
                    "gamma": 0.0014116899657190634,
                    "vega": 693.1719526155051,
                    "tau": 0.18082191780821918,
                    "delta_t_1": 0.870586043231314,
                    "option_price_t_1": 306.53,
                    "underlying_t_1": 4455.59,
                    "Option_PnL": 0.011494948127414448,
                    "Delta_PnL": 0.009784212279025458,
                    "Total_PnL": 0.0017107358483889907,
                    "delta_t": 0.8638413357011505,
                    "option_price_t": 297.56,
                    "underlying_price_t": 4446.82
                },
                "put": {
                    "start_date": "2023-05-16",
                    "strike": 4150.0,
                    "maturity": "2023-07-21",
                    "units": -0.0012814880855534544,
                    "gamma": 0.0014116899657190634,
                    "vega": 693.1719526155051,
                    "tau": 0.18082191780821918,
                    "delta_t_1": -0.12941395676868594,
                    "option_price_t_1": 0.94,
                    "underlying_t_1": 4455.59,
                    "Option_PnL": 0.00025629761711069084,
                    "Delta_PnL": -0.0014544382312788981,
                    "Total_PnL": 0.001710735848389589,
                    "delta_t": -0.13615866429884949,
                    "option_price_t": 0.74,
                    "underlying_price_t": 4446.82
                }
            },
            "sv_2023-05-17_2023-07-21": {
                "call": {
                    "start_date": "2023-05-17",
                    "strike": 4100.0,
                    "maturity": "2023-07-21",
                    "units": -0.0012951178989175844,
                    "gamma": 0.0013442985796727675,
                    "vega": 680.274016592645,
                    "tau": 0.1780821917808219,
                    "delta_t_1": 0.9075583026798895,
                    "option_price_t_1": 355.92,
                    "underlying_t_1": 4455.59,
                    "Option_PnL": 0.011474744584409816,
                    "Delta_PnL": 0.010308214168522643,
                    "Total_PnL": 0.0011665304158871726,
                    "delta_t": 0.902170466625249,
                    "option_price_t": 347.06,
                    "underlying_price_t": 4446.82
                },
                "put": {
                    "start_date": "2023-05-17",
                    "strike": 4100.0,
                    "maturity": "2023-07-21",
                    "units": -0.0012951178989175844,
                    "gamma": 0.0013442985796727675,
                    "vega": 680.274016592645,
                    "tau": 0.1780821917808219,
                    "delta_t_1": -0.09244169732011054,
                    "option_price_t_1": 0.33,
                    "underlying_t_1": 4455.59,
                    "Option_PnL": 0.00011656061090258263,
                    "Delta_PnL": -0.0010499698049851367,
                    "Total_PnL": 0.0011665304158877193,
                    "delta_t": -0.09782953337475098,
                    "option_price_t": 0.24,
                    "underlying_price_t": 4446.82
                }
            },
            "sv_2023-05-18_2023-07-21": {
                "call": {
                    "start_date": "2023-05-18",
                    "strike": 4150.0,
                    "maturity": "2023-07-21",
                    "units": -0.0012738912186612654,
                    "gamma": 0.0013353030159221617,
                    "vega": 687.4228919618631,
                    "tau": 0.17534246575342466,
                    "delta_t_1": 0.874035482580947,
                    "option_price_t_1": 306.53,
                    "underlying_t_1": 4455.59,
                    "Option_PnL": 0.011426804231391512,
                    "Delta_PnL": 0.00976474712553116,
                    "Total_PnL": 0.0016620571058603515,
                    "delta_t": 0.8673098099986567,
                    "option_price_t": 297.56,
                    "underlying_price_t": 4446.82
                },
                "put": {
                    "start_date": "2023-05-18",
                    "strike": 4150.0,
                    "maturity": "2023-07-21",
                    "units": -0.0012738912186612654,
                    "gamma": 0.0013353030159221617,
                    "vega": 687.4228919618631,
                    "tau": 0.17534246575342466,
                    "delta_t_1": -0.125964517419053,
                    "option_price_t_1": 0.94,
                    "underlying_t_1": 4455.59,
                    "Option_PnL": 0.000254778243732253,
                    "Delta_PnL": -0.0014072788621286925,
                    "Total_PnL": 0.0016620571058609456,
                    "delta_t": -0.1326901900013433,
                    "option_price_t": 0.74,
                    "underlying_price_t": 4446.82
                }
            },
            "sv_2023-05-19_2023-07-21": {
                "call": {
                    "start_date": "2023-05-19",
                    "strike": 4200.0,
                    "maturity": "2023-07-21",
                    "units": -0.0012611905229274085,
                    "gamma": 0.0013757730056106927,
                    "vega": 694.7724797883134,
                    "tau": 0.1726027397260274,
                    "delta_t_1": 0.832730391235853,
                    "option_price_t_1": 257.98,
                    "underlying_t_1": 4455.59,
                    "Option_PnL": 0.01151466947432727,
                    "Delta_PnL": 0.00921053181237961,
                    "Total_PnL": 0.0023041376619476594,
                    "delta_t": 0.8245980166283071,
                    "option_price_t": 248.85,
                    "underlying_price_t": 4446.82
                },
                "put": {
                    "start_date": "2023-05-19",
                    "strike": 4200.0,
                    "maturity": "2023-07-21",
                    "units": -0.0012611905229274085,
                    "gamma": 0.0013757730056106927,
                    "vega": 694.7724797883134,
                    "tau": 0.1726027397260274,
                    "delta_t_1": -0.16726960876414698,
                    "option_price_t_1": 2.39,
                    "underlying_t_1": 4455.59,
                    "Option_PnL": 0.0004540285882538675,
                    "Delta_PnL": -0.0018501090736943134,
                    "Total_PnL": 0.0023041376619481807,
                    "delta_t": -0.17540198337169288,
                    "option_price_t": 2.03,
                    "underlying_price_t": 4446.82
                }
            },
            "sv_2023-05-22_2023-08-18": {
                "call": {
                    "start_date": "2023-05-22",
                    "strike": 4200.0,
                    "maturity": "2023-08-18",
                    "units": -0.0010702795298377708,
                    "gamma": 0.0011636456041082173,
                    "vega": 821.1260226805822,
                    "tau": 0.2410958904109589,
                    "delta_t_1": 0.795919752206475,
                    "option_price_t_1": 271.89,
                    "underlying_t_1": 4455.59,
                    "Option_PnL": 0.009311431909588594,
                    "Delta_PnL": 0.00747078254144021,
                    "Total_PnL": 0.001840649368148384,
                    "delta_t": 0.7881696904100794,
                    "option_price_t": 263.19,
                    "underlying_price_t": 4446.82
                },
                "put": {
                    "start_date": "2023-05-22",
                    "strike": 4200.0,
                    "maturity": "2023-08-18",
                    "units": -0.0010702795298377708,
                    "gamma": 0.0011636456041082173,
                    "vega": 821.1260226805822,
                    "tau": 0.2410958904109589,
                    "delta_t_1": -0.20408024779352496,
                    "option_price_t_1": 16.3,
                    "underlying_t_1": 4455.59,
                    "Option_PnL": -7.491956708864426e-05,
                    "Delta_PnL": -0.0019155689352375075,
                    "Total_PnL": 0.0018406493681488634,
                    "delta_t": -0.21183030958992055,
                    "option_price_t": 16.37,
                    "underlying_price_t": 4446.82
                }
            },
            "sv_2023-05-23_2023-08-18": {
                "call": {
                    "start_date": "2023-05-23",
                    "strike": 4200.0,
                    "maturity": "2023-08-18",
                    "units": -0.0010949593045609081,
                    "gamma": 0.0011440826789085588,
                    "vega": 802.1812749413682,
                    "tau": 0.23835616438356164,
                    "delta_t_1": 0.7971396202773524,
                    "option_price_t_1": 271.89,
                    "underlying_t_1": 4455.59,
                    "Option_PnL": 0.009526145949679888,
                    "Delta_PnL": 0.007654766846132834,
                    "Total_PnL": 0.001871379103547054,
                    "delta_t": 0.7893719047879281,
                    "option_price_t": 263.19,
                    "underlying_price_t": 4446.82
                },
                "put": {
                    "start_date": "2023-05-23",
                    "strike": 4200.0,
                    "maturity": "2023-08-18",
                    "units": -0.0010949593045609081,
                    "gamma": 0.0011440826789085588,
                    "vega": 802.1812749413682,
                    "tau": 0.23835616438356164,
                    "delta_t_1": -0.2028603797226476,
                    "option_price_t_1": 16.3,
                    "underlying_t_1": 4455.59,
                    "Option_PnL": -7.664715131926388e-05,
                    "Delta_PnL": -0.001948026254866808,
                    "Total_PnL": 0.001871379103547544,
                    "delta_t": -0.21062809521207193,
                    "option_price_t": 16.37,
                    "underlying_price_t": 4446.82
                }
            },
            "sv_2023-05-24_2023-08-18": {
                "call": {
                    "start_date": "2023-05-24",
                    "strike": 4150.0,
                    "maturity": "2023-08-18",
                    "units": -0.0011049776157564801,
                    "gamma": 0.001156250386972903,
                    "vega": 795.5385078409948,
                    "tau": 0.2356164383561644,
                    "delta_t_1": 0.8408094842911988,
                    "option_price_t_1": 315.87,
                    "underlying_t_1": 4455.59,
                    "Option_PnL": 0.009723803018657037,
                    "Delta_PnL": 0.008147993531688895,
                    "Total_PnL": 0.001575809486968142,
                    "delta_t": 0.834044044795585,
                    "option_price_t": 307.07,
                    "underlying_price_t": 4446.82
                },
                "put": {
                    "start_date": "2023-05-24",
                    "strike": 4150.0,
                    "maturity": "2023-08-18",
                    "units": -0.0011049776157564801,
                    "gamma": 0.001156250386972903,
                    "vega": 795.5385078409948,
                    "tau": 0.2356164383561644,
                    "delta_t_1": -0.15919051570880116,
                    "option_price_t_1": 10.28,
                    "underlying_t_1": 4455.59,
                    "Option_PnL": 3.31493284726937e-05,
                    "Delta_PnL": -0.0015426601584959173,
                    "Total_PnL": 0.001575809486968611,
                    "delta_t": -0.16595595520441497,
                    "option_price_t": 10.25,
                    "underlying_price_t": 4446.82
                }
            },
            "sv_2023-05-25_2023-08-18": {
                "call": {
                    "start_date": "2023-05-25",
                    "strike": 4100.0,
                    "maturity": "2023-08-18",
                    "units": -0.0011217000836774885,
                    "gamma": 0.001155076625297716,
                    "vega": 784.4464692471113,
                    "tau": 0.2328767123287671,
                    "delta_t_1": 0.8786141905755591,
                    "option_price_t_1": 361.8,
                    "underlying_t_1": 4455.59,
                    "Option_PnL": 0.009927045740545799,
                    "Delta_PnL": 0.008643199929249501,
                    "Total_PnL": 0.001283845811296298,
                    "delta_t": 0.872907637825759,
                    "option_price_t": 352.95,
                    "underlying_price_t": 4446.82
                },
                "put": {
                    "start_date": "2023-05-25",
                    "strike": 4100.0,
                    "maturity": "2023-08-18",
                    "units": -0.0011217000836774885,
                    "gamma": 0.001155076625297716,
                    "vega": 784.4464692471113,
                    "tau": 0.2328767123287671,
                    "delta_t_1": -0.12138580942444088,
                    "option_price_t_1": 6.21,
                    "underlying_t_1": 4455.59,
                    "Option_PnL": 8.973600669419916e-05,
                    "Delta_PnL": -0.001194109804602564,
                    "Total_PnL": 0.0012838458112967633,
                    "delta_t": -0.12709236217424102,
                    "option_price_t": 6.13,
                    "underlying_price_t": 4446.82
                }
            },
            "sv_2023-05-26_2023-08-18": {
                "call": {
                    "start_date": "2023-05-26",
                    "strike": 4150.0,
                    "maturity": "2023-08-18",
                    "units": -0.0011091289601584814,
                    "gamma": 0.0011116987962203168,
                    "vega": 788.8320517526164,
                    "tau": 0.23013698630136986,
                    "delta_t_1": 0.843447662117093,
                    "option_price_t_1": 315.87,
                    "underlying_t_1": 4455.59,
                    "Option_PnL": 0.009760334849394649,
                    "Delta_PnL": 0.008204266843349343,
                    "Total_PnL": 0.0015560680060453056,
                    "delta_t": 0.8366745378392291,
                    "option_price_t": 307.07,
                    "underlying_price_t": 4446.82
                },
                "put": {
                    "start_date": "2023-05-26",
                    "strike": 4150.0,
                    "maturity": "2023-08-18",
                    "units": -0.0011091289601584814,
                    "gamma": 0.0011116987962203168,
                    "vega": 788.8320517526164,
                    "tau": 0.23013698630136986,
                    "delta_t_1": -0.156552337882907,
                    "option_price_t_1": 10.28,
                    "underlying_t_1": 4455.59,
                    "Option_PnL": 3.327386880475373e-05,
                    "Delta_PnL": -0.001522794137241024,
                    "Total_PnL": 0.0015560680060457777,
                    "delta_t": -0.16332546216077093,
                    "option_price_t": 10.25,
                    "underlying_price_t": 4446.82
                }
            },
            "sv_2023-05-30_2023-08-18": {
                "call": {
                    "start_date": "2023-05-30",
                    "strike": 4200.0,
                    "maturity": "2023-08-18",
                    "units": -0.0011212471687245768,
                    "gamma": 0.001162049427755949,
                    "vega": 784.1987265638872,
                    "tau": 0.2191780821917808,
                    "delta_t_1": 0.806189705448045,
                    "option_price_t_1": 271.89,
                    "underlying_t_1": 4455.59,
                    "Option_PnL": 0.009754850367903805,
                    "Delta_PnL": 0.007927535599518724,
                    "Total_PnL": 0.0018273147683850813,
                    "delta_t": 0.7983010957692025,
                    "option_price_t": 263.19,
                    "underlying_price_t": 4446.82
                },
                "put": {
                    "start_date": "2023-05-30",
                    "strike": 4200.0,
                    "maturity": "2023-08-18",
                    "units": -0.0011212471687245768,
                    "gamma": 0.001162049427755949,
                    "vega": 784.1987265638872,
                    "tau": 0.2191780821917808,
                    "delta_t_1": -0.19381029455195498,
                    "option_price_t_1": 16.3,
                    "underlying_t_1": 4455.59,
                    "Option_PnL": -7.84873018107207e-05,
                    "Delta_PnL": -0.0019058020701963041,
                    "Total_PnL": 0.0018273147683855835,
                    "delta_t": -0.2016989042307975,
                    "option_price_t": 16.37,
                    "underlying_price_t": 4446.82
                }
            },
            "sv_2023-05-31_2023-08-18": {
                "call": {
                    "start_date": "2023-05-31",
                    "strike": 4200.0,
                    "maturity": "2023-08-18",
                    "units": -0.0011359342993165458,
                    "gamma": 0.0011693483892341195,
                    "vega": 775.646784536913,
                    "tau": 0.21643835616438356,
                    "delta_t_1": 0.8075607589259741,
                    "option_price_t_1": 271.89,
                    "underlying_t_1": 4455.59,
                    "Option_PnL": 0.009882628404053935,
                    "Delta_PnL": 0.008045036411700823,
                    "Total_PnL": 0.0018375919923531124,
                    "delta_t": 0.7996554198461717,
                    "option_price_t": 263.19,
                    "underlying_price_t": 4446.82
                },
                "put": {
                    "start_date": "2023-05-31",
                    "strike": 4200.0,
                    "maturity": "2023-08-18",
                    "units": -0.0011359342993165458,
                    "gamma": 0.0011693483892341195,
                    "vega": 775.646784536913,
                    "tau": 0.21643835616438356,
                    "delta_t_1": -0.19243924107402588,
                    "option_price_t_1": 16.3,
                    "underlying_t_1": 4455.59,
                    "Option_PnL": -7.951540095215853e-05,
                    "Delta_PnL": -0.0019171073933057791,
                    "Total_PnL": 0.0018375919923536207,
                    "delta_t": -0.20034458015382828,
                    "option_price_t": 16.37,
                    "underlying_price_t": 4446.82
                }
            },
            "sv_2023-06-01_2023-08-18": {
                "call": {
                    "start_date": "2023-06-01",
                    "strike": 4200.0,
                    "maturity": "2023-08-18",
                    "units": -0.0011330104208927716,
                    "gamma": 0.001141133766987511,
                    "vega": 774.42359621282,
                    "tau": 0.2136986301369863,
                    "delta_t_1": 0.8089527568427968,
                    "option_price_t_1": 271.89,
                    "underlying_t_1": 4455.59,
                    "Option_PnL": 0.009857190661767101,
                    "Delta_PnL": 0.008038160193807877,
                    "Total_PnL": 0.0018190304679592244,
                    "delta_t": 0.8010308700745155,
                    "option_price_t": 263.19,
                    "underlying_price_t": 4446.82
                },
                "put": {
                    "start_date": "2023-06-01",
                    "strike": 4200.0,
                    "maturity": "2023-08-18",
                    "units": -0.0011330104208927716,
                    "gamma": 0.001141133766987511,
                    "vega": 774.42359621282,
                    "tau": 0.2136986301369863,
                    "delta_t_1": -0.19104724315720323,
                    "option_price_t_1": 16.3,
                    "underlying_t_1": 4455.59,
                    "Option_PnL": -7.931072946249434e-05,
                    "Delta_PnL": -0.0018983411974222255,
                    "Total_PnL": 0.0018190304679597312,
                    "delta_t": -0.19896912992548454,
                    "option_price_t": 16.37,
                    "underlying_price_t": 4446.82
                }
            },
            "sv_2023-06-02_2023-08-18": {
                "call": {
                    "start_date": "2023-06-02",
                    "strike": 4200.0,
                    "maturity": "2023-08-18",
                    "units": -0.0011506461785084543,
                    "gamma": 0.00107063906974484,
                    "vega": 755.8478857388268,
                    "tau": 0.21095890410958903,
                    "delta_t_1": 0.8103662023901984,
                    "option_price_t_1": 271.89,
                    "underlying_t_1": 4455.59,
                    "Option_PnL": 0.010010621753023538,
                    "Delta_PnL": 0.008177540667740903,
                    "Total_PnL": 0.0018330810852826354,
                    "delta_t": 0.8024279677774862,
                    "option_price_t": 263.19,
                    "underlying_price_t": 4446.82
                },
                "put": {
                    "start_date": "2023-06-02",
                    "strike": 4200.0,
                    "maturity": "2023-08-18",
                    "units": -0.0011506461785084543,
                    "gamma": 0.00107063906974484,
                    "vega": 755.8478857388268,
                    "tau": 0.21095890410958903,
                    "delta_t_1": -0.1896337976098016,
                    "option_price_t_1": 16.3,
                    "underlying_t_1": 4455.59,
                    "Option_PnL": -8.054523249559212e-05,
                    "Delta_PnL": -0.0019136263177787444,
                    "Total_PnL": 0.0018330810852831524,
                    "delta_t": -0.19757203222251385,
                    "option_price_t": 16.37,
                    "underlying_price_t": 4446.82
                }
            },
            "sv_2023-06-05_2023-08-18": {
                "call": {
                    "start_date": "2023-06-05",
                    "strike": 4300.0,
                    "maturity": "2023-08-18",
                    "units": -0.0011383018924171315,
                    "gamma": 0.0011335548743827426,
                    "vega": 767.280676703806,
                    "tau": 0.20273972602739726,
                    "delta_t_1": 0.7096869728214168,
                    "option_price_t_1": 191.92,
                    "underlying_t_1": 4455.59,
                    "Option_PnL": 0.009311309479972111,
                    "Delta_PnL": 0.007084739472115117,
                    "Total_PnL": 0.0022265700078569943,
                    "delta_t": 0.6996183021969391,
                    "option_price_t": 183.74,
                    "underlying_price_t": 4446.82
                },
                "put": {
                    "start_date": "2023-06-05",
                    "strike": 4300.0,
                    "maturity": "2023-08-18",
                    "units": -0.0011383018924171315,
                    "gamma": 0.0011335548743827426,
                    "vega": 767.280676703806,
                    "tau": 0.20273972602739726,
                    "delta_t_1": -0.2903130271785832,
                    "option_price_t_1": 36.33,
                    "underlying_t_1": 4455.59,
                    "Option_PnL": -0.0006715981165261115,
                    "Delta_PnL": -0.0028981681243836236,
                    "Total_PnL": 0.002226570007857512,
                    "delta_t": -0.3003816978030609,
                    "option_price_t": 36.92,
                    "underlying_price_t": 4446.82
                }
            },
            "sv_2023-06-06_2023-08-18": {
                "call": {
                    "start_date": "2023-06-06",
                    "strike": 4250.0,
                    "maturity": "2023-08-18",
                    "units": -0.0011533679207973218,
                    "gamma": 0.0011281944883009274,
                    "vega": 757.0586678581882,
                    "tau": 0.2,
                    "delta_t_1": 0.7665234608359485,
                    "option_price_t_1": 230.39,
                    "underlying_t_1": 4455.59,
                    "Option_PnL": 0.00979209364756924,
                    "Delta_PnL": 0.007753412911239566,
                    "Total_PnL": 0.0020386807363296736,
                    "delta_t": 0.7573834893168327,
                    "option_price_t": 221.9,
                    "underlying_price_t": 4446.82
                },
                "put": {
                    "start_date": "2023-06-06",
                    "strike": 4250.0,
                    "maturity": "2023-08-18",
                    "units": -0.0011533679207973218,
                    "gamma": 0.0011281944883009274,
                    "vega": 757.0586678581882,
                    "tau": 0.2,
                    "delta_t_1": -0.23347653916405153,
                    "option_price_t_1": 24.8,
                    "underlying_t_1": 4455.59,
                    "Option_PnL": -0.00032294301782324734,
                    "Delta_PnL": -0.0023616237541534495,
                    "Total_PnL": 0.0020386807363302023,
                    "delta_t": -0.24261651068316725,
                    "option_price_t": 25.08,
                    "underlying_price_t": 4446.82
                }
            },
            "sv_2023-06-07_2023-08-18": {
                "call": {
                    "start_date": "2023-06-07",
                    "strike": 4300.0,
                    "maturity": "2023-08-18",
                    "units": -0.001164206735619605,
                    "gamma": 0.001205564471683402,
                    "vega": 754.8196415224403,
                    "tau": 0.19726027397260273,
                    "delta_t_1": 0.7119707891322105,
                    "option_price_t_1": 191.92,
                    "underlying_t_1": 4455.59,
                    "Option_PnL": 0.009523211097368344,
                    "Delta_PnL": 0.007269288021146898,
                    "Total_PnL": 0.0022539230762214464,
                    "delta_t": 0.7017986480557987,
                    "option_price_t": 183.74,
                    "underlying_price_t": 4446.82
                },
                "put": {
                    "start_date": "2023-06-07",
                    "strike": 4300.0,
                    "maturity": "2023-08-18",
                    "units": -0.001164206735619605,
                    "gamma": 0.001205564471683402,
                    "vega": 754.8196415224403,
                    "tau": 0.19726027397260273,
                    "delta_t_1": -0.28802921086778954,
                    "option_price_t_1": 36.33,
                    "underlying_t_1": 4455.59,
                    "Option_PnL": -0.000686881974015571,
                    "Delta_PnL": -0.0029408050502375475,
                    "Total_PnL": 0.0022539230762219763,
                    "delta_t": -0.2982013519442013,
                    "option_price_t": 36.92,
                    "underlying_price_t": 4446.82
                }
            },
            "sv_2023-06-08_2023-08-18": {
                "call": {
                    "start_date": "2023-06-08",
                    "strike": 4250.0,
                    "maturity": "2023-08-18",
                    "units": -0.0011770607956150174,
                    "gamma": 0.0011933905936632784,
                    "vega": 744.3760505968697,
                    "tau": 0.19452054794520549,
                    "delta_t_1": 0.7693396055003239,
                    "option_price_t_1": 230.39,
                    "underlying_t_1": 4455.59,
                    "Option_PnL": 0.009993246154771474,
                    "Delta_PnL": 0.007941756711061468,
                    "Total_PnL": 0.0020514894437100063,
                    "delta_t": 0.7601312797904736,
                    "option_price_t": 221.9,
                    "underlying_price_t": 4446.82
                },
                "put": {
                    "start_date": "2023-06-08",
                    "strike": 4250.0,
                    "maturity": "2023-08-18",
                    "units": -0.0011770607956150174,
                    "gamma": 0.0011933905936632784,
                    "vega": 744.3760505968697,
                    "tau": 0.19452054794520549,
                    "delta_t_1": -0.23066039449967612,
                    "option_price_t_1": 24.8,
                    "underlying_t_1": 4455.59,
                    "Option_PnL": -0.00032957702277220204,
                    "Delta_PnL": -0.0023810664664827494,
                    "Total_PnL": 0.0020514894437105476,
                    "delta_t": -0.23986872020952643,
                    "option_price_t": 25.08,
                    "underlying_price_t": 4446.82
                }
            },
            "sv_2023-06-09_2023-08-18": {
                "call": {
                    "start_date": "2023-06-09",
                    "strike": 4300.0,
                    "maturity": "2023-08-18",
                    "units": -0.0011718542292202495,
                    "gamma": 0.0012975141684755842,
                    "vega": 750.659741137875,
                    "tau": 0.1917808219178082,
                    "delta_t_1": 0.7143472603223494,
                    "option_price_t_1": 191.92,
                    "underlying_t_1": 4455.59,
                    "Option_PnL": 0.009585767595021616,
                    "Delta_PnL": 0.007341462225893811,
                    "Total_PnL": 0.002244305369127805,
                    "delta_t": 0.7040686873876287,
                    "option_price_t": 183.74,
                    "underlying_price_t": 4446.82
                },
                "put": {
                    "start_date": "2023-06-09",
                    "strike": 4300.0,
                    "maturity": "2023-08-18",
                    "units": -0.0011718542292202495,
                    "gamma": 0.0012975141684755842,
                    "vega": 750.659741137875,
                    "tau": 0.1917808219178082,
                    "delta_t_1": -0.2856527396776506,
                    "option_price_t_1": 36.33,
                    "underlying_t_1": 4455.59,
                    "Option_PnL": -0.0006913939952399512,
                    "Delta_PnL": -0.002935699364368289,
                    "Total_PnL": 0.0022443053691283375,
                    "delta_t": -0.29593131261237127,
                    "option_price_t": 36.92,
                    "underlying_price_t": 4446.82
                }
            },
            "sv_2023-06-12_2023-08-18": {
                "call": {
                    "start_date": "2023-06-12",
                    "strike": 4300.0,
                    "maturity": "2023-08-18",
                    "units": -0.001196025546603673,
                    "gamma": 0.0012928247071708418,
                    "vega": 731.77473249127,
                    "tau": 0.18356164383561643,
                    "delta_t_1": 0.7180992983666465,
                    "option_price_t_1": 191.92,
                    "underlying_t_1": 4455.59,
                    "Option_PnL": 0.009783488971218019,
                    "Delta_PnL": 0.00753224697825824,
                    "Total_PnL": 0.002251241992959779,
                    "delta_t": 0.7076552649364324,
                    "option_price_t": 183.74,
                    "underlying_price_t": 4446.82
                },
                "put": {
                    "start_date": "2023-06-12",
                    "strike": 4300.0,
                    "maturity": "2023-08-18",
                    "units": -0.001196025546603673,
                    "gamma": 0.0012928247071708418,
                    "vega": 731.77473249127,
                    "tau": 0.18356164383561643,
                    "delta_t_1": -0.28190070163335346,
                    "option_price_t_1": 36.33,
                    "underlying_t_1": 4455.59,
                    "Option_PnL": -0.0007056550724961712,
                    "Delta_PnL": -0.002956897065456494,
                    "Total_PnL": 0.0022512419929603227,
                    "delta_t": -0.2923447350635676,
                    "option_price_t": 36.92,
                    "underlying_price_t": 4446.82
                }
            },
            "sv_2023-06-13_2023-08-18": {
                "call": {
                    "start_date": "2023-06-13",
                    "strike": 4350.0,
                    "maturity": "2023-08-18",
                    "units": -0.001181357279359391,
                    "gamma": 0.0012975143978941556,
                    "vega": 737.6728239980454,
                    "tau": 0.18082191780821918,
                    "delta_t_1": 0.656383275610283,
                    "option_price_t_1": 156.96,
                    "underlying_t_1": 4455.59,
                    "Option_PnL": 0.009143705342241697,
                    "Delta_PnL": 0.006800461119268908,
                    "Total_PnL": 0.002343244222972789,
                    "delta_t": 0.6450156976232182,
                    "option_price_t": 149.22,
                    "underlying_price_t": 4446.82
                },
                "put": {
                    "start_date": "2023-06-13",
                    "strike": 4350.0,
                    "maturity": "2023-08-18",
                    "units": -0.001181357279359391,
                    "gamma": 0.0012975143978941556,
                    "vega": 737.6728239980454,
                    "tau": 0.18082191780821918,
                    "delta_t_1": -0.343616724389717,
                    "option_price_t_1": 51.37,
                    "underlying_t_1": 4455.59,
                    "Option_PnL": -0.001216797997740174,
                    "Delta_PnL": -0.003560042220713466,
                    "Total_PnL": 0.002343244222973292,
                    "delta_t": -0.3549843023767818,
                    "option_price_t": 52.4,
                    "underlying_price_t": 4446.82
                }
            },
            "sv_2023-06-14_2023-08-18": {
                "call": {
                    "start_date": "2023-06-14",
                    "strike": 4350.0,
                    "maturity": "2023-08-18",
                    "units": -0.0011935195837157798,
                    "gamma": 0.001357431761005904,
                    "vega": 731.6215935971185,
                    "tau": 0.1780821917808219,
                    "delta_t_1": 0.6573358423065387,
                    "option_price_t_1": 156.96,
                    "underlying_t_1": 4455.59,
                    "Option_PnL": 0.009237841577960147,
                    "Delta_PnL": 0.006880443871640429,
                    "Total_PnL": 0.0023573977063197178,
                    "delta_t": 0.6458919798447832,
                    "option_price_t": 149.22,
                    "underlying_price_t": 4446.82
                },
                "put": {
                    "start_date": "2023-06-14",
                    "strike": 4350.0,
                    "maturity": "2023-08-18",
                    "units": -0.0011935195837157798,
                    "gamma": 0.001357431761005904,
                    "vega": 731.6215935971185,
                    "tau": 0.1780821917808219,
                    "delta_t_1": -0.34266415769346126,
                    "option_price_t_1": 51.37,
                    "underlying_t_1": 4455.59,
                    "Option_PnL": -0.0012293251712272545,
                    "Delta_PnL": -0.00358672287754748,
                    "Total_PnL": 0.0023573977063202256,
                    "delta_t": -0.3541080201552168,
                    "option_price_t": 52.4,
                    "underlying_price_t": 4446.82
                }
            },
            "sv_2023-06-15_2023-08-18": {
                "call": {
                    "start_date": "2023-06-15",
                    "strike": 4350.0,
                    "maturity": "2023-08-18",
                    "units": -0.001224088559668133,
                    "gamma": 0.001299868859661922,
                    "vega": 708.1955396545568,
                    "tau": 0.17534246575342466,
                    "delta_t_1": 0.6583110265880716,
                    "option_price_t_1": 156.96,
                    "underlying_t_1": 4455.59,
                    "Option_PnL": 0.00947444545183136,
                    "Delta_PnL": 0.007067137837988471,
                    "Total_PnL": 0.002407307613842889,
                    "delta_t": 0.6467893529780396,
                    "option_price_t": 149.22,
                    "underlying_price_t": 4446.82
                },
                "put": {
                    "start_date": "2023-06-15",
                    "strike": 4350.0,
                    "maturity": "2023-08-18",
                    "units": -0.001224088559668133,
                    "gamma": 0.001299868859661922,
                    "vega": 708.1955396545568,
                    "tau": 0.17534246575342466,
                    "delta_t_1": -0.3416889734119284,
                    "option_price_t_1": 51.37,
                    "underlying_t_1": 4455.59,
                    "Option_PnL": -0.0012608112164581783,
                    "Delta_PnL": -0.0036681188303015894,
                    "Total_PnL": 0.002407307613843411,
                    "delta_t": -0.35321064702196037,
                    "option_price_t": 52.4,
                    "underlying_price_t": 4446.82
                }
            },
            "sv_2023-06-16_2023-08-18": {
                "call": {
                    "start_date": "2023-06-16",
                    "strike": 4450.0,
                    "maturity": "2023-08-18",
                    "units": -0.0011901009147151512,
                    "gamma": 0.0013835928132172723,
                    "vega": 726.6208216962408,
                    "tau": 0.1726027397260274,
                    "delta_t_1": 0.5205288794952183,
                    "option_price_t_1": 98.88,
                    "underlying_t_1": 4455.59,
                    "Option_PnL": 0.007747556954795624,
                    "Delta_PnL": 0.005432856224613209,
                    "Total_PnL": 0.002314700730182415,
                    "delta_t": 0.508135321270778,
                    "option_price_t": 92.37,
                    "underlying_price_t": 4446.82
                },
                "put": {
                    "start_date": "2023-06-16",
                    "strike": 4450.0,
                    "maturity": "2023-08-18",
                    "units": -0.0011901009147151512,
                    "gamma": 0.0013835928132172723,
                    "vega": 726.6208216962408,
                    "tau": 0.1726027397260274,
                    "delta_t_1": -0.4794711205047817,
                    "option_price_t_1": 93.29,
                    "underlying_t_1": 4455.59,
                    "Option_PnL": -0.002689628067256231,
                    "Delta_PnL": -0.005004328797439187,
                    "Total_PnL": 0.0023147007301829565,
                    "delta_t": -0.491864678729222,
                    "option_price_t": 95.55,
                    "underlying_price_t": 4446.82
                }
            },
            "sv_2023-06-20_2023-09-15": {
                "call": {
                    "start_date": "2023-06-20",
                    "strike": 4400.0,
                    "maturity": "2023-09-15",
                    "units": -0.0010165593796713514,
                    "gamma": 0.0012528856374837151,
                    "vega": 854.7910794123082,
                    "tau": 0.23835616438356164,
                    "delta_t_1": 0.5816003103145004,
                    "option_price_t_1": 150.96,
                    "underlying_t_1": 4455.59,
                    "Option_PnL": 0.006709291905830914,
                    "Delta_PnL": 0.00518509806837593,
                    "Total_PnL": 0.001524193837454984,
                    "delta_t": 0.5711868206476194,
                    "option_price_t": 144.36,
                    "underlying_price_t": 4446.82
                },
                "put": {
                    "start_date": "2023-06-20",
                    "strike": 4400.0,
                    "maturity": "2023-09-15",
                    "units": -0.0010165593796713514,
                    "gamma": 0.0012528856374837151,
                    "vega": 854.7910794123082,
                    "tau": 0.23835616438356164,
                    "delta_t_1": -0.41839968968549957,
                    "option_price_t_1": 95.37,
                    "underlying_t_1": 4455.59,
                    "Option_PnL": -0.0022059338538868343,
                    "Delta_PnL": -0.003730127691342265,
                    "Total_PnL": 0.0015241938374554306,
                    "delta_t": -0.4288131793523806,
                    "option_price_t": 97.54,
                    "underlying_price_t": 4446.82
                }
            },
            "sv_2023-06-21_2023-09-15": {
                "call": {
                    "start_date": "2023-06-21",
                    "strike": 4400.0,
                    "maturity": "2023-09-15",
                    "units": -0.0010309463831767454,
                    "gamma": 0.0012473603828935833,
                    "vega": 843.3034744517189,
                    "tau": 0.2356164383561644,
                    "delta_t_1": 0.5818987645350618,
                    "option_price_t_1": 150.96,
                    "underlying_t_1": 4455.59,
                    "Option_PnL": 0.006804246128966514,
                    "Delta_PnL": 0.005261179361917548,
                    "Total_PnL": 0.0015430667670489652,
                    "delta_t": 0.5714261337624205,
                    "option_price_t": 144.36,
                    "underlying_price_t": 4446.82
                },
                "put": {
                    "start_date": "2023-06-21",
                    "strike": 4400.0,
                    "maturity": "2023-09-15",
                    "units": -0.0010309463831767454,
                    "gamma": 0.0012473603828935833,
                    "vega": 843.3034744517189,
                    "tau": 0.2356164383561644,
                    "delta_t_1": -0.41810123546493816,
                    "option_price_t_1": 95.37,
                    "underlying_t_1": 4455.59,
                    "Option_PnL": -0.002237153651493539,
                    "Delta_PnL": -0.003780220418542959,
                    "Total_PnL": 0.0015430667670494197,
                    "delta_t": -0.42857386623757954,
                    "option_price_t": 97.54,
                    "underlying_price_t": 4446.82
                }
            },
            "sv_2023-06-22_2023-09-15": {
                "call": {
                    "start_date": "2023-06-22",
                    "strike": 4350.0,
                    "maturity": "2023-09-15",
                    "units": -0.0010406479553849218,
                    "gamma": 0.0012542989244029978,
                    "vega": 835.6547009353425,
                    "tau": 0.2328767123287671,
                    "delta_t_1": 0.6416933940873448,
                    "option_price_t_1": 180.54,
                    "underlying_t_1": 4455.59,
                    "Option_PnL": 0.007378194003679099,
                    "Delta_PnL": 0.005856403575604917,
                    "Total_PnL": 0.0015217904280741823,
                    "delta_t": 0.6315390808985244,
                    "option_price_t": 173.45,
                    "underlying_price_t": 4446.82
                },
                "put": {
                    "start_date": "2023-06-22",
                    "strike": 4350.0,
                    "maturity": "2023-09-15",
                    "units": -0.0010406479553849218,
                    "gamma": 0.0012542989244029978,
                    "vega": 835.6547009353425,
                    "tau": 0.2328767123287671,
                    "delta_t_1": -0.3583066059126552,
                    "option_price_t_1": 74.95,
                    "underlying_t_1": 4455.59,
                    "Option_PnL": -0.001748288565046661,
                    "Delta_PnL": -0.0032700789931213023,
                    "Total_PnL": 0.0015217904280746414,
                    "delta_t": -0.3684609191014756,
                    "option_price_t": 76.63,
                    "underlying_price_t": 4446.82
                }
            },
            "sv_2023-06-23_2023-09-15": {
                "call": {
                    "start_date": "2023-06-23",
                    "strike": 4400.0,
                    "maturity": "2023-09-15",
                    "units": -0.0010534645220918975,
                    "gamma": 0.0012458764924915859,
                    "vega": 825.7056413452425,
                    "tau": 0.23013698630136986,
                    "delta_t_1": 0.5825144234977441,
                    "option_price_t_1": 150.96,
                    "underlying_t_1": 4455.59,
                    "Option_PnL": 0.006952865845806518,
                    "Delta_PnL": 0.005381783104740273,
                    "Total_PnL": 0.0015710827410662445,
                    "delta_t": 0.571920442088554,
                    "option_price_t": 144.36,
                    "underlying_price_t": 4446.82
                },
                "put": {
                    "start_date": "2023-06-23",
                    "strike": 4400.0,
                    "maturity": "2023-09-15",
                    "units": -0.0010534645220918975,
                    "gamma": 0.0012458764924915859,
                    "vega": 825.7056413452425,
                    "tau": 0.23013698630136986,
                    "delta_t_1": -0.41748557650225593,
                    "option_price_t_1": 95.37,
                    "underlying_t_1": 4455.59,
                    "Option_PnL": -0.0022860180129394194,
                    "Delta_PnL": -0.0038571007540061284,
                    "Total_PnL": 0.001571082741066709,
                    "delta_t": -0.42807955791144603,
                    "option_price_t": 97.54,
                    "underlying_price_t": 4446.82
                }
            },
            "sv_2023-06-26_2023-09-15": {
                "call": {
                    "start_date": "2023-06-26",
                    "strike": 4350.0,
                    "maturity": "2023-09-15",
                    "units": -0.0010720340779488344,
                    "gamma": 0.0012753433841333527,
                    "vega": 813.131351893749,
                    "tau": 0.2219178082191781,
                    "delta_t_1": 0.6443353982869642,
                    "option_price_t_1": 180.54,
                    "underlying_t_1": 4455.59,
                    "Option_PnL": 0.0076007216126572396,
                    "Delta_PnL": 0.006057873155275305,
                    "Total_PnL": 0.0015428484573819347,
                    "delta_t": 0.6339574966636623,
                    "option_price_t": 173.45,
                    "underlying_price_t": 4446.82
                },
                "put": {
                    "start_date": "2023-06-26",
                    "strike": 4350.0,
                    "maturity": "2023-09-15",
                    "units": -0.0010720340779488344,
                    "gamma": 0.0012753433841333527,
                    "vega": 813.131351893749,
                    "tau": 0.2219178082191781,
                    "delta_t_1": -0.3556646017130358,
                    "option_price_t_1": 74.95,
                    "underlying_t_1": 4455.59,
                    "Option_PnL": -0.0018010172509540338,
                    "Delta_PnL": -0.0033438657083364417,
                    "Total_PnL": 0.0015428484573824079,
                    "delta_t": -0.3660425033363377,
                    "option_price_t": 76.63,
                    "underlying_price_t": 4446.82
                }
            },
            "sv_2023-06-27_2023-09-15": {
                "call": {
                    "start_date": "2023-06-27",
                    "strike": 4350.0,
                    "maturity": "2023-09-15",
                    "units": -0.0010701438459645295,
                    "gamma": 0.0012347211739278147,
                    "vega": 811.3417235379068,
                    "tau": 0.2191780821917808,
                    "delta_t_1": 0.6450280802878539,
                    "option_price_t_1": 180.54,
                    "underlying_t_1": 4455.59,
                    "Option_PnL": 0.0075873198678885175,
                    "Delta_PnL": 0.0060536927243128496,
                    "Total_PnL": 0.001533627143575668,
                    "delta_t": 0.6345919693516535,
                    "option_price_t": 173.45,
                    "underlying_price_t": 4446.82
                },
                "put": {
                    "start_date": "2023-06-27",
                    "strike": 4350.0,
                    "maturity": "2023-09-15",
                    "units": -0.0010701438459645295,
                    "gamma": 0.0012347211739278147,
                    "vega": 811.3417235379068,
                    "tau": 0.2191780821917808,
                    "delta_t_1": -0.35497191971214614,
                    "option_price_t_1": 74.95,
                    "underlying_t_1": 4455.59,
                    "Option_PnL": -0.0017978416612204017,
                    "Delta_PnL": -0.0033314688047965417,
                    "Total_PnL": 0.00153362714357614,
                    "delta_t": -0.3654080306483465,
                    "option_price_t": 76.63,
                    "underlying_price_t": 4446.82
                }
            },
            "sv_2023-06-28_2023-09-15": {
                "call": {
                    "start_date": "2023-06-28",
                    "strike": 4400.0,
                    "maturity": "2023-09-15",
                    "units": -0.0010702243002677378,
                    "gamma": 0.0012507079684480223,
                    "vega": 811.8179125484928,
                    "tau": 0.21643835616438356,
                    "delta_t_1": 0.5841722836171155,
                    "option_price_t_1": 150.96,
                    "underlying_t_1": 4455.59,
                    "Option_PnL": 0.007063480381767064,
                    "Delta_PnL": 0.005482963425331593,
                    "Total_PnL": 0.0015805169564354704,
                    "delta_t": 0.5732555727373401,
                    "option_price_t": 144.36,
                    "underlying_price_t": 4446.82
                },
                "put": {
                    "start_date": "2023-06-28",
                    "strike": 4400.0,
                    "maturity": "2023-09-15",
                    "units": -0.0010702243002677378,
                    "gamma": 0.0012507079684480223,
                    "vega": 811.8179125484928,
                    "tau": 0.21643835616438356,
                    "delta_t_1": -0.4158277163828845,
                    "option_price_t_1": 95.37,
                    "underlying_t_1": 4455.59,
                    "Option_PnL": -0.002322386731580993,
                    "Delta_PnL": -0.0039029036880169343,
                    "Total_PnL": 0.0015805169564359414,
                    "delta_t": -0.42674442726265993,
                    "option_price_t": 97.54,
                    "underlying_price_t": 4446.82
                }
            },
            "sv_2023-06-29_2023-09-15": {
                "call": {
                    "start_date": "2023-06-29",
                    "strike": 4400.0,
                    "maturity": "2023-09-15",
                    "units": -0.0010721662038756196,
                    "gamma": 0.001273736346304974,
                    "vega": 810.558646131096,
                    "tau": 0.2136986301369863,
                    "delta_t_1": 0.5845259673931875,
                    "option_price_t_1": 150.96,
                    "underlying_t_1": 4455.59,
                    "Option_PnL": 0.007076296945579083,
                    "Delta_PnL": 0.0054962378206092405,
                    "Total_PnL": 0.0015800591249698426,
                    "delta_t": 0.5735411195063128,
                    "option_price_t": 144.36,
                    "underlying_price_t": 4446.82
                },
                "put": {
                    "start_date": "2023-06-29",
                    "strike": 4400.0,
                    "maturity": "2023-09-15",
                    "units": -0.0010721662038756196,
                    "gamma": 0.001273736346304974,
                    "vega": 810.558646131096,
                    "tau": 0.2136986301369863,
                    "delta_t_1": -0.4154740326068125,
                    "option_price_t_1": 95.37,
                    "underlying_t_1": 4455.59,
                    "Option_PnL": -0.0023266006624100962,
                    "Delta_PnL": -0.0039066597873804116,
                    "Total_PnL": 0.0015800591249703153,
                    "delta_t": -0.4264588804936872,
                    "option_price_t": 97.54,
                    "underlying_price_t": 4446.82
                }
            },
            "sv_2023-06-30_2023-09-15": {
                "call": {
                    "start_date": "2023-06-30",
                    "strike": 4400.0,
                    "maturity": "2023-09-15",
                    "units": -0.001082344510198191,
                    "gamma": 0.0012404695539299396,
                    "vega": 799.9451713293972,
                    "tau": 0.21095890410958903,
                    "delta_t_1": 0.5848875876985679,
                    "option_price_t_1": 150.96,
                    "underlying_t_1": 4455.59,
                    "Option_PnL": 0.007143473767308055,
                    "Delta_PnL": 0.005551847356643168,
                    "Total_PnL": 0.0015916264106648871,
                    "delta_t": 0.5738333181274631,
                    "option_price_t": 144.36,
                    "underlying_price_t": 4446.82
                },
                "put": {
                    "start_date": "2023-06-30",
                    "strike": 4400.0,
                    "maturity": "2023-09-15",
                    "units": -0.001082344510198191,
                    "gamma": 0.0012404695539299396,
                    "vega": 799.9451713293972,
                    "tau": 0.21095890410958903,
                    "delta_t_1": -0.41511241230143214,
                    "option_price_t_1": 95.37,
                    "underlying_t_1": 4455.59,
                    "Option_PnL": -0.0023486875871300762,
                    "Delta_PnL": -0.00394031399779544,
                    "Total_PnL": 0.0015916264106653638,
                    "delta_t": -0.4261666818725369,
                    "option_price_t": 97.54,
                    "underlying_price_t": 4446.82
                }
            },
            "sv_2023-07-03_2023-09-15": {
                "call": {
                    "start_date": "2023-07-03",
                    "strike": 4450.0,
                    "maturity": "2023-09-15",
                    "units": -0.0010853062888174292,
                    "gamma": 0.0013034864297449766,
                    "vega": 799.2523801375005,
                    "tau": 0.20273972602739726,
                    "delta_t_1": 0.5209743681695971,
                    "option_price_t_1": 124.65,
                    "underlying_t_1": 4450.38,
                    "delta_t": 0.5095418976601018,
                    "option_price_t": 118.59,
                    "underlying_price_t": 4446.82,
                    "Option_PnL": 0.0065769561102336236,
                    "Delta_PnL": 0.002012883658790482,
                    "Total_PnL": 0.004564072451443142
                },
                "put": {
                    "start_date": "2023-07-03",
                    "strike": 4450.0,
                    "maturity": "2023-09-15",
                    "units": -0.0010853062888174292,
                    "gamma": 0.0013034864297449766,
                    "vega": 799.2523801375005,
                    "tau": 0.20273972602739726,
                    "delta_t_1": -0.4790256318304029,
                    "option_price_t_1": 119.06,
                    "underlying_t_1": 4450.38,
                    "delta_t": -0.49045810233989817,
                    "option_price_t": 121.77,
                    "underlying_price_t": 4446.82,
                    "Option_PnL": -0.0029411800426952265,
                    "Delta_PnL": -0.0018508067294000004,
                    "Total_PnL": -0.001090373313295226
                }
            },
            "sv_2023-07-05_2023-09-15": {
                "call": {
                    "start_date": "2023-07-05",
                    "strike": 4450.0,
                    "maturity": "2023-09-15",
                    "units": -0.0011027648049694143,
                    "delta_t": 0.5092983212796779,
                    "gamma": 0.0013242498542286323,
                    "vega": 787.7010935715903,
                    "tau": 0.19726027397260273,
                    "option_price_t": 118.59,
                    "underlying_price_t": 4455.59
                },
                "put": {
                    "start_date": "2023-07-05",
                    "strike": 4450.0,
                    "maturity": "2023-09-15",
                    "units": -0.0011027648049694143,
                    "delta_t": -0.4907016787203221,
                    "gamma": 0.0013242498542286323,
                    "vega": 787.7010935715903,
                    "tau": 0.19726027397260273,
                    "option_price_t": 121.77,
                    "underlying_price_t": 4455.59
                }
            }
        }
    }
}