{
    "spx_strategy": {
        "date": "2023-04-05",
        "index_levels": 105.15312179247555,
        "result": {
            "sv_2023-01-23_2023-04-28": {
                "call": {
                    "start_date": "2023-01-23",
                    "strike": 3950.0,
                    "maturity": "2023-04-28",
                    "units": -0.000995156163567833,
                    "gamma": 0.0008471025015207614,
                    "vega": 800.2744880395427,
                    "tau": 0.2602739726027397,
                    "delta_t_1": 0.6599986409750079,
                    "option_price_t_1": 179.71,
                    "underlying_t_1": 4100.6,
                    "Option_PnL": 0.009115630458281346,
                    "Delta_PnL": 0.00671251353253968,
                    "Total_PnL": 0.0024031169257416668,
                    "delta_t": 0.6510719206193152,
                    "option_price_t": 170.55,
                    "underlying_price_t": 4090.38
                },
                "put": {
                    "start_date": "2023-01-23",
                    "strike": 3950.0,
                    "maturity": "2023-04-28",
                    "units": -0.000995156163567833,
                    "gamma": 0.0008471025015207614,
                    "vega": 800.2744880395427,
                    "tau": 0.2602739726027397,
                    "delta_t_1": -0.34000135902499207,
                    "option_price_t_1": 29.11,
                    "underlying_t_1": 4100.6,
                    "Option_PnL": -0.0010548655333819051,
                    "Delta_PnL": -0.0034579824591238267,
                    "Total_PnL": 0.0024031169257419218,
                    "delta_t": -0.3489280793806848,
                    "option_price_t": 30.17,
                    "underlying_price_t": 4090.38
                }
            },
            "sv_2023-01-24_2023-04-28": {
                "call": {
                    "start_date": "2023-01-24",
                    "strike": 4000.0,
                    "maturity": "2023-04-28",
                    "units": -0.0009842937544868996,
                    "gamma": 0.0008716139049131928,
                    "vega": 809.665143828125,
                    "tau": 0.25753424657534246,
                    "delta_t_1": 0.6149488145082201,
                    "option_price_t_1": 143.95,
                    "underlying_t_1": 4100.6,
                    "Option_PnL": 0.008415711600862975,
                    "Delta_PnL": 0.006186066635534698,
                    "Total_PnL": 0.0022296449653282768,
                    "delta_t": 0.6056321384880843,
                    "option_price_t": 135.4,
                    "underlying_price_t": 4090.38
                },
                "put": {
                    "start_date": "2023-01-24",
                    "strike": 4000.0,
                    "maturity": "2023-04-28",
                    "units": -0.0009842937544868996,
                    "gamma": 0.0008716139049131928,
                    "vega": 809.665143828125,
                    "tau": 0.25753424657534246,
                    "delta_t_1": -0.38505118549177986,
                    "option_price_t_1": 43.35,
                    "underlying_t_1": 4100.6,
                    "Option_PnL": -0.001643770569993124,
                    "Delta_PnL": -0.0038734155353216666,
                    "Total_PnL": 0.0022296449653285426,
                    "delta_t": -0.3943678615119157,
                    "option_price_t": 45.02,
                    "underlying_price_t": 4090.38
                }
            },
            "sv_2023-01-25_2023-04-28": {
                "call": {
                    "start_date": "2023-01-25",
                    "strike": 4000.0,
                    "maturity": "2023-04-28",
                    "units": -0.0009902947717349397,
                    "gamma": 0.0008824650444362631,
                    "vega": 805.3390782102688,
                    "tau": 0.2547945205479452,
                    "delta_t_1": 0.615336745250473,
                    "option_price_t_1": 143.95,
                    "underlying_t_1": 4100.6,
                    "Option_PnL": 0.008467020298333718,
                    "Delta_PnL": 0.006227707864348681,
                    "Total_PnL": 0.0022393124339850365,
                    "delta_t": 0.6059724649053961,
                    "option_price_t": 135.4,
                    "underlying_price_t": 4090.38
                },
                "put": {
                    "start_date": "2023-01-25",
                    "strike": 4000.0,
                    "maturity": "2023-04-28",
                    "units": -0.0009902947717349397,
                    "gamma": 0.0008824650444362631,
                    "vega": 805.3390782102688,
                    "tau": 0.2547945205479452,
                    "delta_t_1": -0.384663254749527,
                    "option_price_t_1": 43.35,
                    "underlying_t_1": 4100.6,
                    "Option_PnL": -0.001653792268797351,
                    "Delta_PnL": -0.0038931047027826555,
                    "Total_PnL": 0.0022393124339853045,
                    "delta_t": -0.39402753509460386,
                    "option_price_t": 45.02,
                    "underlying_price_t": 4090.38
                }
            },
            "sv_2023-01-26_2023-04-28": {
                "call": {
                    "start_date": "2023-01-26",
                    "strike": 4000.0,
                    "maturity": "2023-04-28",
                    "units": -0.0009989236238980162,
                    "gamma": 0.0008726735640550211,
                    "vega": 798.5745093049918,
                    "tau": 0.25205479452054796,
                    "delta_t_1": 0.6157320086610616,
                    "option_price_t_1": 143.95,
                    "underlying_t_1": 4100.6,
                    "Option_PnL": 0.008540796984328022,
                    "Delta_PnL": 0.006286007729294457,
                    "Total_PnL": 0.0022547892550335647,
                    "delta_t": 0.6063193940586926,
                    "option_price_t": 135.4,
                    "underlying_price_t": 4090.38
                },
                "put": {
                    "start_date": "2023-01-26",
                    "strike": 4000.0,
                    "maturity": "2023-04-28",
                    "units": -0.0009989236238980162,
                    "gamma": 0.0008726735640550211,
                    "vega": 798.5745093049918,
                    "tau": 0.25205479452054796,
                    "delta_t_1": -0.3842679913389384,
                    "option_price_t_1": 43.35,
                    "underlying_t_1": 4100.6,
                    "Option_PnL": -0.0016682024519096888,
                    "Delta_PnL": -0.003922991706943523,
                    "Total_PnL": 0.0022547892550338336,
                    "delta_t": -0.3936806059413074,
                    "option_price_t": 45.02,
                    "underlying_price_t": 4090.38
                }
            },
            "sv_2023-01-27_2023-04-28": {
                "call": {
                    "start_date": "2023-01-27",
                    "strike": 4050.0,
                    "maturity": "2023-04-28",
                    "units": -0.0009894685346989586,
                    "gamma": 0.0008909215131597066,
                    "vega": 806.721856102033,
                    "tau": 0.2493150684931507,
                    "delta_t_1": 0.5686875136050666,
                    "option_price_t_1": 112.48,
                    "underlying_t_1": 4100.6,
                    "Option_PnL": 0.007688170514610918,
                    "Delta_PnL": 0.005750777656057585,
                    "Total_PnL": 0.001937392858553333,
                    "delta_t": 0.5589988768422847,
                    "option_price_t": 104.71,
                    "underlying_price_t": 4090.38
                },
                "put": {
                    "start_date": "2023-01-27",
                    "strike": 4050.0,
                    "maturity": "2023-04-28",
                    "units": -0.0009894685346989586,
                    "gamma": 0.0008909215131597066,
                    "vega": 806.721856102033,
                    "tau": 0.2493150684931507,
                    "delta_t_1": -0.43131248639493336,
                    "option_price_t_1": 61.88,
                    "underlying_t_1": 4100.6,
                    "Option_PnL": -0.002424197910012444,
                    "Delta_PnL": -0.004361590768566024,
                    "Total_PnL": 0.0019373928585535794,
                    "delta_t": -0.44100112315771534,
                    "option_price_t": 64.33,
                    "underlying_price_t": 4090.38
                }
            },
            "sv_2023-01-30_2023-04-28": {
                "call": {
                    "start_date": "2023-01-30",
                    "strike": 4050.0,
                    "maturity": "2023-04-28",
                    "units": -0.0010148182168233173,
                    "gamma": 0.0009086973304018468,
                    "vega": 786.8929893530313,
                    "tau": 0.2410958904109589,
                    "delta_t_1": 0.5691678353939159,
                    "option_price_t_1": 112.48,
                    "underlying_t_1": 4100.6,
                    "Option_PnL": 0.007885137544717187,
                    "Delta_PnL": 0.00590309129318984,
                    "Total_PnL": 0.001982046251527347,
                    "delta_t": 0.5593165911236091,
                    "option_price_t": 104.71,
                    "underlying_price_t": 4090.38
                },
                "put": {
                    "start_date": "2023-01-30",
                    "strike": 4050.0,
                    "maturity": "2023-04-28",
                    "units": -0.0010148182168233173,
                    "gamma": 0.0009086973304018468,
                    "vega": 786.8929893530313,
                    "tau": 0.2410958904109589,
                    "delta_t_1": -0.4308321646060841,
                    "option_price_t_1": 61.88,
                    "underlying_t_1": 4100.6,
                    "Option_PnL": -0.0024863046312171232,
                    "Delta_PnL": -0.004468350882744722,
                    "Total_PnL": 0.001982046251527599,
                    "delta_t": -0.4406834088763909,
                    "option_price_t": 64.33,
                    "underlying_price_t": 4090.38
                }
            },
            "sv_2023-01-31_2023-04-28": {
                "call": {
                    "start_date": "2023-01-31",
                    "strike": 4000.0,
                    "maturity": "2023-04-28",
                    "units": -0.0010364952942840287,
                    "gamma": 0.0009267054423775998,
                    "vega": 772.185695739357,
                    "tau": 0.23835616438356164,
                    "delta_t_1": 0.6178257054721621,
                    "option_price_t_1": 143.95,
                    "underlying_t_1": 4100.6,
                    "Option_PnL": 0.008862034766128428,
                    "Delta_PnL": 0.00654461652010634,
                    "Total_PnL": 0.002317418246022088,
                    "delta_t": 0.6081597867970048,
                    "option_price_t": 135.4,
                    "underlying_price_t": 4090.38
                },
                "put": {
                    "start_date": "2023-01-31",
                    "strike": 4000.0,
                    "maturity": "2023-04-28",
                    "units": -0.0010364952942840287,
                    "gamma": 0.0009267054423775998,
                    "vega": 772.185695739357,
                    "tau": 0.23835616438356164,
                    "delta_t_1": -0.3821742945278379,
                    "option_price_t_1": 43.35,
                    "underlying_t_1": 4100.6,
                    "Option_PnL": -0.0017309471414543296,
                    "Delta_PnL": -0.004048365387476698,
                    "Total_PnL": 0.0023174182460223686,
                    "delta_t": -0.3918402132029952,
                    "option_price_t": 45.02,
                    "underlying_price_t": 4090.38
                }
            },
            "sv_2023-02-01_2023-04-28": {
                "call": {
                    "start_date": "2023-02-01",
                    "strike": 4100.0,
                    "maturity": "2023-04-28",
                    "units": -0.0010084265309304073,
                    "gamma": 0.0009555285328083696,
                    "vega": 793.9498189000205,
                    "tau": 0.2356164383561644,
                    "delta_t_1": 0.5202773232126006,
                    "option_price_t_1": 85.61,
                    "underlying_t_1": 4100.6,
                    "Option_PnL": 0.006917806002182593,
                    "Delta_PnL": 0.005362040082047733,
                    "Total_PnL": 0.0015557659201348596,
                    "delta_t": 0.5102222328377247,
                    "option_price_t": 78.75,
                    "underlying_price_t": 4090.38
                },
                "put": {
                    "start_date": "2023-02-01",
                    "strike": 4100.0,
                    "maturity": "2023-04-28",
                    "units": -0.0010084265309304073,
                    "gamma": 0.0009555285328083696,
                    "vega": 793.9498189000205,
                    "tau": 0.2356164383561644,
                    "delta_t_1": -0.47972267678739944,
                    "option_price_t_1": 85.01,
                    "underlying_t_1": 4100.6,
                    "Option_PnL": -0.003388313143926168,
                    "Delta_PnL": -0.004944079064061286,
                    "Total_PnL": 0.0015557659201351185,
                    "delta_t": -0.4897777671622753,
                    "option_price_t": 88.37,
                    "underlying_price_t": 4090.38
                }
            },
            "sv_2023-02-02_2023-04-28": {
                "call": {
                    "start_date": "2023-02-02",
                    "strike": 4100.0,
                    "maturity": "2023-04-28",
                    "units": -0.0010234464405969792,
                    "gamma": 0.0009233734138097844,
                    "vega": 781.4370123267503,
                    "tau": 0.2328767123287671,
                    "delta_t_1": 0.5201660946013297,
                    "option_price_t_1": 85.61,
                    "underlying_t_1": 4100.6,
                    "Option_PnL": 0.007020842582495276,
                    "Delta_PnL": 0.005440741050758331,
                    "Total_PnL": 0.0015801015317369448,
                    "delta_t": 0.5100517378018337,
                    "option_price_t": 78.75,
                    "underlying_price_t": 4090.38
                },
                "put": {
                    "start_date": "2023-02-02",
                    "strike": 4100.0,
                    "maturity": "2023-04-28",
                    "units": -0.0010234464405969792,
                    "gamma": 0.0009233734138097844,
                    "vega": 781.4370123267503,
                    "tau": 0.2328767123287671,
                    "delta_t_1": -0.4798339053986703,
                    "option_price_t_1": 85.01,
                    "underlying_t_1": 4100.6,
                    "Option_PnL": -0.0034387800404058495,
                    "Delta_PnL": -0.005018881572143057,
                    "Total_PnL": 0.0015801015317372076,
                    "delta_t": -0.48994826219816634,
                    "option_price_t": 88.37,
                    "underlying_price_t": 4090.38
                }
            },
            "sv_2023-02-03_2023-04-28": {
                "call": {
                    "start_date": "2023-02-03",
                    "strike": 4200.0,
                    "maturity": "2023-04-28",
                    "units": -0.0010148114360437155,
                    "gamma": 0.0009419176816349397,
                    "vega": 787.8120870043329,
                    "tau": 0.23013698630136986,
                    "delta_t_1": 0.42204630728468506,
                    "option_price_t_1": 45.6,
                    "underlying_t_1": 4100.6,
                    "Option_PnL": 0.004921835464812022,
                    "Delta_PnL": 0.004377199623943248,
                    "Total_PnL": 0.0005446358408687738,
                    "delta_t": 0.41215161800742384,
                    "option_price_t": 40.75,
                    "underlying_price_t": 4090.38
                },
                "put": {
                    "start_date": "2023-02-03",
                    "strike": 4200.0,
                    "maturity": "2023-04-28",
                    "units": -0.0010148114360437155,
                    "gamma": 0.0009419176816349397,
                    "vega": 787.8120870043329,
                    "tau": 0.23013698630136986,
                    "delta_t_1": -0.5779536927153149,
                    "option_price_t_1": 145.0,
                    "underlying_t_1": 4100.6,
                    "Option_PnL": -0.005449537411554756,
                    "Delta_PnL": -0.0059941732524237835,
                    "Total_PnL": 0.0005446358408690271,
                    "delta_t": -0.5878483819925762,
                    "option_price_t": 150.37,
                    "underlying_price_t": 4090.38
                }
            },
            "sv_2023-02-06_2023-04-28": {
                "call": {
                    "start_date": "2023-02-06",
                    "strike": 4150.0,
                    "maturity": "2023-04-28",
                    "units": -0.0010383243838795024,
                    "gamma": 0.0009786456851643066,
                    "vega": 771.8103648997543,
                    "tau": 0.2219178082191781,
                    "delta_t_1": 0.46928762199717844,
                    "option_price_t_1": 63.38,
                    "underlying_t_1": 4100.6,
                    "Option_PnL": 0.006094964133372684,
                    "Delta_PnL": 0.004979927821539045,
                    "Total_PnL": 0.0011150363118336394,
                    "delta_t": 0.4589950582145297,
                    "option_price_t": 57.51,
                    "underlying_price_t": 4090.38
                },
                "put": {
                    "start_date": "2023-02-06",
                    "strike": 4150.0,
                    "maturity": "2023-04-28",
                    "units": -0.0010383243838795024,
                    "gamma": 0.0009786456851643066,
                    "vega": 771.8103648997543,
                    "tau": 0.2219178082191781,
                    "delta_t_1": -0.5307123780028216,
                    "option_price_t_1": 112.78,
                    "underlying_t_1": 4100.6,
                    "Option_PnL": -0.00451671106987583,
                    "Delta_PnL": -0.005631747381709734,
                    "Total_PnL": 0.001115036311833904,
                    "delta_t": -0.5410049417854703,
                    "option_price_t": 117.13,
                    "underlying_price_t": 4090.38
                }
            },
            "sv_2023-02-07_2023-04-28": {
                "call": {
                    "start_date": "2023-02-07",
                    "strike": 4100.0,
                    "maturity": "2023-04-28",
                    "units": -0.0010534231845767158,
                    "gamma": 0.000973704994322613,
                    "vega": 760.9067319470277,
                    "tau": 0.2191780821917808,
                    "delta_t_1": 0.5196004926384356,
                    "option_price_t_1": 85.61,
                    "underlying_t_1": 4100.6,
                    "Option_PnL": 0.0072264830461962705,
                    "Delta_PnL": 0.0055940110818740695,
                    "Total_PnL": 0.001632471964322201,
                    "delta_t": 0.5091733524643813,
                    "option_price_t": 78.75,
                    "underlying_price_t": 4090.38
                },
                "put": {
                    "start_date": "2023-02-07",
                    "strike": 4100.0,
                    "maturity": "2023-04-28",
                    "units": -0.0010534231845767158,
                    "gamma": 0.000973704994322613,
                    "vega": 760.9067319470277,
                    "tau": 0.2191780821917808,
                    "delta_t_1": -0.48039950736156445,
                    "option_price_t_1": 85.01,
                    "underlying_t_1": 4100.6,
                    "Option_PnL": -0.003539501900177765,
                    "Delta_PnL": -0.005171973864500235,
                    "Total_PnL": 0.0016324719643224703,
                    "delta_t": -0.49082664753561867,
                    "option_price_t": 88.37,
                    "underlying_price_t": 4090.38
                }
            },
            "sv_2023-02-08_2023-04-28": {
                "call": {
                    "start_date": "2023-02-08",
                    "strike": 4150.0,
                    "maturity": "2023-04-28",
                    "units": -0.0010488368087215813,
                    "gamma": 0.0009901516671293282,
                    "vega": 763.9157401212572,
                    "tau": 0.21643835616438356,
                    "delta_t_1": 0.46842566103830546,
                    "option_price_t_1": 63.38,
                    "underlying_t_1": 4100.6,
                    "Option_PnL": 0.006156672067195687,
                    "Delta_PnL": 0.005021107211065536,
                    "Total_PnL": 0.0011355648561301506,
                    "delta_t": 0.45800551904869796,
                    "option_price_t": 57.51,
                    "underlying_price_t": 4090.38
                },
                "put": {
                    "start_date": "2023-02-08",
                    "strike": 4150.0,
                    "maturity": "2023-04-28",
                    "units": -0.0010488368087215813,
                    "gamma": 0.0009901516671293282,
                    "vega": 763.9157401212572,
                    "tau": 0.21643835616438356,
                    "delta_t_1": -0.5315743389616945,
                    "option_price_t_1": 112.78,
                    "underlying_t_1": 4100.6,
                    "Option_PnL": -0.004562440117938872,
                    "Delta_PnL": -0.00569800497406929,
                    "Total_PnL": 0.0011355648561304178,
                    "delta_t": -0.541994480951302,
                    "option_price_t": 117.13,
                    "underlying_price_t": 4090.38
                }
            },
            "sv_2023-02-09_2023-04-28": {
                "call": {
                    "start_date": "2023-02-09",
                    "strike": 4100.0,
                    "maturity": "2023-04-28",
                    "units": -0.0010646614005156213,
                    "gamma": 0.0009957966334261542,
                    "vega": 752.7118887141663,
                    "tau": 0.2136986301369863,
                    "delta_t_1": 0.5193696330825154,
                    "option_price_t_1": 85.61,
                    "underlying_t_1": 4100.6,
                    "Option_PnL": 0.007303577207537161,
                    "Delta_PnL": 0.0056511776256367345,
                    "Total_PnL": 0.0016523995819004269,
                    "delta_t": 0.5088090522557641,
                    "option_price_t": 78.75,
                    "underlying_price_t": 4090.38
                },
                "put": {
                    "start_date": "2023-02-09",
                    "strike": 4100.0,
                    "maturity": "2023-04-28",
                    "units": -0.0010646614005156213,
                    "gamma": 0.0009957966334261542,
                    "vega": 752.7118887141663,
                    "tau": 0.2136986301369863,
                    "delta_t_1": -0.4806303669174846,
                    "option_price_t_1": 85.01,
                    "underlying_t_1": 4100.6,
                    "Option_PnL": -0.003577262305732487,
                    "Delta_PnL": -0.005229661887633187,
                    "Total_PnL": 0.0016523995819006996,
                    "delta_t": -0.4911909477442359,
                    "option_price_t": 88.37,
                    "underlying_price_t": 4090.38
                }
            },
            "sv_2023-02-10_2023-04-28": {
                "call": {
                    "start_date": "2023-02-10",
                    "strike": 4100.0,
                    "maturity": "2023-04-28",
                    "units": -0.0010718604441399362,
                    "gamma": 0.001025640792607014,
                    "vega": 749.3176913185073,
                    "tau": 0.21095890410958903,
                    "delta_t_1": 0.5192531668272973,
                    "option_price_t_1": 85.61,
                    "underlying_t_1": 4100.6,
                    "Option_PnL": 0.007352962646799962,
                    "Delta_PnL": 0.00568811402476954,
                    "Total_PnL": 0.001664848622030422,
                    "delta_t": 0.5086239278075019,
                    "option_price_t": 78.75,
                    "underlying_price_t": 4090.38
                },
                "put": {
                    "start_date": "2023-02-10",
                    "strike": 4100.0,
                    "maturity": "2023-04-28",
                    "units": -0.0010718604441399362,
                    "gamma": 0.001025640792607014,
                    "vega": 749.3176913185073,
                    "tau": 0.21095890410958903,
                    "delta_t_1": -0.4807468331727027,
                    "option_price_t_1": 85.01,
                    "underlying_t_1": 4100.6,
                    "Option_PnL": -0.003601451092310185,
                    "Delta_PnL": -0.00526629971434088,
                    "Total_PnL": 0.0016648486220306952,
                    "delta_t": -0.4913760721924981,
                    "option_price_t": 88.37,
                    "underlying_price_t": 4090.38
                }
            },
            "sv_2023-02-13_2023-04-28": {
                "call": {
                    "start_date": "2023-02-13",
                    "strike": 4100.0,
                    "maturity": "2023-04-28",
                    "units": -0.0010936705632446347,
                    "gamma": 0.001042488184068085,
                    "vega": 735.4445819524359,
                    "tau": 0.20273972602739726,
                    "delta_t_1": 0.518899470243063,
                    "option_price_t_1": 85.61,
                    "underlying_t_1": 4100.6,
                    "Option_PnL": 0.007502580063858193,
                    "Delta_PnL": 0.0057999018755762535,
                    "Total_PnL": 0.0017026781882819395,
                    "delta_t": 0.5080559854585843,
                    "option_price_t": 78.75,
                    "underlying_price_t": 4090.38
                },
                "put": {
                    "start_date": "2023-02-13",
                    "strike": 4100.0,
                    "maturity": "2023-04-28",
                    "units": -0.0010936705632446347,
                    "gamma": 0.001042488184068085,
                    "vega": 735.4445819524359,
                    "tau": 0.20273972602739726,
                    "delta_t_1": -0.48110052975693696,
                    "option_price_t_1": 85.01,
                    "underlying_t_1": 4100.6,
                    "Option_PnL": -0.0036747330925019717,
                    "Delta_PnL": -0.005377411280784191,
                    "Total_PnL": 0.0017026781882822197,
                    "delta_t": -0.4919440145414157,
                    "option_price_t": 88.37,
                    "underlying_price_t": 4090.38
                }
            },
            "sv_2023-02-14_2023-04-28": {
                "call": {
                    "start_date": "2023-02-14",
                    "strike": 4150.0,
                    "maturity": "2023-04-28",
                    "units": -0.00109094463992268,
                    "gamma": 0.001063339688788734,
                    "vega": 737.9106226881026,
                    "tau": 0.2,
                    "delta_t_1": 0.46567042275359866,
                    "option_price_t_1": 63.38,
                    "underlying_t_1": 4100.6,
                    "Option_PnL": 0.006403845036346137,
                    "Delta_PnL": 0.0051919710601039835,
                    "Total_PnL": 0.0012118739762421536,
                    "delta_t": 0.4548372771156642,
                    "option_price_t": 57.51,
                    "underlying_price_t": 4090.38
                },
                "put": {
                    "start_date": "2023-02-14",
                    "strike": 4150.0,
                    "maturity": "2023-04-28",
                    "units": -0.00109094463992268,
                    "gamma": 0.001063339688788734,
                    "vega": 737.9106226881026,
                    "tau": 0.2,
                    "delta_t_1": -0.5343295772464014,
                    "option_price_t_1": 112.78,
                    "underlying_t_1": 4100.6,
                    "Option_PnL": -0.0047456091836636525,
                    "Delta_PnL": -0.005957483159906086,
                    "Total_PnL": 0.0012118739762424337,
                    "delta_t": -0.5451627228843359,
                    "option_price_t": 117.13,
                    "underlying_price_t": 4090.38
                }
            },
            "sv_2023-02-15_2023-04-28": {
                "call": {
                    "start_date": "2023-02-15",
                    "strike": 4150.0,
                    "maturity": "2023-04-28",
                    "units": -0.0010969756764189933,
                    "gamma": 0.0010731639231777491,
                    "vega": 734.35801905153,
                    "tau": 0.19726027397260273,
                    "delta_t_1": 0.4651840994251105,
                    "option_price_t_1": 63.38,
                    "underlying_t_1": 4100.6,
                    "Option_PnL": 0.006439247220579496,
                    "Delta_PnL": 0.005215221462530107,
                    "Total_PnL": 0.001224025758049389,
                    "delta_t": 0.45427726023014564,
                    "option_price_t": 57.51,
                    "underlying_price_t": 4090.38
                },
                "put": {
                    "start_date": "2023-02-15",
                    "strike": 4150.0,
                    "maturity": "2023-04-28",
                    "units": -0.0010969756764189933,
                    "gamma": 0.0010731639231777491,
                    "vega": 734.35801905153,
                    "tau": 0.19726027397260273,
                    "delta_t_1": -0.5348159005748895,
                    "option_price_t_1": 112.78,
                    "underlying_t_1": 4100.6,
                    "Option_PnL": -0.004771844192422615,
                    "Delta_PnL": -0.005995869950472283,
                    "Total_PnL": 0.0012240257580496683,
                    "delta_t": -0.5457227397698543,
                    "option_price_t": 117.13,
                    "underlying_price_t": 4090.38
                }
            },
            "sv_2023-02-16_2023-04-28": {
                "call": {
                    "start_date": "2023-02-16",
                    "strike": 4150.0,
                    "maturity": "2023-04-28",
                    "units": -0.0011249981990118852,
                    "gamma": 0.0010570206768563157,
                    "vega": 715.2227695366594,
                    "tau": 0.19452054794520549,
                    "delta_t_1": 0.464689340728605,
                    "option_price_t_1": 63.38,
                    "underlying_t_1": 4100.6,
                    "Option_PnL": 0.006603739428199772,
                    "Delta_PnL": 0.005342757141909476,
                    "Total_PnL": 0.0012609822862902952,
                    "delta_t": 0.4537072928742403,
                    "option_price_t": 57.51,
                    "underlying_price_t": 4090.38
                },
                "put": {
                    "start_date": "2023-02-16",
                    "strike": 4150.0,
                    "maturity": "2023-04-28",
                    "units": -0.0011249981990118852,
                    "gamma": 0.0010570206768563157,
                    "vega": 715.2227695366594,
                    "tau": 0.19452054794520549,
                    "delta_t_1": -0.535310659271395,
                    "option_price_t_1": 112.78,
                    "underlying_t_1": 4100.6,
                    "Option_PnL": -0.004893742165701694,
                    "Delta_PnL": -0.006154724451992276,
                    "Total_PnL": 0.0012609822862905823,
                    "delta_t": -0.5462927071257597,
                    "option_price_t": 117.13,
                    "underlying_price_t": 4090.38
                }
            },
            "sv_2023-02-17_2023-04-28": {
                "call": {
                    "start_date": "2023-02-17",
                    "strike": 4100.0,
                    "maturity": "2023-04-28",
                    "units": -0.00113219677712454,
                    "gamma": 0.0010973432364154297,
                    "vega": 712.5909212793119,
                    "tau": 0.1917808219178082,
                    "delta_t_1": 0.5184173365275857,
                    "option_price_t_1": 85.61,
                    "underlying_t_1": 4100.6,
                    "Option_PnL": 0.0077668698910743445,
                    "Delta_PnL": 0.0059986334724972,
                    "Total_PnL": 0.0017682364185771446,
                    "delta_t": 0.5072670743741965,
                    "option_price_t": 78.75,
                    "underlying_price_t": 4090.38
                },
                "put": {
                    "start_date": "2023-02-17",
                    "strike": 4100.0,
                    "maturity": "2023-04-28",
                    "units": -0.00113219677712454,
                    "gamma": 0.0010973432364154297,
                    "vega": 712.5909212793119,
                    "tau": 0.1917808219178082,
                    "delta_t_1": -0.4815826634724143,
                    "option_price_t_1": 85.01,
                    "underlying_t_1": 4100.6,
                    "Option_PnL": -0.003804181171138454,
                    "Delta_PnL": -0.005572417589715888,
                    "Total_PnL": 0.0017682364185774339,
                    "delta_t": -0.4927329256258035,
                    "option_price_t": 88.37,
                    "underlying_price_t": 4090.38
                }
            },
            "sv_2023-02-21_2023-05-19": {
                "call": {
                    "start_date": "2023-02-21",
                    "strike": 4100.0,
                    "maturity": "2023-05-19",
                    "units": -0.0010602629873553851,
                    "gamma": 0.0009793440634234512,
                    "vega": 762.5043557007514,
                    "tau": 0.23835616438356164,
                    "delta_t_1": 0.5203879452457809,
                    "option_price_t_1": 117.11,
                    "underlying_t_1": 4100.6,
                    "Option_PnL": 0.0068068883788215745,
                    "Delta_PnL": 0.005638865351130568,
                    "Total_PnL": 0.0011680230276910064,
                    "delta_t": 0.5103910984075452,
                    "option_price_t": 110.69,
                    "underlying_price_t": 4090.38
                },
                "put": {
                    "start_date": "2023-02-21",
                    "strike": 4100.0,
                    "maturity": "2023-05-19",
                    "units": -0.0010602629873553851,
                    "gamma": 0.0009793440634234512,
                    "vega": 762.5043557007514,
                    "tau": 0.23835616438356164,
                    "delta_t_1": -0.4796120547542191,
                    "option_price_t_1": 116.51,
                    "underlying_t_1": 4100.6,
                    "Option_PnL": -0.00402899935195046,
                    "Delta_PnL": -0.005197022379641738,
                    "Total_PnL": 0.001168023027691278,
                    "delta_t": -0.48960890159245485,
                    "option_price_t": 120.31,
                    "underlying_price_t": 4090.38
                }
            },
            "sv_2023-02-22_2023-05-19": {
                "call": {
                    "start_date": "2023-02-22",
                    "strike": 4000.0,
                    "maturity": "2023-05-19",
                    "units": -0.0010475623421661356,
                    "gamma": 0.0010065594742075755,
                    "vega": 772.5754275754297,
                    "tau": 0.2356164383561644,
                    "delta_t_1": 0.6182695172760181,
                    "option_price_t_1": 172.59,
                    "underlying_t_1": 4100.6,
                    "Option_PnL": 0.008087181281522566,
                    "Delta_PnL": 0.00661924732606975,
                    "Total_PnL": 0.001467933955452816,
                    "delta_t": 0.6085504641134685,
                    "option_price_t": 164.87,
                    "underlying_price_t": 4090.38
                },
                "put": {
                    "start_date": "2023-02-22",
                    "strike": 4000.0,
                    "maturity": "2023-05-19",
                    "units": -0.0010475623421661356,
                    "gamma": 0.0010065594742075755,
                    "vega": 772.5754275754297,
                    "tau": 0.2356164383561644,
                    "delta_t_1": -0.3817304827239819,
                    "option_price_t_1": 71.99,
                    "underlying_t_1": 4100.6,
                    "Option_PnL": -0.002618905855415339,
                    "Delta_PnL": -0.004086839810868422,
                    "Total_PnL": 0.0014679339554530828,
                    "delta_t": -0.39144953588653153,
                    "option_price_t": 74.49,
                    "underlying_price_t": 4090.38
                }
            },
            "sv_2023-02-23_2023-05-19": {
                "call": {
                    "start_date": "2023-02-23",
                    "strike": 4000.0,
                    "maturity": "2023-05-19",
                    "units": -0.0010517918802211113,
                    "gamma": 0.0010064802961507503,
                    "vega": 769.9503093370787,
                    "tau": 0.2328767123287671,
                    "delta_t_1": 0.618722261929186,
                    "option_price_t_1": 172.59,
                    "underlying_t_1": 4100.6,
                    "Option_PnL": 0.008119833315306978,
                    "Delta_PnL": 0.006650839263357754,
                    "Total_PnL": 0.001468994051949224,
                    "delta_t": 0.608949196926232,
                    "option_price_t": 164.87,
                    "underlying_price_t": 4090.38
                },
                "put": {
                    "start_date": "2023-02-23",
                    "strike": 4000.0,
                    "maturity": "2023-05-19",
                    "units": -0.0010517918802211113,
                    "gamma": 0.0010064802961507503,
                    "vega": 769.9503093370787,
                    "tau": 0.2328767123287671,
                    "delta_t_1": -0.381277738070814,
                    "option_price_t_1": 71.99,
                    "underlying_t_1": 4100.6,
                    "Option_PnL": -0.0026294797005527782,
                    "Delta_PnL": -0.004098473752502271,
                    "Total_PnL": 0.0014689940519494924,
                    "delta_t": -0.39105080307376805,
                    "option_price_t": 74.49,
                    "underlying_price_t": 4090.38
                }
            },
            "sv_2023-02-24_2023-05-19": {
                "call": {
                    "start_date": "2023-02-24",
                    "strike": 4000.0,
                    "maturity": "2023-05-19",
                    "units": -0.001067472583658526,
                    "gamma": 0.001030489010413036,
                    "vega": 759.491869590787,
                    "tau": 0.23013698630136986,
                    "delta_t_1": 0.6191842062855211,
                    "option_price_t_1": 172.59,
                    "underlying_t_1": 4100.6,
                    "Option_PnL": 0.00824088834584382,
                    "Delta_PnL": 0.006755033320619473,
                    "Total_PnL": 0.0014858550252243473,
                    "delta_t": 0.6093562277085252,
                    "option_price_t": 164.87,
                    "underlying_price_t": 4090.38
                },
                "put": {
                    "start_date": "2023-02-24",
                    "strike": 4000.0,
                    "maturity": "2023-05-19",
                    "units": -0.001067472583658526,
                    "gamma": 0.001030489010413036,
                    "vega": 759.491869590787,
                    "tau": 0.23013698630136986,
                    "delta_t_1": -0.38081579371447893,
                    "option_price_t_1": 71.99,
                    "underlying_t_1": 4100.6,
                    "Option_PnL": -0.002668681459146315,
                    "Delta_PnL": -0.004154536484370935,
                    "Total_PnL": 0.00148585502522462,
                    "delta_t": -0.39064377229147484,
                    "option_price_t": 74.49,
                    "underlying_price_t": 4090.38
                }
            },
            "sv_2023-02-27_2023-05-19": {
                "call": {
                    "start_date": "2023-02-27",
                    "strike": 3950.0,
                    "maturity": "2023-05-19",
                    "units": -0.0010960312954198378,
                    "gamma": 0.001037719198273692,
                    "vega": 741.8298482208786,
                    "tau": 0.2219178082191781,
                    "delta_t_1": 0.6694529932318374,
                    "option_price_t_1": 205.35,
                    "underlying_t_1": 4100.6,
                    "Option_PnL": 0.009075139126076258,
                    "Delta_PnL": 0.00749883742885278,
                    "Total_PnL": 0.0015763016972234782,
                    "delta_t": 0.6598825036812073,
                    "option_price_t": 197.07,
                    "underlying_price_t": 4090.38
                },
                "put": {
                    "start_date": "2023-02-27",
                    "strike": 3950.0,
                    "maturity": "2023-05-19",
                    "units": -0.0010960312954198378,
                    "gamma": 0.001037719198273692,
                    "vega": 741.8298482208786,
                    "tau": 0.2219178082191781,
                    "delta_t_1": -0.3305470067681626,
                    "option_price_t_1": 54.75,
                    "underlying_t_1": 4100.6,
                    "Option_PnL": -0.002126300713114483,
                    "Delta_PnL": -0.003702602410338241,
                    "Total_PnL": 0.001576301697223758,
                    "delta_t": -0.34011749631879273,
                    "option_price_t": 56.69,
                    "underlying_price_t": 4090.38
                }
            },
            "sv_2023-02-28_2023-05-19": {
                "call": {
                    "start_date": "2023-02-28",
                    "strike": 4000.0,
                    "maturity": "2023-05-19",
                    "units": -0.0010983833287256301,
                    "gamma": 0.0010572893230760038,
                    "vega": 741.1430723937467,
                    "tau": 0.2191780821917808,
                    "delta_t_1": 0.6211297192737174,
                    "option_price_t_1": 172.59,
                    "underlying_t_1": 4100.6,
                    "Option_PnL": 0.008479519297761863,
                    "Delta_PnL": 0.0069724777625607744,
                    "Total_PnL": 0.001507041535201089,
                    "delta_t": 0.6110725469384898,
                    "option_price_t": 164.87,
                    "underlying_price_t": 4090.38
                },
                "put": {
                    "start_date": "2023-02-28",
                    "strike": 4000.0,
                    "maturity": "2023-05-19",
                    "units": -0.0010983833287256301,
                    "gamma": 0.0010572893230760038,
                    "vega": 741.1430723937467,
                    "tau": 0.2191780821917808,
                    "delta_t_1": -0.3788702807262826,
                    "option_price_t_1": 71.99,
                    "underlying_t_1": 4100.6,
                    "Option_PnL": -0.002745958321814075,
                    "Delta_PnL": -0.004252999857015445,
                    "Total_PnL": 0.00150704153520137,
                    "delta_t": -0.3889274530615102,
                    "option_price_t": 74.49,
                    "underlying_price_t": 4090.38
                }
            },
            "sv_2023-03-01_2023-05-19": {
                "call": {
                    "start_date": "2023-03-01",
                    "strike": 3950.0,
                    "maturity": "2023-05-19",
                    "units": -0.001112407388283498,
                    "gamma": 0.0010658024312962362,
                    "vega": 732.4226901433753,
                    "tau": 0.21643835616438356,
                    "delta_t_1": 0.6710158894407148,
                    "option_price_t_1": 205.35,
                    "underlying_t_1": 4100.6,
                    "Option_PnL": 0.009210733174987364,
                    "Delta_PnL": 0.007628647797970214,
                    "Total_PnL": 0.0015820853770171497,
                    "delta_t": 0.6613418922927089,
                    "option_price_t": 197.07,
                    "underlying_price_t": 4090.38
                },
                "put": {
                    "start_date": "2023-03-01",
                    "strike": 3950.0,
                    "maturity": "2023-05-19",
                    "units": -0.001112407388283498,
                    "gamma": 0.0010658024312962362,
                    "vega": 732.4226901433753,
                    "tau": 0.21643835616438356,
                    "delta_t_1": -0.3289841105592852,
                    "option_price_t_1": 54.75,
                    "underlying_t_1": 4100.6,
                    "Option_PnL": -0.0021580703332699834,
                    "Delta_PnL": -0.0037401557102874185,
                    "Total_PnL": 0.001582085377017435,
                    "delta_t": -0.3386581077072911,
                    "option_price_t": 56.69,
                    "underlying_price_t": 4090.38
                }
            },
            "sv_2023-03-02_2023-05-19": {
                "call": {
                    "start_date": "2023-03-02",
                    "strike": 3950.0,
                    "maturity": "2023-05-19",
                    "units": -0.0011223984078945395,
                    "gamma": 0.0010842666925161366,
                    "vega": 727.8671389119224,
                    "tau": 0.2136986301369863,
                    "delta_t_1": 0.6718206914472935,
                    "option_price_t_1": 205.35,
                    "underlying_t_1": 4100.6,
                    "Option_PnL": 0.009293458817366788,
                    "Delta_PnL": 0.007706395849094332,
                    "Total_PnL": 0.0015870629682724563,
                    "delta_t": 0.6620936993833793,
                    "option_price_t": 197.07,
                    "underlying_price_t": 4090.38
                },
                "put": {
                    "start_date": "2023-03-02",
                    "strike": 3950.0,
                    "maturity": "2023-05-19",
                    "units": -0.0011223984078945395,
                    "gamma": 0.0010842666925161366,
                    "vega": 727.8671389119224,
                    "tau": 0.2136986301369863,
                    "delta_t_1": -0.3281793085527065,
                    "option_price_t_1": 54.75,
                    "underlying_t_1": 4100.6,
                    "Option_PnL": -0.002177452911315404,
                    "Delta_PnL": -0.003764515879588147,
                    "Total_PnL": 0.001587062968272743,
                    "delta_t": -0.33790630061662075,
                    "option_price_t": 56.69,
                    "underlying_price_t": 4090.38
                }
            },
            "sv_2023-03-03_2023-05-19": {
                "call": {
                    "start_date": "2023-03-03",
                    "strike": 4000.0,
                    "maturity": "2023-05-19",
                    "units": -0.001113030982510086,
                    "gamma": 0.001045472494606767,
                    "vega": 730.8544955364597,
                    "tau": 0.21095890410958903,
                    "delta_t_1": 0.622700315268469,
                    "option_price_t_1": 172.59,
                    "underlying_t_1": 4100.6,
                    "Option_PnL": 0.008592599184977862,
                    "Delta_PnL": 0.007083326080742993,
                    "Total_PnL": 0.0015092731042348692,
                    "delta_t": 0.6124604314187251,
                    "option_price_t": 164.87,
                    "underlying_price_t": 4090.38
                },
                "put": {
                    "start_date": "2023-03-03",
                    "strike": 4000.0,
                    "maturity": "2023-05-19",
                    "units": -0.001113030982510086,
                    "gamma": 0.001045472494606767,
                    "vega": 730.8544955364597,
                    "tau": 0.21095890410958903,
                    "delta_t_1": -0.37729968473153097,
                    "option_price_t_1": 71.99,
                    "underlying_t_1": 4100.6,
                    "Option_PnL": -0.002782577456275215,
                    "Delta_PnL": -0.004291850560510369,
                    "Total_PnL": 0.0015092731042351537,
                    "delta_t": -0.3875395685812749,
                    "option_price_t": 74.49,
                    "underlying_price_t": 4090.38
                }
            },
            "sv_2023-03-06_2023-05-19": {
                "call": {
                    "start_date": "2023-03-06",
                    "strike": 4050.0,
                    "maturity": "2023-05-19",
                    "units": -0.0011273465019764576,
                    "gamma": 0.0011287204799282293,
                    "vega": 726.6617397020293,
                    "tau": 0.20273972602739726,
                    "delta_t_1": 0.5719583904151175,
                    "option_price_t_1": 143.14,
                    "underlying_t_1": 4100.6,
                    "Option_PnL": 0.007992886699013055,
                    "Delta_PnL": 0.006589807871062167,
                    "Total_PnL": 0.0014030788279508878,
                    "delta_t": 0.5612238733710615,
                    "option_price_t": 136.05,
                    "underlying_price_t": 4090.38
                },
                "put": {
                    "start_date": "2023-03-06",
                    "strike": 4050.0,
                    "maturity": "2023-05-19",
                    "units": -0.0011273465019764576,
                    "gamma": 0.0011287204799282293,
                    "vega": 726.6617397020293,
                    "tau": 0.20273972602739726,
                    "delta_t_1": -0.42804160958488247,
                    "option_price_t_1": 92.54,
                    "underlying_t_1": 4100.6,
                    "Option_PnL": -0.003528594551186307,
                    "Delta_PnL": -0.004931673379137517,
                    "Total_PnL": 0.0014030788279512096,
                    "delta_t": -0.4387761266289385,
                    "option_price_t": 95.67,
                    "underlying_price_t": 4090.38
                }
            },
            "sv_2023-03-07_2023-05-19": {
                "call": {
                    "start_date": "2023-03-07",
                    "strike": 4050.0,
                    "maturity": "2023-05-19",
                    "units": -0.001162423058152961,
                    "gamma": 0.001126696743049381,
                    "vega": 704.6768803899713,
                    "tau": 0.2,
                    "delta_t_1": 0.5721996932060686,
                    "option_price_t_1": 143.14,
                    "underlying_t_1": 4100.6,
                    "Option_PnL": 0.008241579482304464,
                    "Delta_PnL": 0.006797711558303185,
                    "Total_PnL": 0.0014438679240012797,
                    "delta_t": 0.5613926842172989,
                    "option_price_t": 136.05,
                    "underlying_price_t": 4090.38
                },
                "put": {
                    "start_date": "2023-03-07",
                    "strike": 4050.0,
                    "maturity": "2023-05-19",
                    "units": -0.001162423058152961,
                    "gamma": 0.001126696743049381,
                    "vega": 704.6768803899713,
                    "tau": 0.2,
                    "delta_t_1": -0.42780030679393144,
                    "option_price_t_1": 92.54,
                    "underlying_t_1": 4100.6,
                    "Option_PnL": -0.0036383841720187627,
                    "Delta_PnL": -0.005082252096020373,
                    "Total_PnL": 0.0014438679240016102,
                    "delta_t": -0.43860731578270107,
                    "option_price_t": 95.67,
                    "underlying_price_t": 4090.38
                }
            },
            "sv_2023-03-08_2023-05-19": {
                "call": {
                    "start_date": "2023-03-08",
                    "strike": 4000.0,
                    "maturity": "2023-05-19",
                    "units": -0.001159653232316576,
                    "gamma": 0.0011427522680107452,
                    "vega": 707.175376111955,
                    "tau": 0.19726027397260273,
                    "delta_t_1": 0.6255594223142055,
                    "option_price_t_1": 172.59,
                    "underlying_t_1": 4100.6,
                    "Option_PnL": 0.008952522953483965,
                    "Delta_PnL": 0.007413915102268176,
                    "Total_PnL": 0.0015386078512157888,
                    "delta_t": 0.6149918029525887,
                    "option_price_t": 164.87,
                    "underlying_price_t": 4090.38
                },
                "put": {
                    "start_date": "2023-03-08",
                    "strike": 4000.0,
                    "maturity": "2023-05-19",
                    "units": -0.001159653232316576,
                    "gamma": 0.0011427522680107452,
                    "vega": 707.175376111955,
                    "tau": 0.19726027397260273,
                    "delta_t_1": -0.37444057768579453,
                    "option_price_t_1": 71.99,
                    "underlying_t_1": 4100.6,
                    "Option_PnL": -0.00289913308079144,
                    "Delta_PnL": -0.004437740932007527,
                    "Total_PnL": 0.0015386078512160868,
                    "delta_t": -0.3850081970474113,
                    "option_price_t": 74.49,
                    "underlying_price_t": 4090.38
                }
            },
            "sv_2023-03-09_2023-05-19": {
                "call": {
                    "start_date": "2023-03-09",
                    "strike": 4000.0,
                    "maturity": "2023-05-19",
                    "units": -0.001203449400592747,
                    "gamma": 0.0011038316539982687,
                    "vega": 678.1030389722147,
                    "tau": 0.19452054794520549,
                    "delta_t_1": 0.6261712515058913,
                    "option_price_t_1": 172.59,
                    "underlying_t_1": 4100.6,
                    "Option_PnL": 0.009290629372576005,
                    "Delta_PnL": 0.0077014385647364405,
                    "Total_PnL": 0.0015891908078395642,
                    "delta_t": 0.6155342655323037,
                    "option_price_t": 164.87,
                    "underlying_price_t": 4090.38
                },
                "put": {
                    "start_date": "2023-03-09",
                    "strike": 4000.0,
                    "maturity": "2023-05-19",
                    "units": -0.001203449400592747,
                    "gamma": 0.0011038316539982687,
                    "vega": 678.1030389722147,
                    "tau": 0.19452054794520549,
                    "delta_t_1": -0.37382874849410874,
                    "option_price_t_1": 71.99,
                    "underlying_t_1": 4100.6,
                    "Option_PnL": -0.0030086235014818675,
                    "Delta_PnL": -0.00459781430932174,
                    "Total_PnL": 0.0015891908078398721,
                    "delta_t": -0.3844657344676963,
                    "option_price_t": 74.49,
                    "underlying_price_t": 4090.38
                }
            },
            "sv_2023-03-10_2023-05-19": {
                "call": {
                    "start_date": "2023-03-10",
                    "strike": 3900.0,
                    "maturity": "2023-05-19",
                    "units": -0.0012093045700568247,
                    "gamma": 0.001140282094708455,
                    "vega": 673.2588517643939,
                    "tau": 0.1917808219178082,
                    "delta_t_1": 0.7282746977133938,
                    "option_price_t_1": 241.24,
                    "underlying_t_1": 4100.6,
                    "Option_PnL": 0.010605601079398366,
                    "Delta_PnL": 0.009000814504460164,
                    "Total_PnL": 0.0016047865749382016,
                    "delta_t": 0.7187900817574673,
                    "option_price_t": 232.47,
                    "underlying_price_t": 4090.38
                },
                "put": {
                    "start_date": "2023-03-10",
                    "strike": 3900.0,
                    "maturity": "2023-05-19",
                    "units": -0.0012093045700568247,
                    "gamma": 0.001140282094708455,
                    "vega": 673.2588517643939,
                    "tau": 0.1917808219178082,
                    "delta_t_1": -0.2717253022866062,
                    "option_price_t_1": 40.64,
                    "underlying_t_1": 4100.6,
                    "Option_PnL": -0.0017534916265823993,
                    "Delta_PnL": -0.003358278201520892,
                    "Total_PnL": 0.0016047865749384928,
                    "delta_t": -0.2812099182425327,
                    "option_price_t": 42.09,
                    "underlying_price_t": 4090.38
                }
            },
            "sv_2023-03-13_2023-05-19": {
                "call": {
                    "start_date": "2023-03-13",
                    "strike": 3850.0,
                    "maturity": "2023-05-19",
                    "units": -0.001242967788441457,
                    "gamma": 0.0011701729135428266,
                    "vega": 657.811178086514,
                    "tau": 0.18356164383561643,
                    "delta_t_1": 0.7785093656163031,
                    "option_price_t_1": 279.99,
                    "underlying_t_1": 4100.6,
                    "Option_PnL": 0.011385584942123777,
                    "Delta_PnL": 0.00988950629879226,
                    "Total_PnL": 0.001496078643331518,
                    "delta_t": 0.7697685942978436,
                    "option_price_t": 270.83,
                    "underlying_price_t": 4090.38
                },
                "put": {
                    "start_date": "2023-03-13",
                    "strike": 3850.0,
                    "maturity": "2023-05-19",
                    "units": -0.001242967788441457,
                    "gamma": 0.0011701729135428266,
                    "vega": 657.811178086514,
                    "tau": 0.18356164383561643,
                    "delta_t_1": -0.22149063438369687,
                    "option_price_t_1": 29.39,
                    "underlying_t_1": 4100.6,
                    "Option_PnL": -0.0013175458557479428,
                    "Delta_PnL": -0.0028136244990797483,
                    "Total_PnL": 0.0014960786433318054,
                    "delta_t": -0.2302314057021564,
                    "option_price_t": 30.45,
                    "underlying_price_t": 4090.38
                }
            },
            "sv_2023-03-14_2023-05-19": {
                "call": {
                    "start_date": "2023-03-14",
                    "strike": 3850.0,
                    "maturity": "2023-05-19",
                    "units": -0.0012674134114874812,
                    "gamma": 0.001103868621130672,
                    "vega": 645.3729143752997,
                    "tau": 0.18082191780821918,
                    "delta_t_1": 0.7800326184657362,
                    "option_price_t_1": 279.99,
                    "underlying_t_1": 4100.6,
                    "Option_PnL": 0.01160950684922536,
                    "Delta_PnL": 0.010103735256861026,
                    "Total_PnL": 0.0015057715923643342,
                    "delta_t": 0.771259095414141,
                    "option_price_t": 270.83,
                    "underlying_price_t": 4090.38
                },
                "put": {
                    "start_date": "2023-03-14",
                    "strike": 3850.0,
                    "maturity": "2023-05-19",
                    "units": -0.0012674134114874812,
                    "gamma": 0.001103868621130672,
                    "vega": 645.3729143752997,
                    "tau": 0.18082191780821918,
                    "delta_t_1": -0.21996738153426376,
                    "option_price_t_1": 29.39,
                    "underlying_t_1": 4100.6,
                    "Option_PnL": -0.0013434582161767285,
                    "Delta_PnL": -0.0028492298085413554,
                    "Total_PnL": 0.001505771592364627,
                    "delta_t": -0.22874090458585905,
                    "option_price_t": 30.45,
                    "underlying_price_t": 4090.38
                }
            },
            "sv_2023-03-15_2023-05-19": {
                "call": {
                    "start_date": "2023-03-15",
                    "strike": 3900.0,
                    "maturity": "2023-05-19",
                    "units": -0.0012524205026246279,
                    "gamma": 0.001184898657671764,
                    "vega": 655.0952660554306,
                    "tau": 0.1780821917808219,
                    "delta_t_1": 0.7347484782578526,
                    "option_price_t_1": 241.24,
                    "underlying_t_1": 4100.6,
                    "Option_PnL": 0.010983727808017998,
                    "Delta_PnL": 0.00940458767728136,
                    "Total_PnL": 0.0015791401307366382,
                    "delta_t": 0.7250177800164389,
                    "option_price_t": 232.47,
                    "underlying_price_t": 4090.38
                },
                "put": {
                    "start_date": "2023-03-15",
                    "strike": 3900.0,
                    "maturity": "2023-05-19",
                    "units": -0.0012524205026246279,
                    "gamma": 0.001184898657671764,
                    "vega": 655.0952660554306,
                    "tau": 0.1780821917808219,
                    "delta_t_1": -0.2652515217421474,
                    "option_price_t_1": 40.64,
                    "underlying_t_1": 4100.6,
                    "Option_PnL": -0.001816009728805714,
                    "Delta_PnL": -0.0033951498595426555,
                    "Total_PnL": 0.0015791401307369414,
                    "delta_t": -0.2749822199835611,
                    "option_price_t": 42.09,
                    "underlying_price_t": 4090.38
                }
            },
            "sv_2023-03-16_2023-05-19": {
                "call": {
                    "start_date": "2023-03-16",
                    "strike": 3900.0,
                    "maturity": "2023-05-19",
                    "units": -0.001266936764397476,
                    "gamma": 0.0011158341941000362,
                    "vega": 646.0314377949514,
                    "tau": 0.17534246575342466,
                    "delta_t_1": 0.7361281973494274,
                    "option_price_t_1": 241.24,
                    "underlying_t_1": 4100.6,
                    "Option_PnL": 0.011111035423765878,
                    "Delta_PnL": 0.009531456898153498,
                    "Total_PnL": 0.00157957852561238,
                    "delta_t": 0.7263463084574975,
                    "option_price_t": 232.47,
                    "underlying_price_t": 4090.38
                },
                "put": {
                    "start_date": "2023-03-16",
                    "strike": 3900.0,
                    "maturity": "2023-05-19",
                    "units": -0.001266936764397476,
                    "gamma": 0.0011158341941000362,
                    "vega": 646.0314377949514,
                    "tau": 0.17534246575342466,
                    "delta_t_1": -0.26387180265057264,
                    "option_price_t_1": 40.64,
                    "underlying_t_1": 4100.6,
                    "Option_PnL": -0.001837058308376344,
                    "Delta_PnL": -0.0034166368339890296,
                    "Total_PnL": 0.0015795785256126856,
                    "delta_t": -0.2736536915425025,
                    "option_price_t": 42.09,
                    "underlying_price_t": 4090.38
                }
            },
            "sv_2023-03-17_2023-05-19": {
                "call": {
                    "start_date": "2023-03-17",
                    "strike": 3950.0,
                    "maturity": "2023-05-19",
                    "units": -0.001263101453492699,
                    "gamma": 0.0011888765858914284,
                    "vega": 648.1227646430003,
                    "tau": 0.1726027397260274,
                    "delta_t_1": 0.6861725010392904,
                    "option_price_t_1": 205.35,
                    "underlying_t_1": 4100.6,
                    "Option_PnL": 0.01045848003491955,
                    "Delta_PnL": 0.008857730040444782,
                    "Total_PnL": 0.0016007499944747684,
                    "delta_t": 0.6755334629497352,
                    "option_price_t": 197.07,
                    "underlying_price_t": 4090.38
                },
                "put": {
                    "start_date": "2023-03-17",
                    "strike": 3950.0,
                    "maturity": "2023-05-19",
                    "units": -0.001263101453492699,
                    "gamma": 0.0011888765858914284,
                    "vega": 648.1227646430003,
                    "tau": 0.1726027397260274,
                    "delta_t_1": -0.3138274989607096,
                    "option_price_t_1": 54.75,
                    "underlying_t_1": 4100.6,
                    "Option_PnL": -0.0024504168197758336,
                    "Delta_PnL": -0.004051166814250925,
                    "Total_PnL": 0.001600749994475091,
                    "delta_t": -0.32446653705026485,
                    "option_price_t": 56.69,
                    "underlying_price_t": 4090.38
                }
            },
            "sv_2023-03-20_2023-06-16": {
                "call": {
                    "start_date": "2023-03-20",
                    "strike": 3900.0,
                    "maturity": "2023-06-16",
                    "units": -0.0010777792477548146,
                    "gamma": 0.0009773923533955842,
                    "vega": 761.6115961030035,
                    "tau": 0.2410958904109589,
                    "delta_t_1": 0.7095688018293425,
                    "option_price_t_1": 266.92,
                    "underlying_t_1": 4100.6,
                    "Option_PnL": 0.008773123076724237,
                    "Delta_PnL": 0.007815832171141835,
                    "Total_PnL": 0.000957290905582402,
                    "delta_t": 0.7008495818710816,
                    "option_price_t": 258.78,
                    "underlying_price_t": 4090.38
                },
                "put": {
                    "start_date": "2023-03-20",
                    "strike": 3900.0,
                    "maturity": "2023-06-16",
                    "units": -0.0010777792477548146,
                    "gamma": 0.0009773923533955842,
                    "vega": 761.6115961030035,
                    "tau": 0.2410958904109589,
                    "delta_t_1": -0.29043119817065755,
                    "option_price_t_1": 66.32,
                    "underlying_t_1": 4100.6,
                    "Option_PnL": -0.002241780835330028,
                    "Delta_PnL": -0.003199071740912646,
                    "Total_PnL": 0.000957290905582618,
                    "delta_t": -0.2991504181289184,
                    "option_price_t": 68.4,
                    "underlying_price_t": 4090.38
                }
            },
            "sv_2023-03-21_2023-06-16": {
                "call": {
                    "start_date": "2023-03-21",
                    "strike": 3950.0,
                    "maturity": "2023-06-16",
                    "units": -0.0010689044673254002,
                    "gamma": 0.0009497855738619657,
                    "vega": 767.0563091766749,
                    "tau": 0.23835616438356164,
                    "delta_t_1": 0.6651064519105827,
                    "option_price_t_1": 233.5,
                    "underlying_t_1": 4100.6,
                    "Option_PnL": 0.008219875353732326,
                    "Delta_PnL": 0.007265758333634582,
                    "Total_PnL": 0.0009541170200977438,
                    "delta_t": 0.655828063774485,
                    "option_price_t": 225.81,
                    "underlying_price_t": 4090.38
                },
                "put": {
                    "start_date": "2023-03-21",
                    "strike": 3950.0,
                    "maturity": "2023-06-16",
                    "units": -0.0010689044673254002,
                    "gamma": 0.0009497855738619657,
                    "vega": 767.0563091766749,
                    "tau": 0.23835616438356164,
                    "delta_t_1": -0.3348935480894173,
                    "option_price_t_1": 82.9,
                    "underlying_t_1": 4100.6,
                    "Option_PnL": -0.0027043283023332637,
                    "Delta_PnL": -0.0036584453224312815,
                    "Total_PnL": 0.0009541170200980179,
                    "delta_t": -0.344171936225515,
                    "option_price_t": 85.43,
                    "underlying_price_t": 4090.38
                }
            },
            "sv_2023-03-22_2023-06-16": {
                "call": {
                    "start_date": "2023-03-22",
                    "strike": 4000.0,
                    "maturity": "2023-06-16",
                    "units": -0.0010782542096399155,
                    "gamma": 0.0009784130190006633,
                    "vega": 758.3795352773161,
                    "tau": 0.2356164383561644,
                    "delta_t_1": 0.6182695172760181,
                    "option_price_t_1": 202.68,
                    "underlying_t_1": 4100.6,
                    "Option_PnL": 0.007784995393600189,
                    "Delta_PnL": 0.006813180473082098,
                    "Total_PnL": 0.0009718149205180911,
                    "delta_t": 0.6085504641134685,
                    "option_price_t": 195.46,
                    "underlying_price_t": 4090.38
                },
                "put": {
                    "start_date": "2023-03-22",
                    "strike": 4000.0,
                    "maturity": "2023-06-16",
                    "units": -0.0010782542096399155,
                    "gamma": 0.0009784130190006633,
                    "vega": 758.3795352773161,
                    "tau": 0.2356164383561644,
                    "delta_t_1": -0.3817304827239819,
                    "option_price_t_1": 102.08,
                    "underlying_t_1": 4100.6,
                    "Option_PnL": -0.0032347626289197465,
                    "Delta_PnL": -0.004206577549438113,
                    "Total_PnL": 0.0009718149205183661,
                    "delta_t": -0.39144953588653153,
                    "option_price_t": 105.08,
                    "underlying_price_t": 4090.38
                }
            },
            "sv_2023-03-23_2023-06-16": {
                "call": {
                    "start_date": "2023-03-23",
                    "strike": 3950.0,
                    "maturity": "2023-06-16",
                    "units": -0.001079294758347358,
                    "gamma": 0.0009934954671887838,
                    "vega": 759.3420961720451,
                    "tau": 0.2328767123287671,
                    "delta_t_1": 0.666501533730385,
                    "option_price_t_1": 233.5,
                    "underlying_t_1": 4100.6,
                    "Option_PnL": 0.00829977669169118,
                    "Delta_PnL": 0.0073517734724498265,
                    "Total_PnL": 0.0009480032192413536,
                    "delta_t": 0.6571286983360989,
                    "option_price_t": 225.81,
                    "underlying_price_t": 4090.38
                },
                "put": {
                    "start_date": "2023-03-23",
                    "strike": 3950.0,
                    "maturity": "2023-06-16",
                    "units": -0.001079294758347358,
                    "gamma": 0.0009934954671887838,
                    "vega": 759.3420961720451,
                    "tau": 0.2328767123287671,
                    "delta_t_1": -0.333498466269615,
                    "option_price_t_1": 82.9,
                    "underlying_t_1": 4100.6,
                    "Option_PnL": -0.0027306157386188168,
                    "Delta_PnL": -0.0036786189578604475,
                    "Total_PnL": 0.0009480032192416307,
                    "delta_t": -0.3428713016639011,
                    "option_price_t": 85.43,
                    "underlying_price_t": 4090.38
                }
            },
            "sv_2023-03-24_2023-06-16": {
                "call": {
                    "start_date": "2023-03-24",
                    "strike": 3950.0,
                    "maturity": "2023-06-16",
                    "units": -0.0010859010438367326,
                    "gamma": 0.0009912747879510858,
                    "vega": 755.9609364072736,
                    "tau": 0.23013698630136986,
                    "delta_t_1": 0.6672186559873372,
                    "option_price_t_1": 233.5,
                    "underlying_t_1": 4100.6,
                    "Option_PnL": 0.008350579027104472,
                    "Delta_PnL": 0.0074047317057409755,
                    "Total_PnL": 0.0009458473213634962,
                    "delta_t": 0.6577975290200861,
                    "option_price_t": 225.81,
                    "underlying_price_t": 4090.38
                },
                "put": {
                    "start_date": "2023-03-24",
                    "strike": 3950.0,
                    "maturity": "2023-06-16",
                    "units": -0.0010859010438367326,
                    "gamma": 0.0009912747879510858,
                    "vega": 755.9609364072736,
                    "tau": 0.23013698630136986,
                    "delta_t_1": -0.3327813440126628,
                    "option_price_t_1": 82.9,
                    "underlying_t_1": 4100.6,
                    "Option_PnL": -0.002747329640906935,
                    "Delta_PnL": -0.0036931769622707087,
                    "Total_PnL": 0.0009458473213637738,
                    "delta_t": -0.34220247097991385,
                    "option_price_t": 85.43,
                    "underlying_price_t": 4090.38
                }
            },
            "sv_2023-03-27_2023-06-16": {
                "call": {
                    "start_date": "2023-03-27",
                    "strike": 3950.0,
                    "maturity": "2023-06-16",
                    "units": -0.0011100590246826713,
                    "gamma": 0.0010063153050965917,
                    "vega": 742.1815219860355,
                    "tau": 0.2219178082191781,
                    "delta_t_1": 0.6694529932318374,
                    "option_price_t_1": 233.5,
                    "underlying_t_1": 4100.6,
                    "Option_PnL": 0.00853635389980974,
                    "Delta_PnL": 0.007594812481460794,
                    "Total_PnL": 0.0009415414183489464,
                    "delta_t": 0.6598825036812073,
                    "option_price_t": 225.81,
                    "underlying_price_t": 4090.38
                },
                "put": {
                    "start_date": "2023-03-27",
                    "strike": 3950.0,
                    "maturity": "2023-06-16",
                    "units": -0.0011100590246826713,
                    "gamma": 0.0010063153050965917,
                    "vega": 742.1815219860355,
                    "tau": 0.2219178082191781,
                    "delta_t_1": -0.3305470067681626,
                    "option_price_t_1": 82.9,
                    "underlying_t_1": 4100.6,
                    "Option_PnL": -0.00280844933244716,
                    "Delta_PnL": -0.003749990750796388,
                    "Total_PnL": 0.0009415414183492283,
                    "delta_t": -0.34011749631879273,
                    "option_price_t": 85.43,
                    "underlying_price_t": 4090.38
                }
            },
            "sv_2023-03-28_2023-06-16": {
                "call": {
                    "start_date": "2023-03-28",
                    "strike": 4000.0,
                    "maturity": "2023-06-16",
                    "units": -0.0011145040542978985,
                    "gamma": 0.0010412163610418821,
                    "vega": 741.455956544214,
                    "tau": 0.2191780821917808,
                    "delta_t_1": 0.6211297192737174,
                    "option_price_t_1": 202.68,
                    "underlying_t_1": 4100.6,
                    "Option_PnL": 0.008046719272030826,
                    "Delta_PnL": 0.007074811253637517,
                    "Total_PnL": 0.0009719080183933091,
                    "delta_t": 0.6110725469384898,
                    "option_price_t": 195.46,
                    "underlying_price_t": 4090.38
                },
                "put": {
                    "start_date": "2023-03-28",
                    "strike": 4000.0,
                    "maturity": "2023-06-16",
                    "units": -0.0011145040542978985,
                    "gamma": 0.0010412163610418821,
                    "vega": 741.455956544214,
                    "tau": 0.2191780821917808,
                    "delta_t_1": -0.3788702807262826,
                    "option_price_t_1": 102.08,
                    "underlying_t_1": 4100.6,
                    "Option_PnL": -0.003343512162893696,
                    "Delta_PnL": -0.00431542018128729,
                    "Total_PnL": 0.0009719080183935944,
                    "delta_t": -0.3889274530615102,
                    "option_price_t": 105.08,
                    "underlying_price_t": 4090.38
                }
            },
            "sv_2023-03-29_2023-06-16": {
                "call": {
                    "start_date": "2023-03-29",
                    "strike": 3950.0,
                    "maturity": "2023-06-16",
                    "units": -0.0011370876177729402,
                    "gamma": 0.0009741344533689134,
                    "vega": 725.0803002861737,
                    "tau": 0.21643835616438356,
                    "delta_t_1": 0.6710158894407148,
                    "option_price_t_1": 233.5,
                    "underlying_t_1": 4100.6,
                    "Option_PnL": 0.008744203780673908,
                    "Delta_PnL": 0.00779789944114615,
                    "Total_PnL": 0.0009463043395277586,
                    "delta_t": 0.6613418922927089,
                    "option_price_t": 225.81,
                    "underlying_price_t": 4090.38
                },
                "put": {
                    "start_date": "2023-03-29",
                    "strike": 3950.0,
                    "maturity": "2023-06-16",
                    "units": -0.0011370876177729402,
                    "gamma": 0.0009741344533689134,
                    "vega": 725.0803002861737,
                    "tau": 0.21643835616438356,
                    "delta_t_1": -0.3289841105592852,
                    "option_price_t_1": 82.9,
                    "underlying_t_1": 4100.6,
                    "Option_PnL": -0.00287683167296554,
                    "Delta_PnL": -0.003823136012493589,
                    "Total_PnL": 0.0009463043395280491,
                    "delta_t": -0.3386581077072911,
                    "option_price_t": 85.43,
                    "underlying_price_t": 4090.38
                }
            },
            "sv_2023-03-30_2023-06-16": {
                "call": {
                    "start_date": "2023-03-30",
                    "strike": 4050.0,
                    "maturity": "2023-06-16",
                    "units": -0.001106167005362329,
                    "gamma": 0.0010001570277281466,
                    "vega": 746.0784996049753,
                    "tau": 0.2136986301369863,
                    "delta_t_1": 0.5710554182379806,
                    "option_price_t_1": 174.52,
                    "underlying_t_1": 4100.6,
                    "Option_PnL": 0.007411318935927623,
                    "Delta_PnL": 0.006455796804497965,
                    "Total_PnL": 0.0009555221314296574,
                    "delta_t": 0.5605970146938704,
                    "option_price_t": 167.82,
                    "underlying_price_t": 4090.38
                },
                "put": {
                    "start_date": "2023-03-30",
                    "strike": 4050.0,
                    "maturity": "2023-06-16",
                    "units": -0.001106167005362329,
                    "gamma": 0.0010001570277281466,
                    "vega": 746.0784996049753,
                    "tau": 0.2136986301369863,
                    "delta_t_1": -0.42894458176201944,
                    "option_price_t_1": 123.92,
                    "underlying_t_1": 4100.6,
                    "Option_PnL": -0.0038937078588753937,
                    "Delta_PnL": -0.004849229990305318,
                    "Total_PnL": 0.0009555221314299241,
                    "delta_t": -0.43940298530612965,
                    "option_price_t": 127.44,
                    "underlying_price_t": 4090.38
                }
            },
            "sv_2023-03-31_2023-06-16": {
                "call": {
                    "start_date": "2023-03-31",
                    "strike": 4050.0,
                    "maturity": "2023-06-16",
                    "units": -0.0011165230930607994,
                    "gamma": 0.0009709615394481138,
                    "vega": 738.4580333924386,
                    "tau": 0.21095890410958903,
                    "delta_t_1": 0.5712722493002824,
                    "option_price_t_1": 174.52,
                    "underlying_t_1": 4100.6,
                    "Option_PnL": 0.007480704723507375,
                    "Delta_PnL": 0.006518711092614759,
                    "Total_PnL": 0.0009619936308926163,
                    "delta_t": 0.5607468066110767,
                    "option_price_t": 167.82,
                    "underlying_price_t": 4090.38
                },
                "put": {
                    "start_date": "2023-03-31",
                    "strike": 4050.0,
                    "maturity": "2023-06-16",
                    "units": -0.0011165230930607994,
                    "gamma": 0.0009709615394481138,
                    "vega": 738.4580333924386,
                    "tau": 0.21095890410958903,
                    "delta_t_1": -0.4287277506997176,
                    "option_price_t_1": 123.92,
                    "underlying_t_1": 4100.6,
                    "Option_PnL": -0.0039301612875740095,
                    "Delta_PnL": -0.004892154918466896,
                    "Total_PnL": 0.0009619936308928869,
                    "delta_t": -0.4392531933889233,
                    "option_price_t": 127.44,
                    "underlying_price_t": 4090.38
                }
            },
            "sv_2023-04-03_2023-06-16": {
                "call": {
                    "start_date": "2023-04-03",
                    "strike": 4100.0,
                    "maturity": "2023-06-16",
                    "units": -0.0011238589526335603,
                    "gamma": 0.0009998127221923165,
                    "vega": 736.4128704758666,
                    "tau": 0.20273972602739726,
                    "delta_t_1": 0.518899470243063,
                    "option_price_t_1": 149.05,
                    "underlying_t_1": 4100.6,
                    "Option_PnL": 0.00692297114822276,
                    "Delta_PnL": 0.005959995510827815,
                    "Total_PnL": 0.0009629756373949446,
                    "delta_t": 0.5080559854585843,
                    "option_price_t": 142.89,
                    "underlying_price_t": 4090.38
                },
                "put": {
                    "start_date": "2023-04-03",
                    "strike": 4100.0,
                    "maturity": "2023-06-16",
                    "units": -0.0011238589526335603,
                    "gamma": 0.0009998127221923165,
                    "vega": 736.4128704758666,
                    "tau": 0.20273972602739726,
                    "delta_t_1": -0.48110052975693696,
                    "option_price_t_1": 148.45,
                    "underlying_t_1": 4100.6,
                    "Option_PnL": -0.004562867347692258,
                    "Delta_PnL": -0.005525842985087457,
                    "Total_PnL": 0.0009629756373951996,
                    "delta_t": -0.4919440145414157,
                    "option_price_t": 152.51,
                    "underlying_price_t": 4090.38
                }
            },
            "sv_2023-04-04_2023-06-16": {
                "call": {
                    "start_date": "2023-04-04",
                    "strike": 4100.0,
                    "maturity": "2023-06-16",
                    "units": -0.0011403971519180654,
                    "gamma": 0.001068309791017914,
                    "vega": 730.787164238398,
                    "tau": 0.2,
                    "delta_t_1": 0.5187800943001943,
                    "option_price_t_1": 149.05,
                    "underlying_t_1": 4124.51,
                    "delta_t": 0.5078622807926311,
                    "option_price_t": 142.89,
                    "underlying_price_t": 4090.38,
                    "Option_PnL": 0.007024846455815311,
                    "Delta_PnL": 0.020191831622860305,
                    "Total_PnL": -0.013166985167044995
                },
                "put": {
                    "start_date": "2023-04-04",
                    "strike": 4100.0,
                    "maturity": "2023-06-16",
                    "units": -0.0011403971519180654,
                    "gamma": 0.001068309791017914,
                    "vega": 730.787164238398,
                    "tau": 0.2,
                    "delta_t_1": -0.48121990569980566,
                    "option_price_t_1": 148.45,
                    "underlying_t_1": 4124.51,
                    "delta_t": -0.49213771920736893,
                    "option_price_t": 152.51,
                    "underlying_price_t": 4090.38,
                    "Option_PnL": -0.004630012436787348,
                    "Delta_PnL": -0.01872992317210339,
                    "Total_PnL": 0.014099910735316041
                }
            },
            "sv_2023-04-05_2023-06-16": {
                "call": {
                    "start_date": "2023-04-05",
                    "strike": 4100.0,
                    "maturity": "2023-06-16",
                    "units": -0.0011516959769544781,
                    "delta_t": 0.5076662736935034,
                    "gamma": 0.0010786430533476596,
                    "vega": 724.6250467183567,
                    "tau": 0.19726027397260273,
                    "option_price_t": 142.89,
                    "underlying_price_t": 4100.6
                },
                "put": {
                    "start_date": "2023-04-05",
                    "strike": 4100.0,
                    "maturity": "2023-06-16",
                    "units": -0.0011516959769544781,
                    "delta_t": -0.49233372630649663,
                    "gamma": 0.0010786430533476596,
                    "vega": 724.6250467183567,
                    "tau": 0.19726027397260273,
                    "option_price_t": 152.51,
                    "underlying_price_t": 4100.6
                }
            }
        }
    }
}