{
    "spx_strategy": {
        "date": "2023-10-31",
        "index_levels": 112.94395328568731,
        "result": {
            "sv_2023-08-21_2023-11-17": {
                "call": {
                    "start_date": "2023-08-21",
                    "strike": 4350.0,
                    "maturity": "2023-11-17",
                    "units": -0.0010535415908332368,
                    "gamma": 0.0012851451002261287,
                    "vega": 844.9501050243479,
                    "tau": 0.2410958904109589,
                    "delta_t_1": 0.32531682389352135,
                    "option_price_t_1": 11.52,
                    "underlying_t_1": 4166.82,
                    "Option_PnL": -0.0038454268065413145,
                    "Delta_PnL": -0.009246985016495873,
                    "Total_PnL": 0.005401558209954559,
                    "delta_t": 0.3547733353784528,
                    "option_price_t": 15.17,
                    "underlying_price_t": 4193.8
                },
                "put": {
                    "start_date": "2023-08-21",
                    "strike": 4350.0,
                    "maturity": "2023-11-17",
                    "units": -0.0010535415908332368,
                    "gamma": 0.0012851451002261287,
                    "vega": 844.9501050243479,
                    "tau": 0.2410958904109589,
                    "delta_t_1": -0.6746831761064787,
                    "option_price_t_1": 194.7,
                    "underlying_t_1": 4166.82,
                    "Option_PnL": 0.0245791253141394,
                    "Delta_PnL": 0.019177567104185354,
                    "Total_PnL": 0.0054015582099540445,
                    "delta_t": -0.6452266646215472,
                    "option_price_t": 171.37,
                    "underlying_price_t": 4193.8
                }
            },
            "sv_2023-08-22_2023-11-17": {
                "call": {
                    "start_date": "2023-08-22",
                    "strike": 4400.0,
                    "maturity": "2023-11-17",
                    "units": -0.0010430781502914273,
                    "gamma": 0.001339287557450647,
                    "vega": 854.5395152993697,
                    "tau": 0.23835616438356164,
                    "delta_t_1": 0.27808195109716977,
                    "option_price_t_1": 6.31,
                    "underlying_t_1": 4166.82,
                    "Option_PnL": -0.002284341149138226,
                    "Delta_PnL": -0.00782585136971295,
                    "Total_PnL": 0.005541510220574723,
                    "delta_t": 0.30643653399419846,
                    "option_price_t": 8.5,
                    "underlying_price_t": 4193.8
                },
                "put": {
                    "start_date": "2023-08-22",
                    "strike": 4400.0,
                    "maturity": "2023-11-17",
                    "units": -0.0010430781502914273,
                    "gamma": 0.001339287557450647,
                    "vega": 854.5395152993697,
                    "tau": 0.23835616438356164,
                    "delta_t_1": -0.7219180489028303,
                    "option_price_t_1": 239.49,
                    "underlying_t_1": 4166.82,
                    "Option_PnL": 0.025857907345724504,
                    "Delta_PnL": 0.020316397125150258,
                    "Total_PnL": 0.005541510220574246,
                    "delta_t": -0.6935634660058015,
                    "option_price_t": 214.7,
                    "underlying_price_t": 4193.8
                }
            },
            "sv_2023-08-23_2023-11-17": {
                "call": {
                    "start_date": "2023-08-23",
                    "strike": 4400.0,
                    "maturity": "2023-11-17",
                    "units": -0.0010486583705978185,
                    "gamma": 0.0012894742132547091,
                    "vega": 849.0664871799618,
                    "tau": 0.2356164383561644,
                    "delta_t_1": 0.2767715880458185,
                    "option_price_t_1": 6.31,
                    "underlying_t_1": 4166.82,
                    "Option_PnL": -0.0022965618316092232,
                    "Delta_PnL": -0.007830643971942443,
                    "Total_PnL": 0.00553408214033322,
                    "delta_t": 0.3052308179330381,
                    "option_price_t": 8.5,
                    "underlying_price_t": 4193.8
                },
                "put": {
                    "start_date": "2023-08-23",
                    "strike": 4400.0,
                    "maturity": "2023-11-17",
                    "units": -0.0010486583705978185,
                    "gamma": 0.0012894742132547091,
                    "vega": 849.0664871799618,
                    "tau": 0.2356164383561644,
                    "delta_t_1": -0.7232284119541815,
                    "option_price_t_1": 239.49,
                    "underlying_t_1": 4166.82,
                    "Option_PnL": 0.025996241007119943,
                    "Delta_PnL": 0.020462158866787195,
                    "Total_PnL": 0.005534082140332748,
                    "delta_t": -0.6947691820669619,
                    "option_price_t": 214.7,
                    "underlying_price_t": 4193.8
                }
            },
            "sv_2023-08-24_2023-11-17": {
                "call": {
                    "start_date": "2023-08-24",
                    "strike": 4450.0,
                    "maturity": "2023-11-17",
                    "units": -0.0010742164605212967,
                    "gamma": 0.0012714757882277628,
                    "vega": 825.4044014819505,
                    "tau": 0.2328767123287671,
                    "delta_t_1": 0.23298665196610163,
                    "option_price_t_1": 3.27,
                    "underlying_t_1": 4166.82,
                    "Option_PnL": -0.001321286246441195,
                    "Delta_PnL": -0.006752503046908432,
                    "Total_PnL": 0.005431216800467237,
                    "delta_t": 0.2598460750464323,
                    "option_price_t": 4.5,
                    "underlying_price_t": 4193.8
                },
                "put": {
                    "start_date": "2023-08-24",
                    "strike": 4450.0,
                    "maturity": "2023-11-17",
                    "units": -0.0010742164605212967,
                    "gamma": 0.0012714757882277628,
                    "vega": 825.4044014819505,
                    "tau": 0.2328767123287671,
                    "delta_t_1": -0.7670133480338983,
                    "option_price_t_1": 286.45,
                    "underlying_t_1": 4166.82,
                    "Option_PnL": 0.02766107385842339,
                    "Delta_PnL": 0.02222985705795666,
                    "Total_PnL": 0.00543121680046673,
                    "delta_t": -0.7401539249535677,
                    "option_price_t": 260.7,
                    "underlying_price_t": 4193.8
                }
            },
            "sv_2023-08-25_2023-11-17": {
                "call": {
                    "start_date": "2023-08-25",
                    "strike": 4400.0,
                    "maturity": "2023-11-17",
                    "units": -0.0010534028015225568,
                    "gamma": 0.0012745393346341998,
                    "vega": 841.9606158986842,
                    "tau": 0.23013698630136986,
                    "delta_t_1": 0.2740934825780748,
                    "option_price_t_1": 6.31,
                    "underlying_t_1": 4166.82,
                    "Option_PnL": -0.0023069521353343996,
                    "Delta_PnL": -0.0077899581286756895,
                    "Total_PnL": 0.00548300599334129,
                    "delta_t": 0.30276487344009095,
                    "option_price_t": 8.5,
                    "underlying_price_t": 4193.8
                },
                "put": {
                    "start_date": "2023-08-25",
                    "strike": 4400.0,
                    "maturity": "2023-11-17",
                    "units": -0.0010534028015225568,
                    "gamma": 0.0012745393346341998,
                    "vega": 841.9606158986842,
                    "tau": 0.23013698630136986,
                    "delta_t_1": -0.7259065174219252,
                    "option_price_t_1": 239.49,
                    "underlying_t_1": 4166.82,
                    "Option_PnL": 0.026113855449744205,
                    "Delta_PnL": 0.020630849456403394,
                    "Total_PnL": 0.0054830059933408115,
                    "delta_t": -0.697235126559909,
                    "option_price_t": 214.7,
                    "underlying_price_t": 4193.8
                }
            },
            "sv_2023-08-28_2023-11-17": {
                "call": {
                    "start_date": "2023-08-28",
                    "strike": 4400.0,
                    "maturity": "2023-11-17",
                    "units": -0.0010782745461772776,
                    "gamma": 0.0012691704235217747,
                    "vega": 824.7488577029384,
                    "tau": 0.2219178082191781,
                    "delta_t_1": 0.26992548465892713,
                    "option_price_t_1": 6.31,
                    "underlying_t_1": 4166.82,
                    "Option_PnL": -0.0023614212561282382,
                    "Delta_PnL": -0.007852630970162424,
                    "Total_PnL": 0.0054912097140341854,
                    "delta_t": 0.29892234587097266,
                    "option_price_t": 8.5,
                    "underlying_price_t": 4193.8
                },
                "put": {
                    "start_date": "2023-08-28",
                    "strike": 4400.0,
                    "maturity": "2023-11-17",
                    "units": -0.0010782745461772776,
                    "gamma": 0.0012691704235217747,
                    "vega": 824.7488577029384,
                    "tau": 0.2219178082191781,
                    "delta_t_1": -0.7300745153410728,
                    "option_price_t_1": 239.49,
                    "underlying_t_1": 4166.82,
                    "Option_PnL": 0.026730425999734735,
                    "Delta_PnL": 0.021239216285701034,
                    "Total_PnL": 0.005491209714033701,
                    "delta_t": -0.7010776541290273,
                    "option_price_t": 214.7,
                    "underlying_price_t": 4193.8
                }
            },
            "sv_2023-08-29_2023-11-17": {
                "call": {
                    "start_date": "2023-08-29",
                    "strike": 4450.0,
                    "maturity": "2023-11-17",
                    "units": -0.0010709134389942298,
                    "gamma": 0.0011991410280599432,
                    "vega": 826.1180507595227,
                    "tau": 0.2191780821917808,
                    "delta_t_1": 0.22540448351312015,
                    "option_price_t_1": 3.27,
                    "underlying_t_1": 4166.82,
                    "Option_PnL": -0.0013172235299629027,
                    "Delta_PnL": -0.006512666872489388,
                    "Total_PnL": 0.005195443342526486,
                    "delta_t": 0.2526252406297131,
                    "option_price_t": 4.5,
                    "underlying_price_t": 4193.8
                },
                "put": {
                    "start_date": "2023-08-29",
                    "strike": 4450.0,
                    "maturity": "2023-11-17",
                    "units": -0.0010709134389942298,
                    "gamma": 0.0011991410280599432,
                    "vega": 826.1180507595227,
                    "tau": 0.2191780821917808,
                    "delta_t_1": -0.7745955164868799,
                    "option_price_t_1": 286.45,
                    "underlying_t_1": 4166.82,
                    "Option_PnL": 0.027576021054101417,
                    "Delta_PnL": 0.02238057771157544,
                    "Total_PnL": 0.005195443342525977,
                    "delta_t": -0.7473747593702869,
                    "option_price_t": 260.7,
                    "underlying_price_t": 4193.8
                }
            },
            "sv_2023-08-30_2023-11-17": {
                "call": {
                    "start_date": "2023-08-30",
                    "strike": 4500.0,
                    "maturity": "2023-11-17",
                    "units": -0.0010596678347740188,
                    "gamma": 0.0012152404496131469,
                    "vega": 835.1624468929853,
                    "tau": 0.21643835616438356,
                    "delta_t_1": 0.1852966934176291,
                    "option_price_t_1": 1.6,
                    "underlying_t_1": 4166.82,
                    "Option_PnL": -0.0006781874142553722,
                    "Delta_PnL": -0.0052976024805073945,
                    "Total_PnL": 0.004619415066252022,
                    "delta_t": 0.210336438038627,
                    "option_price_t": 2.24,
                    "underlying_price_t": 4193.8
                },
                "put": {
                    "start_date": "2023-08-30",
                    "strike": 4500.0,
                    "maturity": "2023-11-17",
                    "units": -0.0010596678347740188,
                    "gamma": 0.0012152404496131469,
                    "vega": 835.1624468929853,
                    "tau": 0.21643835616438356,
                    "delta_t_1": -0.8147033065823709,
                    "option_price_t_1": 334.78,
                    "underlying_t_1": 4166.82,
                    "Option_PnL": 0.02791165076794763,
                    "Delta_PnL": 0.023292235701696137,
                    "Total_PnL": 0.004619415066251492,
                    "delta_t": -0.789663561961373,
                    "option_price_t": 308.44,
                    "underlying_price_t": 4193.8
                }
            },
            "sv_2023-08-31_2023-11-17": {
                "call": {
                    "start_date": "2023-08-31",
                    "strike": 4500.0,
                    "maturity": "2023-11-17",
                    "units": -0.001068858120978571,
                    "gamma": 0.0012390404178728687,
                    "vega": 829.8378161563892,
                    "tau": 0.2136986301369863,
                    "delta_t_1": 0.18363287055685912,
                    "option_price_t_1": 1.6,
                    "underlying_t_1": 4166.82,
                    "Option_PnL": -0.0006840691974262855,
                    "Delta_PnL": -0.0052955665445798775,
                    "Total_PnL": 0.004611497347153592,
                    "delta_t": 0.2087029629592188,
                    "option_price_t": 2.24,
                    "underlying_price_t": 4193.8
                },
                "put": {
                    "start_date": "2023-08-31",
                    "strike": 4500.0,
                    "maturity": "2023-11-17",
                    "units": -0.001068858120978571,
                    "gamma": 0.0012390404178728687,
                    "vega": 829.8378161563892,
                    "tau": 0.2136986301369863,
                    "delta_t_1": -0.8163671294431409,
                    "option_price_t_1": 334.78,
                    "underlying_t_1": 4166.82,
                    "Option_PnL": 0.028153722906575532,
                    "Delta_PnL": 0.023542225559422474,
                    "Total_PnL": 0.004611497347153059,
                    "delta_t": -0.7912970370407812,
                    "option_price_t": 308.44,
                    "underlying_price_t": 4193.8
                }
            },
            "sv_2023-09-01_2023-11-17": {
                "call": {
                    "start_date": "2023-09-01",
                    "strike": 4500.0,
                    "maturity": "2023-11-17",
                    "units": -0.001076653366193522,
                    "gamma": 0.0012414366452256193,
                    "vega": 824.4791174996545,
                    "tau": 0.21095890410958903,
                    "delta_t_1": 0.18194724954522373,
                    "option_price_t_1": 1.6,
                    "underlying_t_1": 4166.82,
                    "Option_PnL": -0.0006890581543638543,
                    "Delta_PnL": -0.005285223322324226,
                    "Total_PnL": 0.0045961651679603715,
                    "delta_t": 0.20704647052691566,
                    "option_price_t": 2.24,
                    "underlying_price_t": 4193.8
                },
                "put": {
                    "start_date": "2023-09-01",
                    "strike": 4500.0,
                    "maturity": "2023-11-17",
                    "units": -0.001076653366193522,
                    "gamma": 0.0012414366452256193,
                    "vega": 824.4791174996545,
                    "tau": 0.21095890410958903,
                    "delta_t_1": -0.8180527504547763,
                    "option_price_t_1": 334.78,
                    "underlying_t_1": 4166.82,
                    "Option_PnL": 0.028359049665537345,
                    "Delta_PnL": 0.02376288449757751,
                    "Total_PnL": 0.004596165167959836,
                    "delta_t": -0.7929535294730843,
                    "option_price_t": 308.44,
                    "underlying_price_t": 4193.8
                }
            },
            "sv_2023-09-05_2023-11-17": {
                "call": {
                    "start_date": "2023-09-05",
                    "strike": 4500.0,
                    "maturity": "2023-11-17",
                    "units": -0.001113284586400944,
                    "gamma": 0.0012856397513507302,
                    "vega": 802.0538857852889,
                    "tau": 0.2,
                    "delta_t_1": 0.17497745857595115,
                    "option_price_t_1": 1.6,
                    "underlying_t_1": 4166.82,
                    "Option_PnL": -0.0007125021352966044,
                    "Delta_PnL": -0.005255696111053922,
                    "Total_PnL": 0.004543193975757318,
                    "delta_t": 0.20017929702458598,
                    "option_price_t": 2.24,
                    "underlying_price_t": 4193.8
                },
                "put": {
                    "start_date": "2023-09-05",
                    "strike": 4500.0,
                    "maturity": "2023-11-17",
                    "units": -0.001113284586400944,
                    "gamma": 0.0012856397513507302,
                    "vega": 802.0538857852889,
                    "tau": 0.2,
                    "delta_t_1": -0.8250225414240488,
                    "option_price_t_1": 334.78,
                    "underlying_t_1": 4166.82,
                    "Option_PnL": 0.029323916005800837,
                    "Delta_PnL": 0.024780722030044073,
                    "Total_PnL": 0.0045431939757567645,
                    "delta_t": -0.7998207029754141,
                    "option_price_t": 308.44,
                    "underlying_price_t": 4193.8
                }
            },
            "sv_2023-09-06_2023-11-17": {
                "call": {
                    "start_date": "2023-09-06",
                    "strike": 4500.0,
                    "maturity": "2023-11-17",
                    "units": -0.0011331691244771658,
                    "gamma": 0.0012908032616753124,
                    "vega": 788.873842756773,
                    "tau": 0.19726027397260273,
                    "delta_t_1": 0.17317574794169277,
                    "option_price_t_1": 1.6,
                    "underlying_t_1": 4166.82,
                    "Option_PnL": -0.0007252282396653862,
                    "Delta_PnL": -0.005294485340032269,
                    "Total_PnL": 0.0045692571003668825,
                    "delta_t": 0.1983992929681278,
                    "option_price_t": 2.24,
                    "underlying_price_t": 4193.8
                },
                "put": {
                    "start_date": "2023-09-06",
                    "strike": 4500.0,
                    "maturity": "2023-11-17",
                    "units": -0.0011331691244771658,
                    "gamma": 0.0012908032616753124,
                    "vega": 788.873842756773,
                    "tau": 0.19726027397260273,
                    "delta_t_1": -0.8268242520583072,
                    "option_price_t_1": 334.78,
                    "underlying_t_1": 4166.82,
                    "Option_PnL": 0.02984767473872852,
                    "Delta_PnL": 0.0252784176383622,
                    "Total_PnL": 0.00456925710036632,
                    "delta_t": -0.8016007070318723,
                    "option_price_t": 308.44,
                    "underlying_price_t": 4193.8
                }
            },
            "sv_2023-09-07_2023-11-17": {
                "call": {
                    "start_date": "2023-09-07",
                    "strike": 4450.0,
                    "maturity": "2023-11-17",
                    "units": -0.0011438863080216746,
                    "gamma": 0.0013052766543625732,
                    "vega": 782.6179915613641,
                    "tau": 0.19452054794520549,
                    "delta_t_1": 0.21030303147978419,
                    "option_price_t_1": 3.27,
                    "underlying_t_1": 4166.82,
                    "Option_PnL": -0.0014069801588666598,
                    "Delta_PnL": -0.006490383217454971,
                    "Total_PnL": 0.0050834030585883115,
                    "delta_t": 0.23816462450784504,
                    "option_price_t": 4.5,
                    "underlying_price_t": 4193.8
                },
                "put": {
                    "start_date": "2023-09-07",
                    "strike": 4450.0,
                    "maturity": "2023-11-17",
                    "units": -0.0011438863080216746,
                    "gamma": 0.0013052766543625732,
                    "vega": 782.6179915613641,
                    "tau": 0.19452054794520549,
                    "delta_t_1": -0.7896969685202158,
                    "option_price_t_1": 286.45,
                    "underlying_t_1": 4166.82,
                    "Option_PnL": 0.02945507243155812,
                    "Delta_PnL": 0.024371669372970348,
                    "Total_PnL": 0.005083403058587774,
                    "delta_t": -0.761835375492155,
                    "option_price_t": 260.7,
                    "underlying_price_t": 4193.8
                }
            },
            "sv_2023-09-08_2023-11-17": {
                "call": {
                    "start_date": "2023-09-08",
                    "strike": 4450.0,
                    "maturity": "2023-11-17",
                    "units": -0.0011539450497489582,
                    "gamma": 0.0013203981122599647,
                    "vega": 777.4190120511192,
                    "tau": 0.1917808219178082,
                    "delta_t_1": 0.20849486800189265,
                    "option_price_t_1": 3.27,
                    "underlying_t_1": 4166.82,
                    "Option_PnL": -0.0014193524111912185,
                    "Delta_PnL": -0.006491161929962392,
                    "Total_PnL": 0.005071809518771174,
                    "delta_t": 0.23642562525873212,
                    "option_price_t": 4.5,
                    "underlying_price_t": 4193.8
                },
                "put": {
                    "start_date": "2023-09-08",
                    "strike": 4450.0,
                    "maturity": "2023-11-17",
                    "units": -0.0011539450497489582,
                    "gamma": 0.0013203981122599647,
                    "vega": 777.4190120511192,
                    "tau": 0.1917808219178082,
                    "delta_t_1": -0.7915051319981073,
                    "option_price_t_1": 286.45,
                    "underlying_t_1": 4166.82,
                    "Option_PnL": 0.029714085031035672,
                    "Delta_PnL": 0.024642275512265048,
                    "Total_PnL": 0.005071809518770624,
                    "delta_t": -0.7635743747412679,
                    "option_price_t": 260.7,
                    "underlying_price_t": 4193.8
                }
            },
            "sv_2023-09-11_2023-11-17": {
                "call": {
                    "start_date": "2023-09-11",
                    "strike": 4450.0,
                    "maturity": "2023-11-17",
                    "units": -0.001190211985486916,
                    "gamma": 0.0013442039838820962,
                    "vega": 757.1288667400096,
                    "tau": 0.18356164383561643,
                    "delta_t_1": 0.2028961978839246,
                    "option_price_t_1": 3.27,
                    "underlying_t_1": 4166.82,
                    "Option_PnL": -0.0014639607421489068,
                    "Delta_PnL": -0.006515386346611139,
                    "Total_PnL": 0.005051425604462232,
                    "delta_t": 0.23103014790899534,
                    "option_price_t": 4.5,
                    "underlying_price_t": 4193.8
                },
                "put": {
                    "start_date": "2023-09-11",
                    "strike": 4450.0,
                    "maturity": "2023-11-17",
                    "units": -0.001190211985486916,
                    "gamma": 0.0013442039838820962,
                    "vega": 757.1288667400096,
                    "tau": 0.18356164383561643,
                    "delta_t_1": -0.7971038021160755,
                    "option_price_t_1": 286.45,
                    "underlying_t_1": 4166.82,
                    "Option_PnL": 0.03064795862628809,
                    "Delta_PnL": 0.025596533021826424,
                    "Total_PnL": 0.0050514256044616665,
                    "delta_t": -0.7689698520910047,
                    "option_price_t": 260.7,
                    "underlying_price_t": 4193.8
                }
            },
            "sv_2023-09-12_2023-11-17": {
                "call": {
                    "start_date": "2023-09-12",
                    "strike": 4500.0,
                    "maturity": "2023-11-17",
                    "units": -0.0011986850111147254,
                    "gamma": 0.0013667859838234436,
                    "vega": 753.2995932174648,
                    "tau": 0.18082191780821918,
                    "delta_t_1": 0.16182725990223906,
                    "option_price_t_1": 1.6,
                    "underlying_t_1": 4166.82,
                    "Option_PnL": -0.0007671584071134243,
                    "Delta_PnL": -0.005233577994317086,
                    "Total_PnL": 0.004466419587203662,
                    "delta_t": 0.18713909564255682,
                    "option_price_t": 2.24,
                    "underlying_price_t": 4193.8
                },
                "put": {
                    "start_date": "2023-09-12",
                    "strike": 4500.0,
                    "maturity": "2023-11-17",
                    "units": -0.0011986850111147254,
                    "gamma": 0.0013667859838234436,
                    "vega": 753.2995932174648,
                    "tau": 0.18082191780821918,
                    "delta_t_1": -0.838172740097761,
                    "option_price_t_1": 334.78,
                    "underlying_t_1": 4166.82,
                    "Option_PnL": 0.031573363192761834,
                    "Delta_PnL": 0.02710694360555877,
                    "Total_PnL": 0.004466419587203063,
                    "delta_t": -0.8128609043574432,
                    "option_price_t": 308.44,
                    "underlying_price_t": 4193.8
                }
            },
            "sv_2023-09-13_2023-11-17": {
                "call": {
                    "start_date": "2023-09-13",
                    "strike": 4450.0,
                    "maturity": "2023-11-17",
                    "units": -0.0012078031109843737,
                    "gamma": 0.0013758131807064967,
                    "vega": 748.8719002445259,
                    "tau": 0.1780821917808219,
                    "delta_t_1": 0.19901079627068347,
                    "option_price_t_1": 3.27,
                    "underlying_t_1": 4166.82,
                    "Option_PnL": -0.0014855978265107797,
                    "Delta_PnL": -0.00648507087191365,
                    "Total_PnL": 0.00499947304540287,
                    "delta_t": 0.2272756871222254,
                    "option_price_t": 4.5,
                    "underlying_price_t": 4193.8
                },
                "put": {
                    "start_date": "2023-09-13",
                    "strike": 4450.0,
                    "maturity": "2023-11-17",
                    "units": -0.0012078031109843737,
                    "gamma": 0.0013758131807064967,
                    "vega": 748.8719002445259,
                    "tau": 0.1780821917808219,
                    "delta_t_1": -0.8009892037293165,
                    "option_price_t_1": 286.45,
                    "underlying_t_1": 4166.82,
                    "Option_PnL": 0.031100930107847622,
                    "Delta_PnL": 0.026101457062445325,
                    "Total_PnL": 0.004999473045402297,
                    "delta_t": -0.7727243128777745,
                    "option_price_t": 260.7,
                    "underlying_price_t": 4193.8
                }
            },
            "sv_2023-09-14_2023-11-17": {
                "call": {
                    "start_date": "2023-09-14",
                    "strike": 4450.0,
                    "maturity": "2023-11-17",
                    "units": -0.0012336310942686088,
                    "gamma": 0.0013821702986860035,
                    "vega": 733.2198977772277,
                    "tau": 0.17534246575342466,
                    "delta_t_1": 0.19701972254591615,
                    "option_price_t_1": 3.27,
                    "underlying_t_1": 4166.82,
                    "Option_PnL": -0.0015173662459503888,
                    "Delta_PnL": -0.006557479716635817,
                    "Total_PnL": 0.005040113470685429,
                    "delta_t": 0.2253484058535889,
                    "option_price_t": 4.5,
                    "underlying_price_t": 4193.8
                },
                "put": {
                    "start_date": "2023-09-14",
                    "strike": 4450.0,
                    "maturity": "2023-11-17",
                    "units": -0.0012336310942686088,
                    "gamma": 0.0013821702986860035,
                    "vega": 733.2198977772277,
                    "tau": 0.17534246575342466,
                    "delta_t_1": -0.8029802774540838,
                    "option_price_t_1": 286.45,
                    "underlying_t_1": 4166.82,
                    "Option_PnL": 0.031766000677416674,
                    "Delta_PnL": 0.02672588720673183,
                    "Total_PnL": 0.005040113470684844,
                    "delta_t": -0.7746515941464112,
                    "option_price_t": 260.7,
                    "underlying_price_t": 4193.8
                }
            },
            "sv_2023-09-15_2023-11-17": {
                "call": {
                    "start_date": "2023-09-15",
                    "strike": 4500.0,
                    "maturity": "2023-11-17",
                    "units": -0.0012313444553016717,
                    "gamma": 0.0013831157325800028,
                    "vega": 730.3209367061918,
                    "tau": 0.1726027397260274,
                    "delta_t_1": 0.15578133923419724,
                    "option_price_t_1": 1.6,
                    "underlying_t_1": 4166.82,
                    "Option_PnL": -0.00078806045139307,
                    "Delta_PnL": -0.005175316774482414,
                    "Total_PnL": 0.004387256323089344,
                    "delta_t": 0.18110396340648588,
                    "option_price_t": 2.24,
                    "underlying_price_t": 4193.8
                },
                "put": {
                    "start_date": "2023-09-15",
                    "strike": 4500.0,
                    "maturity": "2023-11-17",
                    "units": -0.0012313444553016717,
                    "gamma": 0.0013831157325800028,
                    "vega": 730.3209367061918,
                    "tau": 0.1726027397260274,
                    "delta_t_1": -0.8442186607658028,
                    "option_price_t_1": 334.78,
                    "underlying_t_1": 4166.82,
                    "Option_PnL": 0.032433612952646004,
                    "Delta_PnL": 0.02804635662955727,
                    "Total_PnL": 0.004387256323088735,
                    "delta_t": -0.8188960365935141,
                    "option_price_t": 308.44,
                    "underlying_price_t": 4193.8
                }
            },
            "sv_2023-09-18_2023-12-15": {
                "call": {
                    "start_date": "2023-09-18",
                    "strike": 4450.0,
                    "maturity": "2023-12-15",
                    "units": -0.0010349958745016691,
                    "gamma": 0.0011868410700673188,
                    "vega": 871.3740129436579,
                    "tau": 0.2410958904109589,
                    "delta_t_1": 0.23729406127146274,
                    "option_price_t_1": 20.46,
                    "underlying_t_1": 4166.82,
                    "Option_PnL": -0.004802380857687746,
                    "Delta_PnL": -0.006626244142923099,
                    "Total_PnL": 0.001823863285235353,
                    "delta_t": 0.2639373505265537,
                    "option_price_t": 25.1,
                    "underlying_price_t": 4193.8
                },
                "put": {
                    "start_date": "2023-09-18",
                    "strike": 4450.0,
                    "maturity": "2023-12-15",
                    "units": -0.0010349958745016691,
                    "gamma": 0.0011868410700673188,
                    "vega": 871.3740129436579,
                    "tau": 0.2410958904109589,
                    "delta_t_1": -0.7627059387285373,
                    "option_price_t_1": 303.64,
                    "underlying_t_1": 4166.82,
                    "Option_PnL": 0.02312180783636726,
                    "Delta_PnL": 0.021297944551132427,
                    "Total_PnL": 0.0018238632852348342,
                    "delta_t": -0.7360626494734464,
                    "option_price_t": 281.3,
                    "underlying_price_t": 4193.8
                }
            },
            "sv_2023-09-19_2023-12-15": {
                "call": {
                    "start_date": "2023-09-19",
                    "strike": 4450.0,
                    "maturity": "2023-12-15",
                    "units": -0.00104433931946548,
                    "gamma": 0.0012234847937982,
                    "vega": 865.4081857322826,
                    "tau": 0.23835616438356164,
                    "delta_t_1": 0.23587736138978554,
                    "option_price_t_1": 20.46,
                    "underlying_t_1": 4166.82,
                    "Option_PnL": -0.0048457344423198274,
                    "Delta_PnL": -0.006646145362858981,
                    "Total_PnL": 0.0018004109205391533,
                    "delta_t": 0.26259257778649336,
                    "option_price_t": 25.1,
                    "underlying_price_t": 4193.8
                },
                "put": {
                    "start_date": "2023-09-19",
                    "strike": 4450.0,
                    "maturity": "2023-12-15",
                    "units": -0.00104433931946548,
                    "gamma": 0.0012234847937982,
                    "vega": 865.4081857322826,
                    "tau": 0.23835616438356164,
                    "delta_t_1": -0.7641226386102145,
                    "option_price_t_1": 303.64,
                    "underlying_t_1": 4166.82,
                    "Option_PnL": 0.023330540396858796,
                    "Delta_PnL": 0.021530129476320162,
                    "Total_PnL": 0.0018004109205386337,
                    "delta_t": -0.7374074222135066,
                    "option_price_t": 281.3,
                    "underlying_price_t": 4193.8
                }
            },
            "sv_2023-09-20_2023-12-15": {
                "call": {
                    "start_date": "2023-09-20",
                    "strike": 4450.0,
                    "maturity": "2023-12-15",
                    "units": -0.0010640585941414842,
                    "gamma": 0.0012148238924999113,
                    "vega": 847.469520884936,
                    "tau": 0.2356164383561644,
                    "delta_t_1": 0.23444170198708858,
                    "option_price_t_1": 20.46,
                    "underlying_t_1": 4166.82,
                    "Option_PnL": -0.004937231876816487,
                    "Delta_PnL": -0.006730422917105621,
                    "Total_PnL": 0.0017931910402891344,
                    "delta_t": 0.26122897084017477,
                    "option_price_t": 25.1,
                    "underlying_price_t": 4193.8
                },
                "put": {
                    "start_date": "2023-09-20",
                    "strike": 4450.0,
                    "maturity": "2023-12-15",
                    "units": -0.0010640585941414842,
                    "gamma": 0.0012148238924999113,
                    "vega": 847.469520884936,
                    "tau": 0.2356164383561644,
                    "delta_t_1": -0.7655582980129114,
                    "option_price_t_1": 303.64,
                    "underlying_t_1": 4166.82,
                    "Option_PnL": 0.02377106899312073,
                    "Delta_PnL": 0.021977877952832126,
                    "Total_PnL": 0.0017931910402886053,
                    "delta_t": -0.7387710291598253,
                    "option_price_t": 281.3,
                    "underlying_price_t": 4193.8
                }
            },
            "sv_2023-09-21_2023-12-15": {
                "call": {
                    "start_date": "2023-09-21",
                    "strike": 4400.0,
                    "maturity": "2023-12-15",
                    "units": -0.001088656446287918,
                    "gamma": 0.0011729374876559152,
                    "vega": 821.8761602548113,
                    "tau": 0.2328767123287671,
                    "delta_t_1": 0.2754422571038959,
                    "option_price_t_1": 28.53,
                    "underlying_t_1": 4166.82,
                    "Option_PnL": -0.006510165548801746,
                    "Delta_PnL": -0.008090276457183377,
                    "Total_PnL": 0.0015801109083816304,
                    "delta_t": 0.3040070880496591,
                    "option_price_t": 34.51,
                    "underlying_price_t": 4193.8
                },
                "put": {
                    "start_date": "2023-09-21",
                    "strike": 4400.0,
                    "maturity": "2023-12-15",
                    "units": -0.001088656446287918,
                    "gamma": 0.0011729374876559152,
                    "vega": 821.8761602548113,
                    "tau": 0.2328767123287671,
                    "delta_t_1": -0.7245577428961041,
                    "option_price_t_1": 261.71,
                    "underlying_t_1": 4166.82,
                    "Option_PnL": 0.022861785372046247,
                    "Delta_PnL": 0.021281674463665166,
                    "Total_PnL": 0.0015801109083810813,
                    "delta_t": -0.695992911950341,
                    "option_price_t": 240.71,
                    "underlying_price_t": 4193.8
                }
            },
            "sv_2023-09-22_2023-12-15": {
                "call": {
                    "start_date": "2023-09-22",
                    "strike": 4350.0,
                    "maturity": "2023-12-15",
                    "units": -0.0010839440290540236,
                    "gamma": 0.0011980049760865297,
                    "vega": 825.7018692090577,
                    "tau": 0.23013698630136986,
                    "delta_t_1": 0.32076653050291737,
                    "option_price_t_1": 39.01,
                    "underlying_t_1": 4166.82,
                    "Option_PnL": -0.008172937979067338,
                    "Delta_PnL": -0.009380756208084325,
                    "Total_PnL": 0.001207818229016987,
                    "delta_t": 0.35075864767074466,
                    "option_price_t": 46.55,
                    "underlying_price_t": 4193.8
                },
                "put": {
                    "start_date": "2023-09-22",
                    "strike": 4350.0,
                    "maturity": "2023-12-15",
                    "units": -0.0010839440290540236,
                    "gamma": 0.0011980049760865297,
                    "vega": 825.7018692090577,
                    "tau": 0.23013698630136986,
                    "delta_t_1": -0.6792334694970826,
                    "option_price_t_1": 222.19,
                    "underlying_t_1": 4166.82,
                    "Option_PnL": 0.021071871924810217,
                    "Delta_PnL": 0.019864053695793745,
                    "Total_PnL": 0.0012078182290164718,
                    "delta_t": -0.6492413523292553,
                    "option_price_t": 202.75,
                    "underlying_price_t": 4193.8
                }
            },
            "sv_2023-09-25_2023-12-15": {
                "call": {
                    "start_date": "2023-09-25",
                    "strike": 4300.0,
                    "maturity": "2023-12-15",
                    "units": -0.0011137235085478352,
                    "gamma": 0.0011958615843862908,
                    "vega": 805.7864043634846,
                    "tau": 0.2219178082191781,
                    "delta_t_1": 0.36818934892157573,
                    "option_price_t_1": 52.31,
                    "underlying_t_1": 4166.82,
                    "Option_PnL": -0.010357628629494865,
                    "Delta_PnL": -0.011063449381584147,
                    "Total_PnL": 0.0007058207520892826,
                    "delta_t": 0.3994918579345439,
                    "option_price_t": 61.61,
                    "underlying_price_t": 4193.8
                },
                "put": {
                    "start_date": "2023-09-25",
                    "strike": 4300.0,
                    "maturity": "2023-12-15",
                    "units": -0.0011137235085478352,
                    "gamma": 0.0011958615843862908,
                    "vega": 805.7864043634846,
                    "tau": 0.2219178082191781,
                    "delta_t_1": -0.6318106510784243,
                    "option_price_t_1": 185.49,
                    "underlying_t_1": 4166.82,
                    "Option_PnL": 0.019690631631125735,
                    "Delta_PnL": 0.018984810879036973,
                    "Total_PnL": 0.0007058207520887622,
                    "delta_t": -0.6005081420654561,
                    "option_price_t": 167.81,
                    "underlying_price_t": 4193.8
                }
            },
            "sv_2023-09-26_2023-12-15": {
                "call": {
                    "start_date": "2023-09-26",
                    "strike": 4350.0,
                    "maturity": "2023-12-15",
                    "units": -0.0011368428735779438,
                    "gamma": 0.0011792391523131032,
                    "vega": 784.0100673697852,
                    "tau": 0.2191780821917808,
                    "delta_t_1": 0.3159266496087879,
                    "option_price_t_1": 39.01,
                    "underlying_t_1": 4166.82,
                    "Option_PnL": -0.008571795266777696,
                    "Delta_PnL": -0.009690108745686427,
                    "Total_PnL": 0.0011183134789087314,
                    "delta_t": 0.3464836231535725,
                    "option_price_t": 46.55,
                    "underlying_price_t": 4193.8
                },
                "put": {
                    "start_date": "2023-09-26",
                    "strike": 4350.0,
                    "maturity": "2023-12-15",
                    "units": -0.0011368428735779438,
                    "gamma": 0.0011792391523131032,
                    "vega": 784.0100673697852,
                    "tau": 0.2191780821917808,
                    "delta_t_1": -0.6840733503912121,
                    "option_price_t_1": 222.19,
                    "underlying_t_1": 4166.82,
                    "Option_PnL": 0.022100225462355225,
                    "Delta_PnL": 0.020981911983447035,
                    "Total_PnL": 0.0011183134789081901,
                    "delta_t": -0.6535163768464275,
                    "option_price_t": 202.75,
                    "underlying_price_t": 4193.8
                }
            },
            "sv_2023-09-27_2023-12-15": {
                "call": {
                    "start_date": "2023-09-27",
                    "strike": 4250.0,
                    "maturity": "2023-12-15",
                    "units": -0.0011332537670062982,
                    "gamma": 0.0012259884910959258,
                    "vega": 788.222885327978,
                    "tau": 0.21643835616438356,
                    "delta_t_1": 0.42091787045739204,
                    "option_price_t_1": 68.82,
                    "underlying_t_1": 4166.82,
                    "Option_PnL": -0.012703774728140611,
                    "Delta_PnL": -0.012869642446749235,
                    "Total_PnL": 0.0001658677186086241,
                    "delta_t": 0.45288942367670204,
                    "option_price_t": 80.03,
                    "underlying_price_t": 4193.8
                },
                "put": {
                    "start_date": "2023-09-27",
                    "strike": 4250.0,
                    "maturity": "2023-12-15",
                    "units": -0.0011332537670062982,
                    "gamma": 0.0012259884910959258,
                    "vega": 788.222885327978,
                    "tau": 0.21643835616438356,
                    "delta_t_1": -0.579082129542608,
                    "option_price_t_1": 152.0,
                    "underlying_t_1": 4166.82,
                    "Option_PnL": 0.017871411905689333,
                    "Delta_PnL": 0.017705544187081226,
                    "Total_PnL": 0.00016586771860810715,
                    "delta_t": -0.547110576323298,
                    "option_price_t": 136.23,
                    "underlying_price_t": 4193.8
                }
            },
            "sv_2023-09-28_2023-12-15": {
                "call": {
                    "start_date": "2023-09-28",
                    "strike": 4250.0,
                    "maturity": "2023-12-15",
                    "units": -0.0011498778459045405,
                    "gamma": 0.0012107665038441067,
                    "vega": 778.450582440317,
                    "tau": 0.2136986301369863,
                    "delta_t_1": 0.42021472151524386,
                    "option_price_t_1": 68.82,
                    "underlying_t_1": 4166.82,
                    "Option_PnL": -0.012890130652589909,
                    "Delta_PnL": -0.013036617255444137,
                    "Total_PnL": 0.00014648660285422783,
                    "delta_t": 0.4523798605415128,
                    "option_price_t": 80.03,
                    "underlying_price_t": 4193.8
                },
                "put": {
                    "start_date": "2023-09-28",
                    "strike": 4250.0,
                    "maturity": "2023-12-15",
                    "units": -0.0011498778459045405,
                    "gamma": 0.0012107665038441067,
                    "vega": 778.450582440317,
                    "tau": 0.2136986301369863,
                    "delta_t_1": -0.5797852784847561,
                    "option_price_t_1": 152.0,
                    "underlying_t_1": 4166.82,
                    "Option_PnL": 0.018133573629914617,
                    "Delta_PnL": 0.01798708702706091,
                    "Total_PnL": 0.00014648660285370568,
                    "delta_t": -0.5476201394584872,
                    "option_price_t": 136.23,
                    "underlying_price_t": 4193.8
                }
            },
            "sv_2023-09-29_2023-12-15": {
                "call": {
                    "start_date": "2023-09-29",
                    "strike": 4300.0,
                    "maturity": "2023-12-15",
                    "units": -0.0011398892886089042,
                    "gamma": 0.0012571717894205906,
                    "vega": 785.7217185888775,
                    "tau": 0.21095890410958903,
                    "delta_t_1": 0.3641481459139102,
                    "option_price_t_1": 52.31,
                    "underlying_t_1": 4166.82,
                    "Option_PnL": -0.010600970384062805,
                    "Delta_PnL": -0.011199089645419897,
                    "Total_PnL": 0.0005981192613570916,
                    "delta_t": 0.396149157190983,
                    "option_price_t": 61.61,
                    "underlying_price_t": 4193.8
                },
                "put": {
                    "start_date": "2023-09-29",
                    "strike": 4300.0,
                    "maturity": "2023-12-15",
                    "units": -0.0011398892886089042,
                    "gamma": 0.0012571717894205906,
                    "vega": 785.7217185888775,
                    "tau": 0.21095890410958903,
                    "delta_t_1": -0.6358518540860898,
                    "option_price_t_1": 185.49,
                    "underlying_t_1": 4166.82,
                    "Option_PnL": 0.020153242622605434,
                    "Delta_PnL": 0.01955512336124888,
                    "Total_PnL": 0.0005981192613565556,
                    "delta_t": -0.603850842809017,
                    "option_price_t": 167.81,
                    "underlying_price_t": 4193.8
                }
            },
            "sv_2023-10-02_2023-12-15": {
                "call": {
                    "start_date": "2023-10-02",
                    "strike": 4300.0,
                    "maturity": "2023-12-15",
                    "units": -0.001165366312119402,
                    "gamma": 0.001282222273728389,
                    "vega": 770.3242253588497,
                    "tau": 0.20273972602739726,
                    "delta_t_1": 0.3609292383085958,
                    "option_price_t_1": 52.31,
                    "underlying_t_1": 4166.82,
                    "Option_PnL": -0.010837906702710436,
                    "Delta_PnL": -0.011348186639853857,
                    "Total_PnL": 0.0005102799371434208,
                    "delta_t": 0.3934860799094171,
                    "option_price_t": 61.61,
                    "underlying_price_t": 4193.8
                },
                "put": {
                    "start_date": "2023-10-02",
                    "strike": 4300.0,
                    "maturity": "2023-12-15",
                    "units": -0.001165366312119402,
                    "gamma": 0.001282222273728389,
                    "vega": 770.3242253588497,
                    "tau": 0.20273972602739726,
                    "delta_t_1": -0.6390707616914042,
                    "option_price_t_1": 185.49,
                    "underlying_t_1": 4166.82,
                    "Option_PnL": 0.020603676398271036,
                    "Delta_PnL": 0.02009339646112816,
                    "Total_PnL": 0.0005102799371428761,
                    "delta_t": -0.6065139200905829,
                    "option_price_t": 167.81,
                    "underlying_price_t": 4193.8
                }
            },
            "sv_2023-10-03_2023-12-15": {
                "call": {
                    "start_date": "2023-10-03",
                    "strike": 4300.0,
                    "maturity": "2023-12-15",
                    "units": -0.0012018553411109226,
                    "gamma": 0.0012573725591268872,
                    "vega": 741.426596453412,
                    "tau": 0.2,
                    "delta_t_1": 0.3598174303758337,
                    "option_price_t_1": 52.31,
                    "underlying_t_1": 4166.82,
                    "Option_PnL": -0.011177254672331577,
                    "Delta_PnL": -0.011667460544083854,
                    "Total_PnL": 0.0004902058717522768,
                    "delta_t": 0.39256610396075736,
                    "option_price_t": 61.61,
                    "underlying_price_t": 4193.8
                },
                "put": {
                    "start_date": "2023-10-03",
                    "strike": 4300.0,
                    "maturity": "2023-12-15",
                    "units": -0.0012018553411109226,
                    "gamma": 0.0012573725591268872,
                    "vega": 741.426596453412,
                    "tau": 0.2,
                    "delta_t_1": -0.6401825696241663,
                    "option_price_t_1": 185.49,
                    "underlying_t_1": 4166.82,
                    "Option_PnL": 0.02124880243084112,
                    "Delta_PnL": 0.02075859655908941,
                    "Total_PnL": 0.0004902058717517095,
                    "delta_t": -0.6074338960392427,
                    "option_price_t": 167.81,
                    "underlying_price_t": 4193.8
                }
            },
            "sv_2023-10-04_2023-12-15": {
                "call": {
                    "start_date": "2023-10-04",
                    "strike": 4250.0,
                    "maturity": "2023-12-15",
                    "units": -0.0011858830683761702,
                    "gamma": 0.0012525453936279955,
                    "vega": 753.0270799727522,
                    "tau": 0.19726027397260273,
                    "delta_t_1": 0.41572850492137947,
                    "option_price_t_1": 68.82,
                    "underlying_t_1": 4166.82,
                    "Option_PnL": -0.013293749196496877,
                    "Delta_PnL": -0.01330128555784497,
                    "Total_PnL": 7.536361348092768e-06,
                    "delta_t": 0.4491351764945245,
                    "option_price_t": 80.03,
                    "underlying_price_t": 4193.8
                },
                "put": {
                    "start_date": "2023-10-04",
                    "strike": 4250.0,
                    "maturity": "2023-12-15",
                    "units": -0.0011858830683761702,
                    "gamma": 0.0012525453936279955,
                    "vega": 753.0270799727522,
                    "tau": 0.19726027397260273,
                    "delta_t_1": -0.5842714950786205,
                    "option_price_t_1": 152.0,
                    "underlying_t_1": 4166.82,
                    "Option_PnL": 0.018701375988292215,
                    "Delta_PnL": 0.018693839626944663,
                    "Total_PnL": 7.5363613475515345e-06,
                    "delta_t": -0.5508648235054755,
                    "option_price_t": 136.23,
                    "underlying_price_t": 4193.8
                }
            },
            "sv_2023-10-05_2023-12-15": {
                "call": {
                    "start_date": "2023-10-05",
                    "strike": 4250.0,
                    "maturity": "2023-12-15",
                    "units": -0.001196928536373385,
                    "gamma": 0.00130445202918578,
                    "vega": 747.7634228205429,
                    "tau": 0.19452054794520549,
                    "delta_t_1": 0.4149322800468837,
                    "option_price_t_1": 68.82,
                    "underlying_t_1": 4166.82,
                    "Option_PnL": -0.013417568892745656,
                    "Delta_PnL": -0.0133994628538331,
                    "Total_PnL": -1.810603891255584e-05,
                    "delta_t": 0.4485603930239723,
                    "option_price_t": 80.03,
                    "underlying_price_t": 4193.8
                },
                "put": {
                    "start_date": "2023-10-05",
                    "strike": 4250.0,
                    "maturity": "2023-12-15",
                    "units": -0.001196928536373385,
                    "gamma": 0.00130445202918578,
                    "vega": 747.7634228205429,
                    "tau": 0.19452054794520549,
                    "delta_t_1": -0.5850677199531162,
                    "option_price_t_1": 152.0,
                    "underlying_t_1": 4166.82,
                    "Option_PnL": 0.018875563018608293,
                    "Delta_PnL": 0.018893669057521392,
                    "Total_PnL": -1.810603891309881e-05,
                    "delta_t": -0.5514396069760277,
                    "option_price_t": 136.23,
                    "underlying_price_t": 4193.8
                }
            },
            "sv_2023-10-06_2023-12-15": {
                "call": {
                    "start_date": "2023-10-06",
                    "strike": 4250.0,
                    "maturity": "2023-12-15",
                    "units": -0.001225182328787114,
                    "gamma": 0.001267127076512161,
                    "vega": 733.4842920897609,
                    "tau": 0.1917808219178082,
                    "delta_t_1": 0.4141209351949832,
                    "option_price_t_1": 68.82,
                    "underlying_t_1": 4166.82,
                    "Option_PnL": -0.013734293905703559,
                    "Delta_PnL": -0.013688941125070159,
                    "Total_PnL": -4.5352780633400175e-05,
                    "delta_t": 0.44797501185706934,
                    "option_price_t": 80.03,
                    "underlying_price_t": 4193.8
                },
                "put": {
                    "start_date": "2023-10-06",
                    "strike": 4250.0,
                    "maturity": "2023-12-15",
                    "units": -0.001225182328787114,
                    "gamma": 0.001267127076512161,
                    "vega": 733.4842920897609,
                    "tau": 0.1917808219178082,
                    "delta_t_1": -0.5858790648050167,
                    "option_price_t_1": 152.0,
                    "underlying_t_1": 4166.82,
                    "Option_PnL": 0.0193211253249728,
                    "Delta_PnL": 0.01936647810560676,
                    "Total_PnL": -4.5352780633958756e-05,
                    "delta_t": -0.5520249881429307,
                    "option_price_t": 136.23,
                    "underlying_price_t": 4193.8
                }
            },
            "sv_2023-10-09_2023-12-15": {
                "call": {
                    "start_date": "2023-10-09",
                    "strike": 4300.0,
                    "maturity": "2023-12-15",
                    "units": -0.0012334668581060273,
                    "gamma": 0.001307019908567558,
                    "vega": 732.386605916003,
                    "tau": 0.18356164383561643,
                    "delta_t_1": 0.3526923293365428,
                    "option_price_t_1": 52.31,
                    "underlying_t_1": 4166.82,
                    "Option_PnL": -0.011471241780386051,
                    "Delta_PnL": -0.011737225396324037,
                    "Total_PnL": 0.00026598361593798553,
                    "delta_t": 0.3866678840901011,
                    "option_price_t": 61.61,
                    "underlying_price_t": 4193.8
                },
                "put": {
                    "start_date": "2023-10-09",
                    "strike": 4300.0,
                    "maturity": "2023-12-15",
                    "units": -0.0012334668581060273,
                    "gamma": 0.001307019908567558,
                    "vega": 732.386605916003,
                    "tau": 0.18356164383561643,
                    "delta_t_1": -0.6473076706634572,
                    "option_price_t_1": 185.49,
                    "underlying_t_1": 4166.82,
                    "Option_PnL": 0.021807694051314573,
                    "Delta_PnL": 0.021541710435377167,
                    "Total_PnL": 0.00026598361593740613,
                    "delta_t": -0.6133321159098989,
                    "option_price_t": 167.81,
                    "underlying_price_t": 4193.8
                }
            },
            "sv_2023-10-10_2023-12-15": {
                "call": {
                    "start_date": "2023-10-10",
                    "strike": 4350.0,
                    "maturity": "2023-12-15",
                    "units": -0.0012280989778680708,
                    "gamma": 0.0013268764451444587,
                    "vega": 737.9286822920816,
                    "tau": 0.18082191780821918,
                    "delta_t_1": 0.296166910346093,
                    "option_price_t_1": 39.01,
                    "underlying_t_1": 4166.82,
                    "Option_PnL": -0.009259866293125252,
                    "Delta_PnL": -0.00981322711101098,
                    "Total_PnL": 0.0005533608178857289,
                    "delta_t": 0.32896892650327814,
                    "option_price_t": 46.55,
                    "underlying_price_t": 4193.8
                },
                "put": {
                    "start_date": "2023-10-10",
                    "strike": 4350.0,
                    "maturity": "2023-12-15",
                    "units": -0.0012280989778680708,
                    "gamma": 0.0013268764451444587,
                    "vega": 737.9286822920816,
                    "tau": 0.18082191780821918,
                    "delta_t_1": -0.703833089653907,
                    "option_price_t_1": 222.19,
                    "underlying_t_1": 4166.82,
                    "Option_PnL": 0.023874244129755293,
                    "Delta_PnL": 0.02332088331187015,
                    "Total_PnL": 0.0005533608178851443,
                    "delta_t": -0.6710310734967219,
                    "option_price_t": 202.75,
                    "underlying_price_t": 4193.8
                }
            },
            "sv_2023-10-11_2023-12-15": {
                "call": {
                    "start_date": "2023-10-11",
                    "strike": 4350.0,
                    "maturity": "2023-12-15",
                    "units": -0.0012477394471974558,
                    "gamma": 0.0013873933883126427,
                    "vega": 730.9195289165629,
                    "tau": 0.1780821917808219,
                    "delta_t_1": 0.29455250412603484,
                    "option_price_t_1": 39.01,
                    "underlying_t_1": 4166.82,
                    "Option_PnL": -0.009407955431868816,
                    "Delta_PnL": -0.009915818528485614,
                    "Total_PnL": 0.0005078630966167987,
                    "delta_t": 0.3275330099919497,
                    "option_price_t": 46.55,
                    "underlying_price_t": 4193.8
                },
                "put": {
                    "start_date": "2023-10-11",
                    "strike": 4350.0,
                    "maturity": "2023-12-15",
                    "units": -0.0012477394471974558,
                    "gamma": 0.0013873933883126427,
                    "vega": 730.9195289165629,
                    "tau": 0.1780821917808219,
                    "delta_t_1": -0.7054474958739652,
                    "option_price_t_1": 222.19,
                    "underlying_t_1": 4166.82,
                    "Option_PnL": 0.02425605485351854,
                    "Delta_PnL": 0.023748191756902338,
                    "Total_PnL": 0.0005078630966162019,
                    "delta_t": -0.6724669900080503,
                    "option_price_t": 202.75,
                    "underlying_price_t": 4193.8
                }
            },
            "sv_2023-10-12_2023-12-15": {
                "call": {
                    "start_date": "2023-10-12",
                    "strike": 4400.0,
                    "maturity": "2023-12-15",
                    "units": -0.0012658449023771022,
                    "gamma": 0.0014024603640091227,
                    "vega": 718.9479800219344,
                    "tau": 0.17534246575342466,
                    "delta_t_1": 0.24212357828118586,
                    "option_price_t_1": 28.53,
                    "underlying_t_1": 4166.82,
                    "Option_PnL": -0.007569752516215067,
                    "Delta_PnL": -0.008269124409492538,
                    "Total_PnL": 0.0006993718932774709,
                    "delta_t": 0.27312541200543067,
                    "option_price_t": 34.51,
                    "underlying_price_t": 4193.8
                },
                "put": {
                    "start_date": "2023-10-12",
                    "strike": 4400.0,
                    "maturity": "2023-12-15",
                    "units": -0.0012658449023771022,
                    "gamma": 0.0014024603640091227,
                    "vega": 718.9479800219344,
                    "tau": 0.17534246575342466,
                    "delta_t_1": -0.7578764217188141,
                    "option_price_t_1": 261.71,
                    "underlying_t_1": 4166.82,
                    "Option_PnL": 0.02658274294991911,
                    "Delta_PnL": 0.025883371056642276,
                    "Total_PnL": 0.0006993718932768352,
                    "delta_t": -0.7268745879945693,
                    "option_price_t": 240.71,
                    "underlying_price_t": 4193.8
                }
            },
            "sv_2023-10-13_2023-12-15": {
                "call": {
                    "start_date": "2023-10-13",
                    "strike": 4350.0,
                    "maturity": "2023-12-15",
                    "units": -0.001267717012904408,
                    "gamma": 0.0014293789084588416,
                    "vega": 716.4955580698833,
                    "tau": 0.1726027397260274,
                    "delta_t_1": 0.2912267689014564,
                    "option_price_t_1": 39.01,
                    "underlying_t_1": 4166.82,
                    "Option_PnL": -0.009558586277299235,
                    "Delta_PnL": -0.009960830635247213,
                    "Total_PnL": 0.00040224435794797807,
                    "delta_t": 0.3245723513556221,
                    "option_price_t": 46.55,
                    "underlying_price_t": 4193.8
                },
                "put": {
                    "start_date": "2023-10-13",
                    "strike": 4350.0,
                    "maturity": "2023-12-15",
                    "units": -0.001267717012904408,
                    "gamma": 0.0014293789084588416,
                    "vega": 716.4955580698833,
                    "tau": 0.1726027397260274,
                    "delta_t_1": -0.7087732310985436,
                    "option_price_t_1": 222.19,
                    "underlying_t_1": 4166.82,
                    "Option_PnL": 0.02464441873086169,
                    "Delta_PnL": 0.024242174372914316,
                    "Total_PnL": 0.00040224435794737265,
                    "delta_t": -0.6754276486443779,
                    "option_price_t": 202.75,
                    "underlying_price_t": 4193.8
                }
            },
            "sv_2023-10-16_2023-12-15": {
                "call": {
                    "start_date": "2023-10-16",
                    "strike": 4350.0,
                    "maturity": "2023-12-15",
                    "units": -0.0012989545438339355,
                    "gamma": 0.001398175603766593,
                    "vega": 702.6827021615495,
                    "tau": 0.1643835616438356,
                    "delta_t_1": 0.28597852727968165,
                    "option_price_t_1": 39.01,
                    "underlying_t_1": 4166.82,
                    "Option_PnL": -0.009794117260507872,
                    "Delta_PnL": -0.010022344438970945,
                    "Total_PnL": 0.00022822717846307343,
                    "delta_t": 0.31989274643018517,
                    "option_price_t": 46.55,
                    "underlying_price_t": 4193.8
                },
                "put": {
                    "start_date": "2023-10-16",
                    "strike": 4350.0,
                    "maturity": "2023-12-15",
                    "units": -0.0012989545438339355,
                    "gamma": 0.001398175603766593,
                    "vega": 702.6827021615495,
                    "tau": 0.1643835616438356,
                    "delta_t_1": -0.7140214727203184,
                    "option_price_t_1": 222.19,
                    "underlying_t_1": 4166.82,
                    "Option_PnL": 0.025251676332131705,
                    "Delta_PnL": 0.025023449153669247,
                    "Total_PnL": 0.0002282271784624576,
                    "delta_t": -0.6801072535698148,
                    "option_price_t": 202.75,
                    "underlying_price_t": 4193.8
                }
            },
            "sv_2023-10-17_2023-12-15": {
                "call": {
                    "start_date": "2023-10-17",
                    "strike": 4350.0,
                    "maturity": "2023-12-15",
                    "units": -0.001311750002998564,
                    "gamma": 0.0014133132597179952,
                    "vega": 696.8132915554581,
                    "tau": 0.16164383561643836,
                    "delta_t_1": 0.28415484424134013,
                    "option_price_t_1": 39.01,
                    "underlying_t_1": 4166.82,
                    "Option_PnL": -0.009890595022609172,
                    "Delta_PnL": -0.010056528377856594,
                    "Total_PnL": 0.0001659333552474218,
                    "delta_t": 0.3182644216857137,
                    "option_price_t": 46.55,
                    "underlying_price_t": 4193.8
                },
                "put": {
                    "start_date": "2023-10-17",
                    "strike": 4350.0,
                    "maturity": "2023-12-15",
                    "units": -0.001311750002998564,
                    "gamma": 0.0014133132597179952,
                    "vega": 696.8132915554581,
                    "tau": 0.16164383561643836,
                    "delta_t_1": -0.7158451557586598,
                    "option_price_t_1": 222.19,
                    "underlying_t_1": 4166.82,
                    "Option_PnL": 0.025500420058292082,
                    "Delta_PnL": 0.025334486703045285,
                    "Total_PnL": 0.0001659333552467973,
                    "delta_t": -0.6817355783142862,
                    "option_price_t": 202.75,
                    "underlying_price_t": 4193.8
                }
            },
            "sv_2023-10-18_2023-12-15": {
                "call": {
                    "start_date": "2023-10-18",
                    "strike": 4350.0,
                    "maturity": "2023-12-15",
                    "units": -0.0013229210311687264,
                    "gamma": 0.0014104036361138146,
                    "vega": 683.2170925423912,
                    "tau": 0.1589041095890411,
                    "delta_t_1": 0.28229174095755893,
                    "option_price_t_1": 39.01,
                    "underlying_t_1": 4166.82,
                    "Option_PnL": -0.009974824575012196,
                    "Delta_PnL": -0.010075672394405117,
                    "Total_PnL": 0.00010084781939292096,
                    "delta_t": 0.3165996678809332,
                    "option_price_t": 46.55,
                    "underlying_price_t": 4193.8
                },
                "put": {
                    "start_date": "2023-10-18",
                    "strike": 4350.0,
                    "maturity": "2023-12-15",
                    "units": -0.0013229210311687264,
                    "gamma": 0.0014104036361138146,
                    "vega": 683.2170925423912,
                    "tau": 0.1589041095890411,
                    "delta_t_1": -0.7177082590424411,
                    "option_price_t_1": 222.19,
                    "underlying_t_1": 4166.82,
                    "Option_PnL": 0.025717584845920037,
                    "Delta_PnL": 0.02561673702652775,
                    "Total_PnL": 0.00010084781939228779,
                    "delta_t": -0.6834003321190668,
                    "option_price_t": 202.75,
                    "underlying_price_t": 4193.8
                }
            },
            "sv_2023-10-19_2023-12-15": {
                "call": {
                    "start_date": "2023-10-19",
                    "strike": 4300.0,
                    "maturity": "2023-12-15",
                    "units": -0.0013334706439005882,
                    "gamma": 0.001424637690487041,
                    "vega": 673.7322963772003,
                    "tau": 0.15616438356164383,
                    "delta_t_1": 0.33870262703131926,
                    "option_price_t_1": 52.31,
                    "underlying_t_1": 4166.82,
                    "Option_PnL": -0.012401276988275468,
                    "Delta_PnL": -0.012185517274070449,
                    "Total_PnL": -0.00021575971420501917,
                    "delta_t": 0.37506852808618585,
                    "option_price_t": 61.61,
                    "underlying_price_t": 4193.8
                },
                "put": {
                    "start_date": "2023-10-19",
                    "strike": 4300.0,
                    "maturity": "2023-12-15",
                    "units": -0.0013334706439005882,
                    "gamma": 0.001424637690487041,
                    "vega": 673.7322963772003,
                    "tau": 0.15616438356164383,
                    "delta_t_1": -0.6612973729686807,
                    "option_price_t_1": 185.49,
                    "underlying_t_1": 4166.82,
                    "Option_PnL": 0.02357576098416241,
                    "Delta_PnL": 0.023791520698368054,
                    "Total_PnL": -0.0002157597142056454,
                    "delta_t": -0.6249314719138142,
                    "option_price_t": 167.81,
                    "underlying_price_t": 4193.8
                }
            },
            "sv_2023-10-20_2023-12-15": {
                "call": {
                    "start_date": "2023-10-20",
                    "strike": 4300.0,
                    "maturity": "2023-12-15",
                    "units": -0.0013991453351713977,
                    "gamma": 0.0013847735672107438,
                    "vega": 642.0973653532402,
                    "tau": 0.15342465753424658,
                    "delta_t_1": 0.33712515167462315,
                    "option_price_t_1": 52.31,
                    "underlying_t_1": 4166.82,
                    "Option_PnL": -0.013012051617093994,
                    "Delta_PnL": -0.012726117508365003,
                    "Total_PnL": -0.00028593410872899093,
                    "delta_t": 0.3737585487256441,
                    "option_price_t": 61.61,
                    "underlying_price_t": 4193.8
                },
                "put": {
                    "start_date": "2023-10-20",
                    "strike": 4300.0,
                    "maturity": "2023-12-15",
                    "units": -0.0013991453351713977,
                    "gamma": 0.0013847735672107438,
                    "vega": 642.0973653532402,
                    "tau": 0.15342465753424658,
                    "delta_t_1": -0.6628748483253768,
                    "option_price_t_1": 185.49,
                    "underlying_t_1": 4166.82,
                    "Option_PnL": 0.024736889525830322,
                    "Delta_PnL": 0.025022823634559967,
                    "Total_PnL": -0.0002859341087296449,
                    "delta_t": -0.6262414512743559,
                    "option_price_t": 167.81,
                    "underlying_price_t": 4193.8
                }
            },
            "sv_2023-10-23_2024-01-19": {
                "call": {
                    "start_date": "2023-10-23",
                    "strike": 4200.0,
                    "maturity": "2024-01-19",
                    "units": -0.0010952709864238159,
                    "gamma": 0.0011500370916221186,
                    "vega": 822.6947364084548,
                    "tau": 0.2410958904109589,
                    "delta_t_1": 0.4808053430245664,
                    "option_price_t_1": 122.82,
                    "underlying_t_1": 4166.82,
                    "Option_PnL": -0.015629516976267865,
                    "Delta_PnL": -0.014207995600127267,
                    "Total_PnL": -0.001421521376140598,
                    "delta_t": 0.510806876522787,
                    "option_price_t": 137.09,
                    "underlying_price_t": 4193.8
                },
                "put": {
                    "start_date": "2023-10-23",
                    "strike": 4200.0,
                    "maturity": "2024-01-19",
                    "units": -0.0010952709864238159,
                    "gamma": 0.0011500370916221186,
                    "vega": 822.6947364084548,
                    "tau": 0.2410958904109589,
                    "delta_t_1": -0.5191946569754335,
                    "option_price_t_1": 156.0,
                    "underlying_t_1": 4166.82,
                    "Option_PnL": 0.013920894237446708,
                    "Delta_PnL": 0.0153424156135878,
                    "Total_PnL": -0.0014215213761410925,
                    "delta_t": -0.489193123477213,
                    "option_price_t": 143.29,
                    "underlying_price_t": 4193.8
                }
            },
            "sv_2023-10-24_2024-01-19": {
                "call": {
                    "start_date": "2023-10-24",
                    "strike": 4200.0,
                    "maturity": "2024-01-19",
                    "units": -0.0011078327012479163,
                    "gamma": 0.0011194128663858977,
                    "vega": 814.3220914398405,
                    "tau": 0.23835616438356164,
                    "delta_t_1": 0.4804980156003136,
                    "option_price_t_1": 122.82,
                    "underlying_t_1": 4166.82,
                    "Option_PnL": -0.015808772646807776,
                    "Delta_PnL": -0.014361761965011405,
                    "Total_PnL": -0.0014470106817963714,
                    "delta_t": 0.510668648694044,
                    "option_price_t": 137.09,
                    "underlying_price_t": 4193.8
                },
                "put": {
                    "start_date": "2023-10-24",
                    "strike": 4200.0,
                    "maturity": "2024-01-19",
                    "units": -0.0011078327012479163,
                    "gamma": 0.0011194128663858977,
                    "vega": 814.3220914398405,
                    "tau": 0.23835616438356164,
                    "delta_t_1": -0.5195019843996864,
                    "option_price_t_1": 156.0,
                    "underlying_t_1": 4166.82,
                    "Option_PnL": 0.014080553632861025,
                    "Delta_PnL": 0.015527564314657901,
                    "Total_PnL": -0.0014470106817968762,
                    "delta_t": -0.48933135130595595,
                    "option_price_t": 143.29,
                    "underlying_price_t": 4193.8
                }
            },
            "sv_2023-10-25_2024-01-19": {
                "call": {
                    "start_date": "2023-10-25",
                    "strike": 4250.0,
                    "maturity": "2024-01-19",
                    "units": -0.0011152315928321368,
                    "gamma": 0.0011177898105281013,
                    "vega": 803.3811185054147,
                    "tau": 0.2356164383561644,
                    "delta_t_1": 0.4255306756187671,
                    "option_price_t_1": 101.94,
                    "underlying_t_1": 4166.82,
                    "Option_PnL": -0.014208050492681434,
                    "Delta_PnL": -0.01280377053050667,
                    "Total_PnL": -0.001404279962174763,
                    "delta_t": 0.4562397120979033,
                    "option_price_t": 114.68,
                    "underlying_price_t": 4193.8
                },
                "put": {
                    "start_date": "2023-10-25",
                    "strike": 4250.0,
                    "maturity": "2024-01-19",
                    "units": -0.0011152315928321368,
                    "gamma": 0.0011177898105281013,
                    "vega": 803.3811185054147,
                    "tau": 0.2356164383561644,
                    "delta_t_1": -0.5744693243812329,
                    "option_price_t_1": 185.12,
                    "underlying_t_1": 4166.82,
                    "Option_PnL": 0.01588089788192964,
                    "Delta_PnL": 0.01728517784410491,
                    "Total_PnL": -0.0014042799621752713,
                    "delta_t": -0.5437602879020966,
                    "option_price_t": 170.88,
                    "underlying_price_t": 4193.8
                }
            },
            "sv_2023-10-26_2024-01-19": {
                "call": {
                    "start_date": "2023-10-26",
                    "strike": 4200.0,
                    "maturity": "2024-01-19",
                    "units": -0.0011316454648871415,
                    "gamma": 0.001143769603780592,
                    "vega": 788.882599857991,
                    "tau": 0.2328767123287671,
                    "delta_t_1": 0.47987067916313414,
                    "option_price_t_1": 122.82,
                    "underlying_t_1": 4166.82,
                    "Option_PnL": -0.01614858078393952,
                    "Delta_PnL": -0.01465131303124049,
                    "Total_PnL": -0.0014972677526990299,
                    "delta_t": 0.5103884283194549,
                    "option_price_t": 137.09,
                    "underlying_price_t": 4193.8
                },
                "put": {
                    "start_date": "2023-10-26",
                    "strike": 4200.0,
                    "maturity": "2024-01-19",
                    "units": -0.0011316454648871415,
                    "gamma": 0.001143769603780592,
                    "vega": 788.882599857991,
                    "tau": 0.2328767123287671,
                    "delta_t_1": -0.5201293208368658,
                    "option_price_t_1": 156.0,
                    "underlying_t_1": 4166.82,
                    "Option_PnL": 0.014383213858715577,
                    "Delta_PnL": 0.015880481611415122,
                    "Total_PnL": -0.001497267752699545,
                    "delta_t": -0.48961157168054514,
                    "option_price_t": 143.29,
                    "underlying_price_t": 4193.8
                }
            },
            "sv_2023-10-27_2024-01-19": {
                "call": {
                    "start_date": "2023-10-27",
                    "strike": 4150.0,
                    "maturity": "2024-01-19",
                    "units": -0.001134655966802693,
                    "gamma": 0.0011849311129519186,
                    "vega": 786.7658425192644,
                    "tau": 0.23013698630136986,
                    "delta_t_1": 0.5358978427103396,
                    "option_price_t_1": 146.52,
                    "underlying_t_1": 4166.82,
                    "Option_PnL": -0.017927564275482533,
                    "Delta_PnL": -0.01640545029665913,
                    "Total_PnL": -0.0015221139788234028,
                    "delta_t": 0.5656299723349275,
                    "option_price_t": 162.32,
                    "underlying_price_t": 4193.8
                },
                "put": {
                    "start_date": "2023-10-27",
                    "strike": 4150.0,
                    "maturity": "2024-01-19",
                    "units": -0.001134655966802693,
                    "gamma": 0.0011849311129519186,
                    "vega": 786.7658425192644,
                    "tau": 0.23013698630136986,
                    "delta_t_1": -0.4641021572896604,
                    "option_price_t_1": 129.7,
                    "underlying_t_1": 4166.82,
                    "Option_PnL": 0.0126854537088541,
                    "Delta_PnL": 0.014207567687678065,
                    "Total_PnL": -0.0015221139788239649,
                    "delta_t": -0.4343700276650725,
                    "option_price_t": 118.52,
                    "underlying_price_t": 4193.8
                }
            },
            "sv_2023-10-30_2024-01-19": {
                "call": {
                    "start_date": "2023-10-30",
                    "strike": 4100.0,
                    "maturity": "2024-01-19",
                    "units": -0.001174771410181861,
                    "gamma": 0.0011194443118731391,
                    "vega": 761.5921410208056,
                    "tau": 0.2219178082191781,
                    "delta_t_1": 0.5932616930903243,
                    "option_price_t_1": 173.11,
                    "underlying_t_1": 4117.37,
                    "delta_t": 0.6219429655238795,
                    "option_price_t": 190.41,
                    "underlying_price_t": 4193.8,
                    "Option_PnL": -0.020323545396146173,
                    "Delta_PnL": -0.05326764971728709,
                    "Total_PnL": 0.03294410432114092
                },
                "put": {
                    "start_date": "2023-10-30",
                    "strike": 4100.0,
                    "maturity": "2024-01-19",
                    "units": -0.001174771410181861,
                    "gamma": 0.0011194443118731391,
                    "vega": 761.5921410208056,
                    "tau": 0.2219178082191781,
                    "delta_t_1": -0.4067383069096757,
                    "option_price_t_1": 106.29,
                    "underlying_t_1": 4117.37,
                    "delta_t": -0.3780570344761205,
                    "option_price_t": 96.61,
                    "underlying_price_t": 4193.8,
                    "Option_PnL": 0.011371787250560423,
                    "Delta_PnL": 0.036520129162912876,
                    "Total_PnL": -0.025148341912352455
                }
            },
            "sv_2023-10-31_2024-01-19": {
                "call": {
                    "start_date": "2023-10-31",
                    "strike": 4150.0,
                    "maturity": "2024-01-19",
                    "units": -0.0011605118771426171,
                    "delta_t": 0.5664120374109716,
                    "gamma": 0.0011202216169663335,
                    "vega": 772.4002682841132,
                    "tau": 0.2191780821917808,
                    "option_price_t": 162.32,
                    "underlying_price_t": 4166.82
                },
                "put": {
                    "start_date": "2023-10-31",
                    "strike": 4150.0,
                    "maturity": "2024-01-19",
                    "units": -0.0011605118771426171,
                    "delta_t": -0.43358796258902843,
                    "gamma": 0.0011202216169663335,
                    "vega": 772.4002682841132,
                    "tau": 0.2191780821917808,
                    "option_price_t": 118.52,
                    "underlying_price_t": 4166.82
                }
            }
        }
    }
}