{
    "spx_strategy": {
        "date": "2023-03-31",
        "index_levels": 103.88779027769428,
        "result": {
            "sv_2023-01-23_2023-04-28": {
                "call": {
                    "start_date": "2023-01-23",
                    "strike": 3950.0,
                    "maturity": "2023-04-28",
                    "units": -0.000995156163567833,
                    "gamma": 0.0008471025015207614,
                    "vega": 800.2744880395427,
                    "tau": 0.2602739726027397,
                    "delta_t_1": 0.6127598301213839,
                    "option_price_t_1": 154.43,
                    "underlying_t_1": 4050.83,
                    "Option_PnL": -0.040552613665389196,
                    "Delta_PnL": -0.035660619886891946,
                    "Total_PnL": -0.00489199377849725,
                    "delta_t": 0.6618354331136841,
                    "option_price_t": 195.18,
                    "underlying_price_t": 4109.31
                },
                "put": {
                    "start_date": "2023-01-23",
                    "strike": 3950.0,
                    "maturity": "2023-04-28",
                    "units": -0.000995156163567833,
                    "gamma": 0.0008471025015207614,
                    "vega": 800.2744880395427,
                    "tau": 0.2602739726027397,
                    "delta_t_1": -0.3872401698786161,
                    "option_price_t_1": 53.6,
                    "underlying_t_1": 4050.83,
                    "Option_PnL": 0.017644118780057682,
                    "Delta_PnL": 0.022536112558555397,
                    "Total_PnL": -0.004891993778497715,
                    "delta_t": -0.3381645668863159,
                    "option_price_t": 35.87,
                    "underlying_price_t": 4109.31
                }
            },
            "sv_2023-01-24_2023-04-28": {
                "call": {
                    "start_date": "2023-01-24",
                    "strike": 4000.0,
                    "maturity": "2023-04-28",
                    "units": -0.0009842937544868996,
                    "gamma": 0.0008716139049131928,
                    "vega": 809.665143828125,
                    "tau": 0.25753424657534246,
                    "delta_t_1": 0.5678671877443666,
                    "option_price_t_1": 123.82,
                    "underlying_t_1": 4050.83,
                    "Option_PnL": -0.03567080566260525,
                    "Delta_PnL": -0.03268728642455172,
                    "Total_PnL": -0.0029835192380535253,
                    "delta_t": 0.6190610931088009,
                    "option_price_t": 160.06,
                    "underlying_price_t": 4109.31
                },
                "put": {
                    "start_date": "2023-01-24",
                    "strike": 4000.0,
                    "maturity": "2023-04-28",
                    "units": -0.0009842937544868996,
                    "gamma": 0.0008716139049131928,
                    "vega": 809.665143828125,
                    "tau": 0.25753424657534246,
                    "delta_t_1": -0.4321328122556334,
                    "option_price_t_1": 72.99,
                    "underlying_t_1": 4050.83,
                    "Option_PnL": 0.021890693099788642,
                    "Delta_PnL": 0.024874212337842636,
                    "Total_PnL": -0.0029835192380539936,
                    "delta_t": -0.38093890689119914,
                    "option_price_t": 50.75,
                    "underlying_price_t": 4109.31
                }
            },
            "sv_2023-01-25_2023-04-28": {
                "call": {
                    "start_date": "2023-01-25",
                    "strike": 4000.0,
                    "maturity": "2023-04-28",
                    "units": -0.0009902947717349397,
                    "gamma": 0.0008824650444362631,
                    "vega": 805.3390782102688,
                    "tau": 0.2547945205479452,
                    "delta_t_1": 0.5680005822492388,
                    "option_price_t_1": 123.82,
                    "underlying_t_1": 4050.83,
                    "Option_PnL": -0.035888282527674224,
                    "Delta_PnL": -0.03289429864607502,
                    "Total_PnL": -0.002993983881599202,
                    "delta_t": 0.6194593598611784,
                    "option_price_t": 160.06,
                    "underlying_price_t": 4109.31
                },
                "put": {
                    "start_date": "2023-01-25",
                    "strike": 4000.0,
                    "maturity": "2023-04-28",
                    "units": -0.0009902947717349397,
                    "gamma": 0.0008824650444362631,
                    "vega": 805.3390782102688,
                    "tau": 0.2547945205479452,
                    "delta_t_1": -0.4319994177507612,
                    "option_price_t_1": 72.99,
                    "underlying_t_1": 4050.83,
                    "Option_PnL": 0.022024155723385053,
                    "Delta_PnL": 0.02501813960498472,
                    "Total_PnL": -0.002993983881599667,
                    "delta_t": -0.3805406401388216,
                    "option_price_t": 50.75,
                    "underlying_price_t": 4109.31
                }
            },
            "sv_2023-01-26_2023-04-28": {
                "call": {
                    "start_date": "2023-01-26",
                    "strike": 4000.0,
                    "maturity": "2023-04-28",
                    "units": -0.0009989236238980162,
                    "gamma": 0.0008726735640550211,
                    "vega": 798.5745093049918,
                    "tau": 0.25205479452054796,
                    "delta_t_1": 0.5681373679393309,
                    "option_price_t_1": 123.82,
                    "underlying_t_1": 4050.83,
                    "Option_PnL": -0.03620099213006412,
                    "Delta_PnL": -0.03318891103278066,
                    "Total_PnL": -0.003012081097283459,
                    "delta_t": 0.6198651687463603,
                    "option_price_t": 160.06,
                    "underlying_price_t": 4109.31
                },
                "put": {
                    "start_date": "2023-01-26",
                    "strike": 4000.0,
                    "maturity": "2023-04-28",
                    "units": -0.0009989236238980162,
                    "gamma": 0.0008726735640550211,
                    "vega": 798.5745093049918,
                    "tau": 0.25205479452054796,
                    "delta_t_1": -0.4318626320606691,
                    "option_price_t_1": 72.99,
                    "underlying_t_1": 4050.83,
                    "Option_PnL": 0.022216061395491878,
                    "Delta_PnL": 0.025228142492775805,
                    "Total_PnL": -0.0030120810972839272,
                    "delta_t": -0.38013483125363967,
                    "option_price_t": 50.75,
                    "underlying_price_t": 4109.31
                }
            },
            "sv_2023-01-27_2023-04-28": {
                "call": {
                    "start_date": "2023-01-27",
                    "strike": 4050.0,
                    "maturity": "2023-04-28",
                    "units": -0.0009894685346989586,
                    "gamma": 0.0008909215131597066,
                    "vega": 806.721856102033,
                    "tau": 0.2493150684931507,
                    "delta_t_1": 0.5219461172626814,
                    "option_price_t_1": 97.29,
                    "underlying_t_1": 4050.83,
                    "Option_PnL": -0.03114846947232322,
                    "Delta_PnL": -0.030201952715426843,
                    "Total_PnL": -0.0009465167568963768,
                    "delta_t": 0.5752201869680102,
                    "option_price_t": 128.77,
                    "underlying_price_t": 4109.31
                },
                "put": {
                    "start_date": "2023-01-27",
                    "strike": 4050.0,
                    "maturity": "2023-04-28",
                    "units": -0.0009894685346989586,
                    "gamma": 0.0008909215131597066,
                    "vega": 806.721856102033,
                    "tau": 0.2493150684931507,
                    "delta_t_1": -0.47805388273731864,
                    "option_price_t_1": 96.46,
                    "underlying_t_1": 4050.83,
                    "Option_PnL": 0.026715650436871883,
                    "Delta_PnL": 0.02766216719376872,
                    "Total_PnL": -0.0009465167568968383,
                    "delta_t": -0.42477981303198975,
                    "option_price_t": 69.46,
                    "underlying_price_t": 4109.31
                }
            },
            "sv_2023-01-30_2023-04-28": {
                "call": {
                    "start_date": "2023-01-30",
                    "strike": 4050.0,
                    "maturity": "2023-04-28",
                    "units": -0.0010148182168233173,
                    "gamma": 0.0009086973304018468,
                    "vega": 786.8929893530313,
                    "tau": 0.2410958904109589,
                    "delta_t_1": 0.5216074593250922,
                    "option_price_t_1": 97.29,
                    "underlying_t_1": 4050.83,
                    "Option_PnL": -0.03194647746559803,
                    "Delta_PnL": -0.03095561324257599,
                    "Total_PnL": -0.0009908642230220428,
                    "delta_t": 0.575776207502568,
                    "option_price_t": 128.77,
                    "underlying_price_t": 4109.31
                },
                "put": {
                    "start_date": "2023-01-30",
                    "strike": 4050.0,
                    "maturity": "2023-04-28",
                    "units": -0.0010148182168233173,
                    "gamma": 0.0009086973304018468,
                    "vega": 786.8929893530313,
                    "tau": 0.2410958904109589,
                    "delta_t_1": -0.4783925406749078,
                    "option_price_t_1": 96.46,
                    "underlying_t_1": 4050.83,
                    "Option_PnL": 0.027400091854229567,
                    "Delta_PnL": 0.028390956077252085,
                    "Total_PnL": -0.0009908642230225181,
                    "delta_t": -0.42422379249743203,
                    "option_price_t": 69.46,
                    "underlying_price_t": 4109.31
                }
            },
            "sv_2023-01-31_2023-04-28": {
                "call": {
                    "start_date": "2023-01-31",
                    "strike": 4000.0,
                    "maturity": "2023-04-28",
                    "units": -0.0010364952942840287,
                    "gamma": 0.0009267054423775998,
                    "vega": 772.185695739357,
                    "tau": 0.23835616438356164,
                    "delta_t_1": 0.5688757795936837,
                    "option_price_t_1": 123.82,
                    "underlying_t_1": 4050.83,
                    "Option_PnL": -0.03756258946485321,
                    "Delta_PnL": -0.03448197577061783,
                    "Total_PnL": -0.0030806136942353804,
                    "delta_t": 0.6220149389683539,
                    "option_price_t": 160.06,
                    "underlying_price_t": 4109.31
                },
                "put": {
                    "start_date": "2023-01-31",
                    "strike": 4000.0,
                    "maturity": "2023-04-28",
                    "units": -0.0010364952942840287,
                    "gamma": 0.0009267054423775998,
                    "vega": 772.185695739357,
                    "tau": 0.23835616438356164,
                    "delta_t_1": -0.43112422040631626,
                    "option_price_t_1": 72.99,
                    "underlying_t_1": 4050.83,
                    "Option_PnL": 0.023051655344876795,
                    "Delta_PnL": 0.026132269039112657,
                    "Total_PnL": -0.0030806136942358626,
                    "delta_t": -0.3779850610316461,
                    "option_price_t": 50.75,
                    "underlying_price_t": 4109.31
                }
            },
            "sv_2023-02-01_2023-04-28": {
                "call": {
                    "start_date": "2023-02-01",
                    "strike": 4100.0,
                    "maturity": "2023-04-28",
                    "units": -0.0010084265309304073,
                    "gamma": 0.0009555285328083696,
                    "vega": 793.9498189000205,
                    "tau": 0.2356164383561644,
                    "delta_t_1": 0.4740019047069532,
                    "option_price_t_1": 74.86,
                    "underlying_t_1": 4050.83,
                    "Option_PnL": -0.026904819845223273,
                    "Delta_PnL": -0.027953211718527105,
                    "Total_PnL": 0.0010483918733038312,
                    "delta_t": 0.5293764243235252,
                    "option_price_t": 101.54,
                    "underlying_price_t": 4109.31
                },
                "put": {
                    "start_date": "2023-02-01",
                    "strike": 4100.0,
                    "maturity": "2023-04-28",
                    "units": -0.0010084265309304073,
                    "gamma": 0.0009555285328083696,
                    "vega": 793.9498189000205,
                    "tau": 0.2356164383561644,
                    "delta_t_1": -0.5259980952930468,
                    "option_price_t_1": 124.03,
                    "underlying_t_1": 4050.83,
                    "Option_PnL": 0.03206796368358695,
                    "Delta_PnL": 0.031019571810283583,
                    "Total_PnL": 0.0010483918733033663,
                    "delta_t": -0.47062357567647484,
                    "option_price_t": 92.23,
                    "underlying_price_t": 4109.31
                }
            },
            "sv_2023-02-02_2023-04-28": {
                "call": {
                    "start_date": "2023-02-02",
                    "strike": 4100.0,
                    "maturity": "2023-04-28",
                    "units": -0.0010234464405969792,
                    "gamma": 0.0009233734138097844,
                    "vega": 781.4370123267503,
                    "tau": 0.2328767123287671,
                    "delta_t_1": 0.4736092546291793,
                    "option_price_t_1": 74.86,
                    "underlying_t_1": 4050.83,
                    "Option_PnL": -0.027305551035127412,
                    "Delta_PnL": -0.028346057520097834,
                    "Total_PnL": 0.0010405064849704215,
                    "delta_t": 0.5293072896266019,
                    "option_price_t": 101.54,
                    "underlying_price_t": 4109.31
                },
                "put": {
                    "start_date": "2023-02-02",
                    "strike": 4100.0,
                    "maturity": "2023-04-28",
                    "units": -0.0010234464405969792,
                    "gamma": 0.0009233734138097844,
                    "vega": 781.4370123267503,
                    "tau": 0.2328767123287671,
                    "delta_t_1": -0.5263907453708208,
                    "option_price_t_1": 124.03,
                    "underlying_t_1": 4050.83,
                    "Option_PnL": 0.032545596810983936,
                    "Delta_PnL": 0.031505090326014,
                    "Total_PnL": 0.0010405064849699358,
                    "delta_t": -0.4706927103733981,
                    "option_price_t": 92.23,
                    "underlying_price_t": 4109.31
                }
            },
            "sv_2023-02-03_2023-04-28": {
                "call": {
                    "start_date": "2023-02-03",
                    "strike": 4200.0,
                    "maturity": "2023-04-28",
                    "units": -0.0010148114360437155,
                    "gamma": 0.0009419176816349397,
                    "vega": 787.8120870043329,
                    "tau": 0.23013698630136986,
                    "delta_t_1": 0.38081861413558715,
                    "option_price_t_1": 41.5,
                    "underlying_t_1": 4050.83,
                    "Option_PnL": -0.01801290298977595,
                    "Delta_PnL": -0.02260012727226862,
                    "Total_PnL": 0.004587224282492669,
                    "delta_t": 0.4356812205484749,
                    "option_price_t": 59.25,
                    "underlying_price_t": 4109.31
                },
                "put": {
                    "start_date": "2023-02-03",
                    "strike": 4200.0,
                    "maturity": "2023-04-28",
                    "units": -0.0010148114360437155,
                    "gamma": 0.0009419176816349397,
                    "vega": 787.8120870043329,
                    "tau": 0.23013698630136986,
                    "delta_t_1": -0.6191813858644128,
                    "option_price_t_1": 190.67,
                    "underlying_t_1": 4050.83,
                    "Option_PnL": 0.04133326979006052,
                    "Delta_PnL": 0.036746045507568346,
                    "Total_PnL": 0.004587224282492176,
                    "delta_t": -0.5643187794515251,
                    "option_price_t": 149.94,
                    "underlying_price_t": 4109.31
                }
            },
            "sv_2023-02-06_2023-04-28": {
                "call": {
                    "start_date": "2023-02-06",
                    "strike": 4150.0,
                    "maturity": "2023-04-28",
                    "units": -0.0010383243838795024,
                    "gamma": 0.0009786456851643066,
                    "vega": 771.8103648997543,
                    "tau": 0.2219178082191781,
                    "delta_t_1": 0.42416653585024056,
                    "option_price_t_1": 56.36,
                    "underlying_t_1": 4050.83,
                    "Option_PnL": -0.022895052664543024,
                    "Delta_PnL": -0.025755905285301955,
                    "Total_PnL": 0.002860852620758931,
                    "delta_t": 0.48098435970377457,
                    "option_price_t": 78.41,
                    "underlying_price_t": 4109.31
                },
                "put": {
                    "start_date": "2023-02-06",
                    "strike": 4150.0,
                    "maturity": "2023-04-28",
                    "units": -0.0010383243838795024,
                    "gamma": 0.0009786456851643066,
                    "vega": 771.8103648997543,
                    "tau": 0.2219178082191781,
                    "delta_t_1": -0.5758334641497594,
                    "option_price_t_1": 155.53,
                    "underlying_t_1": 4050.83,
                    "Option_PnL": 0.03782615730473028,
                    "Delta_PnL": 0.03496530468397183,
                    "Total_PnL": 0.0028608526207584487,
                    "delta_t": -0.5190156402962254,
                    "option_price_t": 119.1,
                    "underlying_price_t": 4109.31
                }
            },
            "sv_2023-02-07_2023-04-28": {
                "call": {
                    "start_date": "2023-02-07",
                    "strike": 4100.0,
                    "maturity": "2023-04-28",
                    "units": -0.0010534231845767158,
                    "gamma": 0.000973704994322613,
                    "vega": 760.9067319470277,
                    "tau": 0.2191780821917808,
                    "delta_t_1": 0.471559694210954,
                    "option_price_t_1": 74.86,
                    "underlying_t_1": 4050.83,
                    "Option_PnL": -0.028105330564506786,
                    "Delta_PnL": -0.029050051977137302,
                    "Total_PnL": 0.0009447214126305156,
                    "delta_t": 0.5289649090492965,
                    "option_price_t": 101.54,
                    "underlying_price_t": 4109.31
                },
                "put": {
                    "start_date": "2023-02-07",
                    "strike": 4100.0,
                    "maturity": "2023-04-28",
                    "units": -0.0010534231845767158,
                    "gamma": 0.000973704994322613,
                    "vega": 760.9067319470277,
                    "tau": 0.2191780821917808,
                    "delta_t_1": -0.528440305789046,
                    "option_price_t_1": 124.03,
                    "underlying_t_1": 4050.83,
                    "Option_PnL": 0.03349885726953956,
                    "Delta_PnL": 0.03255413585690954,
                    "Total_PnL": 0.000944721412630016,
                    "delta_t": -0.4710350909507035,
                    "option_price_t": 92.23,
                    "underlying_price_t": 4109.31
                }
            },
            "sv_2023-02-08_2023-04-28": {
                "call": {
                    "start_date": "2023-02-08",
                    "strike": 4150.0,
                    "maturity": "2023-04-28",
                    "units": -0.0010488368087215813,
                    "gamma": 0.0009901516671293282,
                    "vega": 763.9157401212572,
                    "tau": 0.21643835616438356,
                    "delta_t_1": 0.42273397507724325,
                    "option_price_t_1": 56.36,
                    "underlying_t_1": 4050.83,
                    "Option_PnL": -0.023126851632310864,
                    "Delta_PnL": -0.025928801192387996,
                    "Total_PnL": 0.002801949560077132,
                    "delta_t": 0.480244366483971,
                    "option_price_t": 78.41,
                    "underlying_price_t": 4109.31
                },
                "put": {
                    "start_date": "2023-02-08",
                    "strike": 4150.0,
                    "maturity": "2023-04-28",
                    "units": -0.0010488368087215813,
                    "gamma": 0.0009901516671293282,
                    "vega": 763.9157401212572,
                    "tau": 0.21643835616438356,
                    "delta_t_1": -0.5772660249227568,
                    "option_price_t_1": 155.53,
                    "underlying_t_1": 4050.83,
                    "Option_PnL": 0.038209124941727214,
                    "Delta_PnL": 0.03540717538165058,
                    "Total_PnL": 0.002801949560076636,
                    "delta_t": -0.5197556335160289,
                    "option_price_t": 119.1,
                    "underlying_price_t": 4109.31
                }
            },
            "sv_2023-02-09_2023-04-28": {
                "call": {
                    "start_date": "2023-02-09",
                    "strike": 4100.0,
                    "maturity": "2023-04-28",
                    "units": -0.0010646614005156213,
                    "gamma": 0.0009957966334261542,
                    "vega": 752.7118887141663,
                    "tau": 0.2136986301369863,
                    "delta_t_1": 0.4706963723121927,
                    "option_price_t_1": 74.86,
                    "underlying_t_1": 4050.83,
                    "Option_PnL": -0.028405166165756782,
                    "Delta_PnL": -0.029306214504186964,
                    "Total_PnL": 0.0009010483384301812,
                    "delta_t": 0.5288298012849768,
                    "option_price_t": 101.54,
                    "underlying_price_t": 4109.31
                },
                "put": {
                    "start_date": "2023-02-09",
                    "strike": 4100.0,
                    "maturity": "2023-04-28",
                    "units": -0.0010646614005156213,
                    "gamma": 0.0009957966334261542,
                    "vega": 752.7118887141663,
                    "tau": 0.2136986301369863,
                    "delta_t_1": -0.5293036276878074,
                    "option_price_t_1": 124.03,
                    "underlying_t_1": 4050.83,
                    "Option_PnL": 0.03385623253639675,
                    "Delta_PnL": 0.03295518419796707,
                    "Total_PnL": 0.0009010483384296816,
                    "delta_t": -0.4711701987150232,
                    "option_price_t": 92.23,
                    "underlying_price_t": 4109.31
                }
            },
            "sv_2023-02-10_2023-04-28": {
                "call": {
                    "start_date": "2023-02-10",
                    "strike": 4100.0,
                    "maturity": "2023-04-28",
                    "units": -0.0010718604441399362,
                    "gamma": 0.001025640792607014,
                    "vega": 749.3176913185073,
                    "tau": 0.21095890410958903,
                    "delta_t_1": 0.4702546323471743,
                    "option_price_t_1": 74.86,
                    "underlying_t_1": 4050.83,
                    "Option_PnL": -0.028597236649653506,
                    "Delta_PnL": -0.02947668838977903,
                    "Total_PnL": 0.0008794517401255232,
                    "delta_t": 0.5287627169329994,
                    "option_price_t": 101.54,
                    "underlying_price_t": 4109.31
                },
                "put": {
                    "start_date": "2023-02-10",
                    "strike": 4100.0,
                    "maturity": "2023-04-28",
                    "units": -0.0010718604441399362,
                    "gamma": 0.001025640792607014,
                    "vega": 749.3176913185073,
                    "tau": 0.21095890410958903,
                    "delta_t_1": -0.5297453676528256,
                    "option_price_t_1": 124.03,
                    "underlying_t_1": 4050.83,
                    "Option_PnL": 0.03408516212364997,
                    "Delta_PnL": 0.03320571038352494,
                    "Total_PnL": 0.0008794517401250271,
                    "delta_t": -0.47123728306700063,
                    "option_price_t": 92.23,
                    "underlying_price_t": 4109.31
                }
            },
            "sv_2023-02-13_2023-04-28": {
                "call": {
                    "start_date": "2023-02-13",
                    "strike": 4100.0,
                    "maturity": "2023-04-28",
                    "units": -0.0010936705632446347,
                    "gamma": 0.001042488184068085,
                    "vega": 735.4445819524359,
                    "tau": 0.20273972602739726,
                    "delta_t_1": 0.4688865368369213,
                    "option_price_t_1": 74.86,
                    "underlying_t_1": 4050.83,
                    "Option_PnL": -0.02917913062736686,
                    "Delta_PnL": -0.029988976918098757,
                    "Total_PnL": 0.0008098462907318964,
                    "delta_t": 0.528563600332951,
                    "option_price_t": 101.54,
                    "underlying_price_t": 4109.31
                },
                "put": {
                    "start_date": "2023-02-13",
                    "strike": 4100.0,
                    "maturity": "2023-04-28",
                    "units": -0.0010936705632446347,
                    "gamma": 0.001042488184068085,
                    "vega": 735.4445819524359,
                    "tau": 0.20273972602739726,
                    "delta_t_1": -0.5311134631630787,
                    "option_price_t_1": 124.03,
                    "underlying_t_1": 4050.83,
                    "Option_PnL": 0.03477872391117938,
                    "Delta_PnL": 0.033968877620448,
                    "Total_PnL": 0.0008098462907313794,
                    "delta_t": -0.471436399667049,
                    "option_price_t": 92.23,
                    "underlying_price_t": 4109.31
                }
            },
            "sv_2023-02-14_2023-04-28": {
                "call": {
                    "start_date": "2023-02-14",
                    "strike": 4150.0,
                    "maturity": "2023-04-28",
                    "units": -0.00109094463992268,
                    "gamma": 0.001063339688788734,
                    "vega": 737.9106226881026,
                    "tau": 0.2,
                    "delta_t_1": 0.41813556075769465,
                    "option_price_t_1": 56.36,
                    "underlying_t_1": 4050.83,
                    "Option_PnL": -0.024055329310295092,
                    "Delta_PnL": -0.02667639754805058,
                    "Total_PnL": 0.0026210682377554896,
                    "delta_t": 0.4778861009167815,
                    "option_price_t": 78.41,
                    "underlying_price_t": 4109.31
                },
                "put": {
                    "start_date": "2023-02-14",
                    "strike": 4150.0,
                    "maturity": "2023-04-28",
                    "units": -0.00109094463992268,
                    "gamma": 0.001063339688788734,
                    "vega": 737.9106226881026,
                    "tau": 0.2,
                    "delta_t_1": -0.5818644392423054,
                    "option_price_t_1": 155.53,
                    "underlying_t_1": 4050.83,
                    "Option_PnL": 0.03974311323238324,
                    "Delta_PnL": 0.03712204499462826,
                    "Total_PnL": 0.0026210682377549796,
                    "delta_t": -0.5221138990832185,
                    "option_price_t": 119.1,
                    "underlying_price_t": 4109.31
                }
            },
            "sv_2023-02-15_2023-04-28": {
                "call": {
                    "start_date": "2023-02-15",
                    "strike": 4150.0,
                    "maturity": "2023-04-28",
                    "units": -0.0010969756764189933,
                    "gamma": 0.0010731639231777491,
                    "vega": 734.35801905153,
                    "tau": 0.19726027397260273,
                    "delta_t_1": 0.4173209904648828,
                    "option_price_t_1": 56.36,
                    "underlying_t_1": 4050.83,
                    "Option_PnL": -0.0241883136650388,
                    "Delta_PnL": -0.02677161626472919,
                    "Total_PnL": 0.0025833025996903902,
                    "delta_t": 0.47747093709103616,
                    "option_price_t": 78.41,
                    "underlying_price_t": 4109.31
                },
                "put": {
                    "start_date": "2023-02-15",
                    "strike": 4150.0,
                    "maturity": "2023-04-28",
                    "units": -0.0010969756764189933,
                    "gamma": 0.0010731639231777491,
                    "vega": 734.35801905153,
                    "tau": 0.19726027397260273,
                    "delta_t_1": -0.5826790095351172,
                    "option_price_t_1": 155.53,
                    "underlying_t_1": 4050.83,
                    "Option_PnL": 0.03996282389194394,
                    "Delta_PnL": 0.03737952129225406,
                    "Total_PnL": 0.0025833025996898767,
                    "delta_t": -0.5225290629089638,
                    "option_price_t": 119.1,
                    "underlying_price_t": 4109.31
                }
            },
            "sv_2023-02-16_2023-04-28": {
                "call": {
                    "start_date": "2023-02-16",
                    "strike": 4150.0,
                    "maturity": "2023-04-28",
                    "units": -0.0011249981990118852,
                    "gamma": 0.0010570206768563157,
                    "vega": 715.2227695366594,
                    "tau": 0.19452054794520549,
                    "delta_t_1": 0.4164914335172183,
                    "option_price_t_1": 56.36,
                    "underlying_t_1": 4050.83,
                    "Option_PnL": -0.024806210288212064,
                    "Delta_PnL": -0.02740092754547682,
                    "Total_PnL": 0.0025947172572647545,
                    "delta_t": 0.4770488985310706,
                    "option_price_t": 78.41,
                    "underlying_price_t": 4109.31
                },
                "put": {
                    "start_date": "2023-02-16",
                    "strike": 4150.0,
                    "maturity": "2023-04-28",
                    "units": -0.0011249981990118852,
                    "gamma": 0.0010570206768563157,
                    "vega": 715.2227695366594,
                    "tau": 0.19452054794520549,
                    "delta_t_1": -0.5835085664827817,
                    "option_price_t_1": 155.53,
                    "underlying_t_1": 4050.83,
                    "Option_PnL": 0.04098368439000299,
                    "Delta_PnL": 0.03838896713273876,
                    "Total_PnL": 0.002594717257264227,
                    "delta_t": -0.5229511014689294,
                    "option_price_t": 119.1,
                    "underlying_price_t": 4109.31
                }
            },
            "sv_2023-02-17_2023-04-28": {
                "call": {
                    "start_date": "2023-02-17",
                    "strike": 4100.0,
                    "maturity": "2023-04-28",
                    "units": -0.00113219677712454,
                    "gamma": 0.0010973432364154297,
                    "vega": 712.5909212793119,
                    "tau": 0.1917808219178082,
                    "delta_t_1": 0.4669534451156658,
                    "option_price_t_1": 74.86,
                    "underlying_t_1": 4050.83,
                    "Option_PnL": -0.03020701001368274,
                    "Delta_PnL": -0.030917392695476425,
                    "Total_PnL": 0.0007103826817936865,
                    "delta_t": 0.5283040218262823,
                    "option_price_t": 101.54,
                    "underlying_price_t": 4109.31
                },
                "put": {
                    "start_date": "2023-02-17",
                    "strike": 4100.0,
                    "maturity": "2023-04-28",
                    "units": -0.00113219677712454,
                    "gamma": 0.0010973432364154297,
                    "vega": 712.5909212793119,
                    "tau": 0.1917808219178082,
                    "delta_t_1": -0.5330465548843342,
                    "option_price_t_1": 124.03,
                    "underlying_t_1": 4050.83,
                    "Option_PnL": 0.03600385751256037,
                    "Delta_PnL": 0.03529347483076721,
                    "Total_PnL": 0.0007103826817931591,
                    "delta_t": -0.47169597817371767,
                    "option_price_t": 92.23,
                    "underlying_price_t": 4109.31
                }
            },
            "sv_2023-02-21_2023-05-19": {
                "call": {
                    "start_date": "2023-02-21",
                    "strike": 4100.0,
                    "maturity": "2023-05-19",
                    "units": -0.0010602629873553851,
                    "gamma": 0.0009793440634234512,
                    "vega": 762.5043557007514,
                    "tau": 0.23835616438356164,
                    "delta_t_1": 0.4743891675697114,
                    "option_price_t_1": 104.89,
                    "underlying_t_1": 4050.83,
                    "Option_PnL": -0.029560132087468147,
                    "Delta_PnL": -0.029414111099105758,
                    "Total_PnL": -0.00014602098836238864,
                    "delta_t": 0.5294457443814017,
                    "option_price_t": 132.77,
                    "underlying_price_t": 4109.31
                },
                "put": {
                    "start_date": "2023-02-21",
                    "strike": 4100.0,
                    "maturity": "2023-05-19",
                    "units": -0.0010602629873553851,
                    "gamma": 0.0009793440634234512,
                    "vega": 762.5043557007514,
                    "tau": 0.23835616438356164,
                    "delta_t_1": -0.5256108324302886,
                    "option_price_t_1": 154.06,
                    "underlying_t_1": 4050.83,
                    "Option_PnL": 0.03244404741307479,
                    "Delta_PnL": 0.03259006840143767,
                    "Total_PnL": -0.00014602098836287436,
                    "delta_t": -0.4705542556185983,
                    "option_price_t": 123.46,
                    "underlying_price_t": 4109.31
                }
            },
            "sv_2023-02-22_2023-05-19": {
                "call": {
                    "start_date": "2023-02-22",
                    "strike": 4000.0,
                    "maturity": "2023-05-19",
                    "units": -0.0010475623421661356,
                    "gamma": 0.0010065594742075755,
                    "vega": 772.5754275754297,
                    "tau": 0.2356164383561644,
                    "delta_t_1": 0.5690351415522756,
                    "option_price_t_1": 153.44,
                    "underlying_t_1": 4050.83,
                    "Option_PnL": -0.03682181632713968,
                    "Delta_PnL": -0.03485991546535851,
                    "Total_PnL": -0.00196190086178117,
                    "delta_t": 0.6224706785905916,
                    "option_price_t": 188.59,
                    "underlying_price_t": 4109.31
                },
                "put": {
                    "start_date": "2023-02-22",
                    "strike": 4000.0,
                    "maturity": "2023-05-19",
                    "units": -0.0010475623421661356,
                    "gamma": 0.0010065594742075755,
                    "vega": 772.5754275754297,
                    "tau": 0.2356164383561644,
                    "delta_t_1": -0.43096485844772436,
                    "option_price_t_1": 102.61,
                    "underlying_t_1": 4050.83,
                    "Option_PnL": 0.024439629442735943,
                    "Delta_PnL": 0.026401530304517598,
                    "Total_PnL": -0.0019619008617816555,
                    "delta_t": -0.3775293214094084,
                    "option_price_t": 79.28,
                    "underlying_price_t": 4109.31
                }
            },
            "sv_2023-02-23_2023-05-19": {
                "call": {
                    "start_date": "2023-02-23",
                    "strike": 4000.0,
                    "maturity": "2023-05-19",
                    "units": -0.0010517918802211113,
                    "gamma": 0.0010064802961507503,
                    "vega": 769.9503093370787,
                    "tau": 0.2328767123287671,
                    "delta_t_1": 0.5691986795959907,
                    "option_price_t_1": 153.44,
                    "underlying_t_1": 4050.83,
                    "Option_PnL": -0.03697048458977207,
                    "Delta_PnL": -0.03501072157076265,
                    "Total_PnL": -0.0019597630190094223,
                    "delta_t": 0.6229356045466736,
                    "option_price_t": 188.59,
                    "underlying_price_t": 4109.31
                },
                "put": {
                    "start_date": "2023-02-23",
                    "strike": 4000.0,
                    "maturity": "2023-05-19",
                    "units": -0.0010517918802211113,
                    "gamma": 0.0010064802961507503,
                    "vega": 769.9503093370787,
                    "tau": 0.2328767123287671,
                    "delta_t_1": -0.4308013204040093,
                    "option_price_t_1": 102.61,
                    "underlying_t_1": 4050.83,
                    "Option_PnL": 0.024538304565558524,
                    "Delta_PnL": 0.026498067584568442,
                    "Total_PnL": -0.0019597630190099184,
                    "delta_t": -0.3770643954533264,
                    "option_price_t": 79.28,
                    "underlying_price_t": 4109.31
                }
            },
            "sv_2023-02-24_2023-05-19": {
                "call": {
                    "start_date": "2023-02-24",
                    "strike": 4000.0,
                    "maturity": "2023-05-19",
                    "units": -0.001067472583658526,
                    "gamma": 0.001030489010413036,
                    "vega": 759.491869590787,
                    "tau": 0.23013698630136986,
                    "delta_t_1": 0.5693665252439047,
                    "option_price_t_1": 153.44,
                    "underlying_t_1": 4050.83,
                    "Option_PnL": -0.0375216613155972,
                    "Delta_PnL": -0.0355431589483064,
                    "Total_PnL": -0.001978502367290802,
                    "delta_t": 0.6234099909772977,
                    "option_price_t": 188.59,
                    "underlying_price_t": 4109.31
                },
                "put": {
                    "start_date": "2023-02-24",
                    "strike": 4000.0,
                    "maturity": "2023-05-19",
                    "units": -0.001067472583658526,
                    "gamma": 0.001030489010413036,
                    "vega": 759.491869590787,
                    "tau": 0.23013698630136986,
                    "delta_t_1": -0.43063347475609526,
                    "option_price_t_1": 102.61,
                    "underlying_t_1": 4050.83,
                    "Option_PnL": 0.02490413537675341,
                    "Delta_PnL": 0.02688263774404472,
                    "Total_PnL": -0.0019785023672913085,
                    "delta_t": -0.37659000902270234,
                    "option_price_t": 79.28,
                    "underlying_price_t": 4109.31
                }
            },
            "sv_2023-02-27_2023-05-19": {
                "call": {
                    "start_date": "2023-02-27",
                    "strike": 3950.0,
                    "maturity": "2023-05-19",
                    "units": -0.0010960312954198378,
                    "gamma": 0.001037719198273692,
                    "vega": 741.8298482208786,
                    "tau": 0.2219178082191781,
                    "delta_t_1": 0.6185343062473119,
                    "option_price_t_1": 182.42,
                    "underlying_t_1": 4050.83,
                    "Option_PnL": -0.04238353019388515,
                    "Delta_PnL": -0.0396455193217259,
                    "Total_PnL": -0.0027380108721592467,
                    "delta_t": 0.671271584473975,
                    "option_price_t": 221.09,
                    "underlying_price_t": 4109.31
                },
                "put": {
                    "start_date": "2023-02-27",
                    "strike": 3950.0,
                    "maturity": "2023-05-19",
                    "units": -0.0010960312954198378,
                    "gamma": 0.001037719198273692,
                    "vega": 741.8298482208786,
                    "tau": 0.2219178082191781,
                    "delta_t_1": -0.38146569375268813,
                    "option_price_t_1": 81.59,
                    "underlying_t_1": 4050.83,
                    "Option_PnL": 0.02171237996226699,
                    "Delta_PnL": 0.024450390834426735,
                    "Total_PnL": -0.0027380108721597463,
                    "delta_t": -0.32872841552602505,
                    "option_price_t": 61.78,
                    "underlying_price_t": 4109.31
                }
            },
            "sv_2023-02-28_2023-05-19": {
                "call": {
                    "start_date": "2023-02-28",
                    "strike": 4000.0,
                    "maturity": "2023-05-19",
                    "units": -0.0010983833287256301,
                    "gamma": 0.0010572893230760038,
                    "vega": 741.1430723937467,
                    "tau": 0.2191780821917808,
                    "delta_t_1": 0.5700838186437469,
                    "option_price_t_1": 153.44,
                    "underlying_t_1": 4050.83,
                    "Option_PnL": -0.038608174004705904,
                    "Delta_PnL": -0.03661845448766323,
                    "Total_PnL": -0.0019897195170426735,
                    "delta_t": 0.6254080360813208,
                    "option_price_t": 188.59,
                    "underlying_price_t": 4109.31
                },
                "put": {
                    "start_date": "2023-02-28",
                    "strike": 4000.0,
                    "maturity": "2023-05-19",
                    "units": -0.0010983833287256301,
                    "gamma": 0.0010572893230760038,
                    "vega": 741.1430723937467,
                    "tau": 0.2191780821917808,
                    "delta_t_1": -0.4299161813562531,
                    "option_price_t_1": 102.61,
                    "underlying_t_1": 4050.83,
                    "Option_PnL": 0.02562528305916895,
                    "Delta_PnL": 0.02761500257621214,
                    "Total_PnL": -0.0019897195170431904,
                    "delta_t": -0.3745919639186792,
                    "option_price_t": 79.28,
                    "underlying_price_t": 4109.31
                }
            },
            "sv_2023-03-01_2023-05-19": {
                "call": {
                    "start_date": "2023-03-01",
                    "strike": 3950.0,
                    "maturity": "2023-05-19",
                    "units": -0.001112407388283498,
                    "gamma": 0.0010658024312962362,
                    "vega": 732.4226901433753,
                    "tau": 0.21643835616438356,
                    "delta_t_1": 0.6195027648837452,
                    "option_price_t_1": 182.42,
                    "underlying_t_1": 4050.83,
                    "Option_PnL": -0.04301679370492288,
                    "Delta_PnL": -0.04030087519499183,
                    "Total_PnL": -0.0027159185099310534,
                    "delta_t": 0.6728323752532772,
                    "option_price_t": 221.09,
                    "underlying_price_t": 4109.31
                },
                "put": {
                    "start_date": "2023-03-01",
                    "strike": 3950.0,
                    "maturity": "2023-05-19",
                    "units": -0.001112407388283498,
                    "gamma": 0.0010658024312962362,
                    "vega": 732.4226901433753,
                    "tau": 0.21643835616438356,
                    "delta_t_1": -0.3804972351162548,
                    "option_price_t_1": 81.59,
                    "underlying_t_1": 4050.83,
                    "Option_PnL": 0.022036790361896097,
                    "Delta_PnL": 0.02475270887182766,
                    "Total_PnL": -0.0027159185099315634,
                    "delta_t": -0.3271676247467228,
                    "option_price_t": 61.78,
                    "underlying_price_t": 4109.31
                }
            },
            "sv_2023-03-02_2023-05-19": {
                "call": {
                    "start_date": "2023-03-02",
                    "strike": 3950.0,
                    "maturity": "2023-05-19",
                    "units": -0.0011223984078945395,
                    "gamma": 0.0010842666925161366,
                    "vega": 727.8671389119224,
                    "tau": 0.2136986301369863,
                    "delta_t_1": 0.6200028911763618,
                    "option_price_t_1": 182.42,
                    "underlying_t_1": 4050.83,
                    "Option_PnL": -0.04340314643328186,
                    "Delta_PnL": -0.040695662284703456,
                    "Total_PnL": -0.0027074841485784026,
                    "delta_t": 0.6736361793312259,
                    "option_price_t": 221.09,
                    "underlying_price_t": 4109.31
                },
                "put": {
                    "start_date": "2023-03-02",
                    "strike": 3950.0,
                    "maturity": "2023-05-19",
                    "units": -0.0011223984078945395,
                    "gamma": 0.0010842666925161366,
                    "vega": 727.8671389119224,
                    "tau": 0.2136986301369863,
                    "delta_t_1": -0.37999710882363824,
                    "option_price_t_1": 81.59,
                    "underlying_t_1": 4050.83,
                    "Option_PnL": 0.02223471246039083,
                    "Delta_PnL": 0.024942196608969746,
                    "Total_PnL": -0.002707484148578916,
                    "delta_t": -0.3263638206687741,
                    "option_price_t": 61.78,
                    "underlying_price_t": 4109.31
                }
            },
            "sv_2023-03-03_2023-05-19": {
                "call": {
                    "start_date": "2023-03-03",
                    "strike": 4000.0,
                    "maturity": "2023-05-19",
                    "units": -0.001113030982510086,
                    "gamma": 0.001045472494606767,
                    "vega": 730.8544955364597,
                    "tau": 0.21095890410958903,
                    "delta_t_1": 0.5706743746648737,
                    "option_price_t_1": 153.44,
                    "underlying_t_1": 4050.83,
                    "Option_PnL": -0.039123039035229526,
                    "Delta_PnL": -0.037145224640506305,
                    "Total_PnL": -0.0019778143947232207,
                    "delta_t": 0.6270211723708434,
                    "option_price_t": 188.59,
                    "underlying_price_t": 4109.31
                },
                "put": {
                    "start_date": "2023-03-03",
                    "strike": 4000.0,
                    "maturity": "2023-05-19",
                    "units": -0.001113030982510086,
                    "gamma": 0.001045472494606767,
                    "vega": 730.8544955364597,
                    "tau": 0.21095890410958903,
                    "delta_t_1": -0.4293256253351263,
                    "option_price_t_1": 102.61,
                    "underlying_t_1": 4050.83,
                    "Option_PnL": 0.025967012821960303,
                    "Delta_PnL": 0.027944827216684048,
                    "Total_PnL": -0.0019778143947237446,
                    "delta_t": -0.3729788276291566,
                    "option_price_t": 79.28,
                    "underlying_price_t": 4109.31
                }
            },
            "sv_2023-03-06_2023-05-19": {
                "call": {
                    "start_date": "2023-03-06",
                    "strike": 4050.0,
                    "maturity": "2023-05-19",
                    "units": -0.0011273465019764576,
                    "gamma": 0.0011287204799282293,
                    "vega": 726.6617397020293,
                    "tau": 0.20273972602739726,
                    "delta_t_1": 0.5199514311257605,
                    "option_price_t_1": 127.61,
                    "underlying_t_1": 4050.83,
                    "Option_PnL": -0.03553396174229794,
                    "Delta_PnL": -0.034278954175479555,
                    "Total_PnL": -0.0012550075668183863,
                    "delta_t": 0.578986210041449,
                    "option_price_t": 159.13,
                    "underlying_price_t": 4109.31
                },
                "put": {
                    "start_date": "2023-03-06",
                    "strike": 4050.0,
                    "maturity": "2023-05-19",
                    "units": -0.0011273465019764576,
                    "gamma": 0.0011287204799282293,
                    "vega": 726.6617397020293,
                    "tau": 0.20273972602739726,
                    "delta_t_1": -0.4800485688742395,
                    "option_price_t_1": 126.78,
                    "underlying_t_1": 4050.83,
                    "Option_PnL": 0.030393261693285305,
                    "Delta_PnL": 0.031648269260104216,
                    "Total_PnL": -0.0012550075668189102,
                    "delta_t": -0.421013789958551,
                    "option_price_t": 99.82,
                    "underlying_price_t": 4109.31
                }
            },
            "sv_2023-03-07_2023-05-19": {
                "call": {
                    "start_date": "2023-03-07",
                    "strike": 4050.0,
                    "maturity": "2023-05-19",
                    "units": -0.001162423058152961,
                    "gamma": 0.001126696743049381,
                    "vega": 704.6768803899713,
                    "tau": 0.2,
                    "delta_t_1": 0.5198278751945067,
                    "option_price_t_1": 127.61,
                    "underlying_t_1": 4050.83,
                    "Option_PnL": -0.03663957479298133,
                    "Delta_PnL": -0.03533711944304247,
                    "Total_PnL": -0.0013024553499388566,
                    "delta_t": 0.5792624895042371,
                    "option_price_t": 159.13,
                    "underlying_price_t": 4109.31
                },
                "put": {
                    "start_date": "2023-03-07",
                    "strike": 4050.0,
                    "maturity": "2023-05-19",
                    "units": -0.001162423058152961,
                    "gamma": 0.001126696743049381,
                    "vega": 704.6768803899713,
                    "tau": 0.2,
                    "delta_t_1": -0.4801721248054933,
                    "option_price_t_1": 126.78,
                    "underlying_t_1": 4050.83,
                    "Option_PnL": 0.03133892564780384,
                    "Delta_PnL": 0.03264138099774324,
                    "Total_PnL": -0.0013024553499393979,
                    "delta_t": -0.4207375104957629,
                    "option_price_t": 99.82,
                    "underlying_price_t": 4109.31
                }
            },
            "sv_2023-03-08_2023-05-19": {
                "call": {
                    "start_date": "2023-03-08",
                    "strike": 4000.0,
                    "maturity": "2023-05-19",
                    "units": -0.001159653232316576,
                    "gamma": 0.0011427522680107452,
                    "vega": 707.175376111955,
                    "tau": 0.19726027397260273,
                    "delta_t_1": 0.5717733035920373,
                    "option_price_t_1": 153.44,
                    "underlying_t_1": 4050.83,
                    "Option_PnL": -0.04076181111592765,
                    "Delta_PnL": -0.038775676265082784,
                    "Total_PnL": -0.0019861348508448673,
                    "delta_t": 0.6299579452635713,
                    "option_price_t": 188.59,
                    "underlying_price_t": 4109.31
                },
                "put": {
                    "start_date": "2023-03-08",
                    "strike": 4000.0,
                    "maturity": "2023-05-19",
                    "units": -0.001159653232316576,
                    "gamma": 0.0011427522680107452,
                    "vega": 707.175376111955,
                    "tau": 0.19726027397260273,
                    "delta_t_1": -0.42822669640796274,
                    "option_price_t_1": 102.61,
                    "underlying_t_1": 4050.83,
                    "Option_PnL": 0.027054709909945716,
                    "Delta_PnL": 0.02904084476079113,
                    "Total_PnL": -0.0019861348508454155,
                    "delta_t": -0.3700420547364287,
                    "option_price_t": 79.28,
                    "underlying_price_t": 4109.31
                }
            },
            "sv_2023-03-09_2023-05-19": {
                "call": {
                    "start_date": "2023-03-09",
                    "strike": 4000.0,
                    "maturity": "2023-05-19",
                    "units": -0.001203449400592747,
                    "gamma": 0.0011038316539982687,
                    "vega": 678.1030389722147,
                    "tau": 0.19452054794520549,
                    "delta_t_1": 0.5720121853325426,
                    "option_price_t_1": 153.44,
                    "underlying_t_1": 4050.83,
                    "Option_PnL": -0.04230124643083506,
                    "Delta_PnL": -0.04025691395742537,
                    "Total_PnL": -0.0020443324734096893,
                    "delta_t": 0.630586423290283,
                    "option_price_t": 188.59,
                    "underlying_price_t": 4109.31
                },
                "put": {
                    "start_date": "2023-03-09",
                    "strike": 4000.0,
                    "maturity": "2023-05-19",
                    "units": -0.001203449400592747,
                    "gamma": 0.0011038316539982687,
                    "vega": 678.1030389722147,
                    "tau": 0.19452054794520549,
                    "delta_t_1": -0.4279878146674574,
                    "option_price_t_1": 102.61,
                    "underlying_t_1": 4050.83,
                    "Option_PnL": 0.028076474515828787,
                    "Delta_PnL": 0.030120806989239045,
                    "Total_PnL": -0.0020443324734102583,
                    "delta_t": -0.369413576709717,
                    "option_price_t": 79.28,
                    "underlying_price_t": 4109.31
                }
            },
            "sv_2023-03-10_2023-05-19": {
                "call": {
                    "start_date": "2023-03-10",
                    "strike": 3900.0,
                    "maturity": "2023-05-19",
                    "units": -0.0012093045700568247,
                    "gamma": 0.001140282094708455,
                    "vega": 673.2588517643939,
                    "tau": 0.1917808219178082,
                    "delta_t_1": 0.6750470474972522,
                    "option_price_t_1": 214.47,
                    "underlying_t_1": 4050.83,
                    "Option_PnL": -0.05080288498808723,
                    "Delta_PnL": -0.04773941580360447,
                    "Total_PnL": -0.0030634691844827616,
                    "delta_t": 0.7277106946198668,
                    "option_price_t": 256.48,
                    "underlying_price_t": 4109.31
                },
                "put": {
                    "start_date": "2023-03-10",
                    "strike": 3900.0,
                    "maturity": "2023-05-19",
                    "units": -0.0012093045700568247,
                    "gamma": 0.001140282094708455,
                    "vega": 673.2588517643939,
                    "tau": 0.1917808219178082,
                    "delta_t_1": -0.3249529525027478,
                    "option_price_t_1": 63.64,
                    "underlying_t_1": 4050.83,
                    "Option_PnL": 0.0199172462688359,
                    "Delta_PnL": 0.02298071545331921,
                    "Total_PnL": -0.00306346918448331,
                    "delta_t": -0.2722893053801332,
                    "option_price_t": 47.17,
                    "underlying_price_t": 4109.31
                }
            },
            "sv_2023-03-13_2023-05-19": {
                "call": {
                    "start_date": "2023-03-13",
                    "strike": 3850.0,
                    "maturity": "2023-05-19",
                    "units": -0.001242967788441457,
                    "gamma": 0.0011701729135428266,
                    "vega": 657.811178086514,
                    "tau": 0.18356164383561643,
                    "delta_t_1": 0.726904628536408,
                    "option_price_t_1": 249.46,
                    "underlying_t_1": 4050.83,
                    "Option_PnL": -0.056045417580825305,
                    "Delta_PnL": -0.052837793373805474,
                    "Total_PnL": -0.003207624207019831,
                    "delta_t": 0.7758760891891294,
                    "option_price_t": 294.55,
                    "underlying_price_t": 4109.31
                },
                "put": {
                    "start_date": "2023-03-13",
                    "strike": 3850.0,
                    "maturity": "2023-05-19",
                    "units": -0.001242967788441457,
                    "gamma": 0.0011701729135428266,
                    "vega": 657.811178086514,
                    "tau": 0.18356164383561643,
                    "delta_t_1": -0.273095371463592,
                    "option_price_t_1": 48.63,
                    "underlying_t_1": 4050.83,
                    "Option_PnL": 0.01664333868723111,
                    "Delta_PnL": 0.019850962894251527,
                    "Total_PnL": -0.0032076242070204174,
                    "delta_t": -0.22412391081087057,
                    "option_price_t": 35.24,
                    "underlying_price_t": 4109.31
                }
            },
            "sv_2023-03-14_2023-05-19": {
                "call": {
                    "start_date": "2023-03-14",
                    "strike": 3850.0,
                    "maturity": "2023-05-19",
                    "units": -0.0012674134114874812,
                    "gamma": 0.001103868621130672,
                    "vega": 645.3729143752997,
                    "tau": 0.18082191780821918,
                    "delta_t_1": 0.7281897811988629,
                    "option_price_t_1": 249.46,
                    "underlying_t_1": 4050.83,
                    "Option_PnL": -0.057147670723970534,
                    "Delta_PnL": -0.05397221509587949,
                    "Total_PnL": -0.003175455628091045,
                    "delta_t": 0.7773801195431838,
                    "option_price_t": 294.55,
                    "underlying_price_t": 4109.31
                },
                "put": {
                    "start_date": "2023-03-14",
                    "strike": 3850.0,
                    "maturity": "2023-05-19",
                    "units": -0.0012674134114874812,
                    "gamma": 0.001103868621130672,
                    "vega": 645.3729143752997,
                    "tau": 0.18082191780821918,
                    "delta_t_1": -0.2718102188011371,
                    "option_price_t_1": 48.63,
                    "underlying_t_1": 4050.83,
                    "Option_PnL": 0.016970665579817374,
                    "Delta_PnL": 0.020146121207909016,
                    "Total_PnL": -0.003175455628091642,
                    "delta_t": -0.22261988045681624,
                    "option_price_t": 35.24,
                    "underlying_price_t": 4109.31
                }
            },
            "sv_2023-03-15_2023-05-19": {
                "call": {
                    "start_date": "2023-03-15",
                    "strike": 3900.0,
                    "maturity": "2023-05-19",
                    "units": -0.0012524205026246279,
                    "gamma": 0.001184898657671764,
                    "vega": 655.0952660554306,
                    "tau": 0.1780821917808219,
                    "delta_t_1": 0.6799554403737719,
                    "option_price_t_1": 214.47,
                    "underlying_t_1": 4050.83,
                    "Option_PnL": -0.05261418531526064,
                    "Delta_PnL": -0.04980099105943577,
                    "Total_PnL": -0.0028131942558248663,
                    "delta_t": 0.7341165041263965,
                    "option_price_t": 256.48,
                    "underlying_price_t": 4109.31
                },
                "put": {
                    "start_date": "2023-03-15",
                    "strike": 3900.0,
                    "maturity": "2023-05-19",
                    "units": -0.0012524205026246279,
                    "gamma": 0.001184898657671764,
                    "vega": 655.0952660554306,
                    "tau": 0.1780821917808219,
                    "delta_t_1": -0.32004455962622813,
                    "option_price_t_1": 63.64,
                    "underlying_t_1": 4050.83,
                    "Option_PnL": 0.020627365678227618,
                    "Delta_PnL": 0.023440559934053067,
                    "Total_PnL": -0.002813194255825449,
                    "delta_t": -0.2658834958736035,
                    "option_price_t": 47.17,
                    "underlying_price_t": 4109.31
                }
            },
            "sv_2023-03-16_2023-05-19": {
                "call": {
                    "start_date": "2023-03-16",
                    "strike": 3900.0,
                    "maturity": "2023-05-19",
                    "units": -0.001266936764397476,
                    "gamma": 0.0011158341941000362,
                    "vega": 646.0314377949514,
                    "tau": 0.17534246575342466,
                    "delta_t_1": 0.6810071694006293,
                    "option_price_t_1": 214.47,
                    "underlying_t_1": 4050.83,
                    "Option_PnL": -0.053224013472337996,
                    "Delta_PnL": -0.05045613579392293,
                    "Total_PnL": -0.002767877678415069,
                    "delta_t": 0.7354821889162322,
                    "option_price_t": 256.48,
                    "underlying_price_t": 4109.31
                },
                "put": {
                    "start_date": "2023-03-16",
                    "strike": 3900.0,
                    "maturity": "2023-05-19",
                    "units": -0.001266936764397476,
                    "gamma": 0.0011158341941000362,
                    "vega": 646.0314377949514,
                    "tau": 0.17534246575342466,
                    "delta_t_1": -0.31899283059937067,
                    "option_price_t_1": 63.64,
                    "underlying_t_1": 4050.83,
                    "Option_PnL": 0.02086644850962643,
                    "Delta_PnL": 0.023634326188042076,
                    "Total_PnL": -0.002767877678415645,
                    "delta_t": -0.2645178110837678,
                    "option_price_t": 47.17,
                    "underlying_price_t": 4109.31
                }
            },
            "sv_2023-03-17_2023-05-19": {
                "call": {
                    "start_date": "2023-03-17",
                    "strike": 3950.0,
                    "maturity": "2023-05-19",
                    "units": -0.001263101453492699,
                    "gamma": 0.0011888765858914284,
                    "vega": 648.1227646430003,
                    "tau": 0.1726027397260274,
                    "delta_t_1": 0.6290713321418275,
                    "option_price_t_1": 182.42,
                    "underlying_t_1": 4050.83,
                    "Option_PnL": -0.048844133206562695,
                    "Delta_PnL": -0.04646709184948825,
                    "Total_PnL": -0.002377041357074443,
                    "delta_t": 0.6879783345109408,
                    "option_price_t": 221.09,
                    "underlying_price_t": 4109.31
                },
                "put": {
                    "start_date": "2023-03-17",
                    "strike": 3950.0,
                    "maturity": "2023-05-19",
                    "units": -0.001263101453492699,
                    "gamma": 0.0011888765858914284,
                    "vega": 648.1227646430003,
                    "tau": 0.1726027397260274,
                    "delta_t_1": -0.37092866785817247,
                    "option_price_t_1": 81.59,
                    "underlying_t_1": 4050.83,
                    "Option_PnL": 0.025022039793690373,
                    "Delta_PnL": 0.02739908115076539,
                    "Total_PnL": -0.0023770413570750153,
                    "delta_t": -0.3120216654890592,
                    "option_price_t": 61.78,
                    "underlying_price_t": 4109.31
                }
            },
            "sv_2023-03-20_2023-06-16": {
                "call": {
                    "start_date": "2023-03-20",
                    "strike": 3900.0,
                    "maturity": "2023-06-16",
                    "units": -0.0010777792477548146,
                    "gamma": 0.0009773923533955842,
                    "vega": 761.6115961030035,
                    "tau": 0.2410958904109589,
                    "delta_t_1": 0.661112734357207,
                    "option_price_t_1": 242.77,
                    "underlying_t_1": 4050.83,
                    "Option_PnL": -0.04332672575974356,
                    "Delta_PnL": -0.04166896408101339,
                    "Total_PnL": -0.00165776167873017,
                    "delta_t": 0.709223012902616,
                    "option_price_t": 282.97,
                    "underlying_price_t": 4109.31
                },
                "put": {
                    "start_date": "2023-03-20",
                    "strike": 3900.0,
                    "maturity": "2023-06-16",
                    "units": -0.0010777792477548146,
                    "gamma": 0.0009773923533955842,
                    "vega": 761.6115961030035,
                    "tau": 0.2410958904109589,
                    "delta_t_1": -0.33888726564279303,
                    "option_price_t_1": 91.94,
                    "underlying_t_1": 4050.83,
                    "Option_PnL": 0.019701804648958012,
                    "Delta_PnL": 0.021359566327688678,
                    "Total_PnL": -0.001657761678730666,
                    "delta_t": -0.290776987097384,
                    "option_price_t": 73.66,
                    "underlying_price_t": 4109.31
                }
            },
            "sv_2023-03-21_2023-06-16": {
                "call": {
                    "start_date": "2023-03-21",
                    "strike": 3950.0,
                    "maturity": "2023-06-16",
                    "units": -0.0010689044673254002,
                    "gamma": 0.0009497855738619657,
                    "vega": 767.0563091766749,
                    "tau": 0.23835616438356164,
                    "delta_t_1": 0.6158609497970892,
                    "option_price_t_1": 212.42,
                    "underlying_t_1": 4050.83,
                    "Option_PnL": -0.040019783256663014,
                    "Delta_PnL": -0.03849718051821882,
                    "Total_PnL": -0.0015226027384441926,
                    "delta_t": 0.6669321601842892,
                    "option_price_t": 249.86,
                    "underlying_price_t": 4109.31
                },
                "put": {
                    "start_date": "2023-03-21",
                    "strike": 3950.0,
                    "maturity": "2023-06-16",
                    "units": -0.0010689044673254002,
                    "gamma": 0.0009497855738619657,
                    "vega": 767.0563091766749,
                    "tau": 0.23835616438356164,
                    "delta_t_1": -0.38413905020291084,
                    "option_price_t_1": 111.59,
                    "underlying_t_1": 4050.83,
                    "Option_PnL": 0.02248974999252643,
                    "Delta_PnL": 0.024012352730971086,
                    "Total_PnL": -0.0015226027384446575,
                    "delta_t": -0.33306783981571075,
                    "option_price_t": 90.55,
                    "underlying_price_t": 4109.31
                }
            },
            "sv_2023-03-22_2023-06-16": {
                "call": {
                    "start_date": "2023-03-22",
                    "strike": 4000.0,
                    "maturity": "2023-06-16",
                    "units": -0.0010782542096399155,
                    "gamma": 0.0009784130190006633,
                    "vega": 758.3795352773161,
                    "tau": 0.2356164383561644,
                    "delta_t_1": 0.5690351415522756,
                    "option_price_t_1": 184.57,
                    "underlying_t_1": 4050.83,
                    "Option_PnL": -0.03729681311144468,
                    "Delta_PnL": -0.03588125411275356,
                    "Total_PnL": -0.0014155589986911202,
                    "delta_t": 0.6224706785905916,
                    "option_price_t": 219.16,
                    "underlying_price_t": 4109.31
                },
                "put": {
                    "start_date": "2023-03-22",
                    "strike": 4000.0,
                    "maturity": "2023-06-16",
                    "units": -0.0010782542096399155,
                    "gamma": 0.0009784130190006633,
                    "vega": 758.3795352773161,
                    "tau": 0.2356164383561644,
                    "delta_t_1": -0.43096485844772436,
                    "option_price_t_1": 133.74,
                    "underlying_t_1": 4050.83,
                    "Option_PnL": 0.025759493068297598,
                    "Delta_PnL": 0.02717505206698921,
                    "Total_PnL": -0.0014155589986916128,
                    "delta_t": -0.3775293214094084,
                    "option_price_t": 109.85,
                    "underlying_price_t": 4109.31
                }
            },
            "sv_2023-03-23_2023-06-16": {
                "call": {
                    "start_date": "2023-03-23",
                    "strike": 3950.0,
                    "maturity": "2023-06-16",
                    "units": -0.001079294758347358,
                    "gamma": 0.0009934954671887838,
                    "vega": 759.3420961720451,
                    "tau": 0.2328767123287671,
                    "delta_t_1": 0.6167157020185865,
                    "option_price_t_1": 212.42,
                    "underlying_t_1": 4050.83,
                    "Option_PnL": -0.04040879575252511,
                    "Delta_PnL": -0.03892534207739027,
                    "Total_PnL": -0.0014834536751348396,
                    "delta_t": 0.6683247441486893,
                    "option_price_t": 249.86,
                    "underlying_price_t": 4109.31
                },
                "put": {
                    "start_date": "2023-03-23",
                    "strike": 3950.0,
                    "maturity": "2023-06-16",
                    "units": -0.001079294758347358,
                    "gamma": 0.0009934954671887838,
                    "vega": 759.3420961720451,
                    "tau": 0.2328767123287671,
                    "delta_t_1": -0.3832842979814135,
                    "option_price_t_1": 111.59,
                    "underlying_t_1": 4050.83,
                    "Option_PnL": 0.022708361715628417,
                    "Delta_PnL": 0.02419181539076374,
                    "Total_PnL": -0.0014834536751353218,
                    "delta_t": -0.33167525585131075,
                    "option_price_t": 90.55,
                    "underlying_price_t": 4109.31
                }
            },
            "sv_2023-03-24_2023-06-16": {
                "call": {
                    "start_date": "2023-03-24",
                    "strike": 3950.0,
                    "maturity": "2023-06-16",
                    "units": -0.0010859010438367326,
                    "gamma": 0.0009912747879510858,
                    "vega": 755.9609364072736,
                    "tau": 0.23013698630136986,
                    "delta_t_1": 0.6171563060608479,
                    "option_price_t_1": 212.42,
                    "underlying_t_1": 4050.83,
                    "Option_PnL": -0.0406561350812473,
                    "Delta_PnL": -0.03919158118873204,
                    "Total_PnL": -0.0014645538925152565,
                    "delta_t": 0.6690406631166115,
                    "option_price_t": 249.86,
                    "underlying_price_t": 4109.31
                },
                "put": {
                    "start_date": "2023-03-24",
                    "strike": 3950.0,
                    "maturity": "2023-06-16",
                    "units": -0.0010859010438367326,
                    "gamma": 0.0009912747879510858,
                    "vega": 755.9609364072736,
                    "tau": 0.23013698630136986,
                    "delta_t_1": -0.3828436939391521,
                    "option_price_t_1": 111.59,
                    "underlying_t_1": 4050.83,
                    "Option_PnL": 0.02284735796232486,
                    "Delta_PnL": 0.024311911854840596,
                    "Total_PnL": -0.0014645538925157353,
                    "delta_t": -0.3309593368833885,
                    "option_price_t": 90.55,
                    "underlying_price_t": 4109.31
                }
            },
            "sv_2023-03-27_2023-06-16": {
                "call": {
                    "start_date": "2023-03-27",
                    "strike": 3950.0,
                    "maturity": "2023-06-16",
                    "units": -0.0011100590246826713,
                    "gamma": 0.0010063153050965917,
                    "vega": 742.1815219860355,
                    "tau": 0.2219178082191781,
                    "delta_t_1": 0.6185343062473119,
                    "option_price_t_1": 212.42,
                    "underlying_t_1": 4050.83,
                    "Option_PnL": -0.04156060988411924,
                    "Delta_PnL": -0.040152928748677146,
                    "Total_PnL": -0.001407681135442096,
                    "delta_t": 0.671271584473975,
                    "option_price_t": 249.86,
                    "underlying_price_t": 4109.31
                },
                "put": {
                    "start_date": "2023-03-27",
                    "strike": 3950.0,
                    "maturity": "2023-06-16",
                    "units": -0.0011100590246826713,
                    "gamma": 0.0010063153050965917,
                    "vega": 742.1815219860355,
                    "tau": 0.2219178082191781,
                    "delta_t_1": -0.38146569375268813,
                    "option_price_t_1": 111.59,
                    "underlying_t_1": 4050.83,
                    "Option_PnL": 0.023355641879323413,
                    "Delta_PnL": 0.024763323014766005,
                    "Total_PnL": -0.001407681135442592,
                    "delta_t": -0.32872841552602505,
                    "option_price_t": 90.55,
                    "underlying_price_t": 4109.31
                }
            },
            "sv_2023-03-28_2023-06-16": {
                "call": {
                    "start_date": "2023-03-28",
                    "strike": 4000.0,
                    "maturity": "2023-06-16",
                    "units": -0.0011145040542978985,
                    "gamma": 0.0010412163610418821,
                    "vega": 741.455956544214,
                    "tau": 0.2191780821917808,
                    "delta_t_1": 0.5700838186437469,
                    "option_price_t_1": 184.57,
                    "underlying_t_1": 4050.83,
                    "Option_PnL": -0.03855069523816431,
                    "Delta_PnL": -0.03715589532478984,
                    "Total_PnL": -0.0013947999133744685,
                    "delta_t": 0.6254080360813208,
                    "option_price_t": 219.16,
                    "underlying_price_t": 4109.31
                },
                "put": {
                    "start_date": "2023-03-28",
                    "strike": 4000.0,
                    "maturity": "2023-06-16",
                    "units": -0.0011145040542978985,
                    "gamma": 0.0010412163610418821,
                    "vega": 741.455956544214,
                    "tau": 0.2191780821917808,
                    "delta_t_1": -0.4299161813562531,
                    "option_price_t_1": 133.74,
                    "underlying_t_1": 4050.83,
                    "Option_PnL": 0.02662550185717681,
                    "Delta_PnL": 0.028020301770551787,
                    "Total_PnL": -0.001394799913374975,
                    "delta_t": -0.3745919639186792,
                    "option_price_t": 109.85,
                    "underlying_price_t": 4109.31
                }
            },
            "sv_2023-03-29_2023-06-16": {
                "call": {
                    "start_date": "2023-03-29",
                    "strike": 3950.0,
                    "maturity": "2023-06-16",
                    "units": -0.0011370876177729402,
                    "gamma": 0.0009741344533689134,
                    "vega": 725.0803002861737,
                    "tau": 0.21643835616438356,
                    "delta_t_1": 0.6195027648837452,
                    "option_price_t_1": 212.42,
                    "underlying_t_1": 4050.83,
                    "Option_PnL": -0.04257256040941891,
                    "Delta_PnL": -0.041195003424374176,
                    "Total_PnL": -0.0013775569850447353,
                    "delta_t": 0.6728323752532772,
                    "option_price_t": 249.86,
                    "underlying_price_t": 4109.31
                },
                "put": {
                    "start_date": "2023-03-29",
                    "strike": 3950.0,
                    "maturity": "2023-06-16",
                    "units": -0.0011370876177729402,
                    "gamma": 0.0009741344533689134,
                    "vega": 725.0803002861737,
                    "tau": 0.21643835616438356,
                    "delta_t_1": -0.3804972351162548,
                    "option_price_t_1": 111.59,
                    "underlying_t_1": 4050.83,
                    "Option_PnL": 0.02392432347794267,
                    "Delta_PnL": 0.025301880462987904,
                    "Total_PnL": -0.0013775569850452349,
                    "delta_t": -0.3271676247467228,
                    "option_price_t": 90.55,
                    "underlying_price_t": 4109.31
                }
            },
            "sv_2023-03-30_2023-06-16": {
                "call": {
                    "start_date": "2023-03-30",
                    "strike": 4050.0,
                    "maturity": "2023-06-16",
                    "units": -0.001106167005362329,
                    "gamma": 0.0010001570277281466,
                    "vega": 746.0784996049753,
                    "tau": 0.2136986301369863,
                    "delta_t_1": 0.5204382245208631,
                    "option_price_t_1": 159.26,
                    "underlying_t_1": 4027.81,
                    "delta_t": 0.5779507349967105,
                    "option_price_t": 190.94,
                    "underlying_price_t": 4109.31,
                    "Option_PnL": -0.03504337072987859,
                    "Delta_PnL": -0.04691886477198819,
                    "Total_PnL": 0.0118754940421096
                },
                "put": {
                    "start_date": "2023-03-30",
                    "strike": 4050.0,
                    "maturity": "2023-06-16",
                    "units": -0.001106167005362329,
                    "gamma": 0.0010001570277281466,
                    "vega": 746.0784996049753,
                    "tau": 0.2136986301369863,
                    "delta_t_1": -0.4795617754791369,
                    "option_price_t_1": 158.43,
                    "underlying_t_1": 4027.81,
                    "delta_t": -0.42204926500328954,
                    "option_price_t": 131.63,
                    "underlying_price_t": 4109.31,
                    "Option_PnL": 0.02964527574371043,
                    "Delta_PnL": 0.043233746165042115,
                    "Total_PnL": -0.013588470421331687
                }
            },
            "sv_2023-03-31_2023-06-16": {
                "call": {
                    "start_date": "2023-03-31",
                    "strike": 4050.0,
                    "maturity": "2023-06-16",
                    "units": -0.0011165230930607994,
                    "delta_t": 0.5781996294400742,
                    "gamma": 0.0009709615394481138,
                    "vega": 738.4580333924386,
                    "tau": 0.21095890410958903,
                    "option_price_t": 190.94,
                    "underlying_price_t": 4050.83
                },
                "put": {
                    "start_date": "2023-03-31",
                    "strike": 4050.0,
                    "maturity": "2023-06-16",
                    "units": -0.0011165230930607994,
                    "delta_t": -0.4218003705599258,
                    "gamma": 0.0009709615394481138,
                    "vega": 738.4580333924386,
                    "tau": 0.21095890410958903,
                    "option_price_t": 131.63,
                    "underlying_price_t": 4050.83
                }
            }
        }
    }
}