{
    "spx_strategy": {
        "date": "2023-07-31",
        "index_levels": 110.16320833568119,
        "result": {
            "sv_2023-05-22_2023-08-18": {
                "call": {
                    "start_date": "2023-05-22",
                    "strike": 4200.0,
                    "maturity": "2023-08-18",
                    "units": -0.0010702795298377708,
                    "gamma": 0.0011636456041082173,
                    "vega": 821.1260226805822,
                    "tau": 0.2410958904109589,
                    "delta_t_1": 0.9094031477636617,
                    "option_price_t_1": 382.4,
                    "underlying_t_1": 4582.23,
                    "Option_PnL": -0.007063844896929312,
                    "Delta_PnL": -0.0065504138091270255,
                    "Total_PnL": -0.0005134310878022862,
                    "delta_t": 0.9210195669184398,
                    "option_price_t": 389.0,
                    "underlying_price_t": 4588.96
                },
                "put": {
                    "start_date": "2023-05-22",
                    "strike": 4200.0,
                    "maturity": "2023-08-18",
                    "units": -0.0010702795298377708,
                    "gamma": 0.0011636456041082173,
                    "vega": 821.1260226805822,
                    "tau": 0.2410958904109589,
                    "delta_t_1": -0.09059685223633829,
                    "option_price_t_1": 0.17,
                    "underlying_t_1": 4582.23,
                    "Option_PnL": 0.00013913633887891022,
                    "Delta_PnL": 0.0006525674266816785,
                    "Total_PnL": -0.0005134310878027683,
                    "delta_t": -0.07898043308156022,
                    "option_price_t": 0.04,
                    "underlying_price_t": 4588.96
                }
            },
            "sv_2023-05-23_2023-08-18": {
                "call": {
                    "start_date": "2023-05-23",
                    "strike": 4200.0,
                    "maturity": "2023-08-18",
                    "units": -0.0010949593045609081,
                    "gamma": 0.0011440826789085588,
                    "vega": 802.1812749413682,
                    "tau": 0.23835616438356164,
                    "delta_t_1": 0.9105855044503595,
                    "option_price_t_1": 382.4,
                    "underlying_t_1": 4582.23,
                    "Option_PnL": -0.0072267314101020184,
                    "Delta_PnL": -0.00671017389578596,
                    "Total_PnL": -0.0005165575143160584,
                    "delta_t": 0.9221506932525949,
                    "option_price_t": 389.0,
                    "underlying_price_t": 4588.96
                },
                "put": {
                    "start_date": "2023-05-23",
                    "strike": 4200.0,
                    "maturity": "2023-08-18",
                    "units": -0.0010949593045609081,
                    "gamma": 0.0011440826789085588,
                    "vega": 802.1812749413682,
                    "tau": 0.23835616438356164,
                    "delta_t_1": -0.08941449554964054,
                    "option_price_t_1": 0.17,
                    "underlying_t_1": 4582.23,
                    "Option_PnL": 0.00014234470959291807,
                    "Delta_PnL": 0.0006589022239094694,
                    "Total_PnL": -0.0005165575143165513,
                    "delta_t": -0.07784930674740509,
                    "option_price_t": 0.04,
                    "underlying_price_t": 4588.96
                }
            },
            "sv_2023-05-24_2023-08-18": {
                "call": {
                    "start_date": "2023-05-24",
                    "strike": 4150.0,
                    "maturity": "2023-08-18",
                    "units": -0.0011049776157564801,
                    "gamma": 0.001156250386972903,
                    "vega": 795.5385078409948,
                    "tau": 0.2356164383561644,
                    "delta_t_1": 0.9373748966518926,
                    "option_price_t_1": 432.28,
                    "underlying_t_1": 4582.23,
                    "Option_PnL": -0.007392300249410912,
                    "Delta_PnL": -0.0069707878134466425,
                    "Total_PnL": -0.00042151243596426965,
                    "delta_t": 0.9469842493541745,
                    "option_price_t": 438.97,
                    "underlying_price_t": 4588.96
                },
                "put": {
                    "start_date": "2023-05-24",
                    "strike": 4150.0,
                    "maturity": "2023-08-18",
                    "units": -0.0011049776157564801,
                    "gamma": 0.001156250386972903,
                    "vega": 795.5385078409948,
                    "tau": 0.2356164383561644,
                    "delta_t_1": -0.06262510334810745,
                    "option_price_t_1": 0.05,
                    "underlying_t_1": 4582.23,
                    "Option_PnL": 4.4199104630259204e-05,
                    "Delta_PnL": 0.00046571154059499157,
                    "Total_PnL": -0.0004215124359647324,
                    "delta_t": -0.05301575064582553,
                    "option_price_t": 0.01,
                    "underlying_price_t": 4588.96
                }
            },
            "sv_2023-05-25_2023-08-18": {
                "call": {
                    "start_date": "2023-05-25",
                    "strike": 4100.0,
                    "maturity": "2023-08-18",
                    "units": -0.0011217000836774885,
                    "gamma": 0.001155076625297716,
                    "vega": 784.4464692471113,
                    "tau": 0.2328767123287671,
                    "delta_t_1": 0.957854112636799,
                    "option_price_t_1": 482.24,
                    "underlying_t_1": 4582.23,
                    "Option_PnL": -0.00753782456231269,
                    "Delta_PnL": -0.007230880507729385,
                    "Total_PnL": -0.00030694405458330486,
                    "delta_t": 0.9654334676469553,
                    "option_price_t": 488.96,
                    "underlying_price_t": 4588.96
                },
                "put": {
                    "start_date": "2023-05-25",
                    "strike": 4100.0,
                    "maturity": "2023-08-18",
                    "units": -0.0011217000836774885,
                    "gamma": 0.001155076625297716,
                    "vega": 784.4464692471113,
                    "tau": 0.2328767123287671,
                    "delta_t_1": -0.04214588736320102,
                    "option_price_t_1": 0.01,
                    "underlying_t_1": 4582.23,
                    "Option_PnL": -0.0,
                    "Delta_PnL": 0.00031816105542064406,
                    "Total_PnL": -0.00031816105542064406,
                    "delta_t": -0.03456653235304474,
                    "option_price_t": 0.01,
                    "underlying_price_t": 4588.96
                }
            },
            "sv_2023-05-26_2023-08-18": {
                "call": {
                    "start_date": "2023-05-26",
                    "strike": 4150.0,
                    "maturity": "2023-08-18",
                    "units": -0.0011091289601584814,
                    "gamma": 0.0011116987962203168,
                    "vega": 788.8320517526164,
                    "tau": 0.23013698630136986,
                    "delta_t_1": 0.9394857322949395,
                    "option_price_t_1": 432.28,
                    "underlying_t_1": 4582.23,
                    "Option_PnL": -0.007420072743460301,
                    "Delta_PnL": -0.0070127329084057185,
                    "Total_PnL": -0.0004073398350545824,
                    "delta_t": 0.9489411288466422,
                    "option_price_t": 438.97,
                    "underlying_price_t": 4588.96
                },
                "put": {
                    "start_date": "2023-05-26",
                    "strike": 4150.0,
                    "maturity": "2023-08-18",
                    "units": -0.0011091289601584814,
                    "gamma": 0.0011116987962203168,
                    "vega": 788.8320517526164,
                    "tau": 0.23013698630136986,
                    "delta_t_1": -0.06051426770506052,
                    "option_price_t_1": 0.05,
                    "underlying_t_1": 4582.23,
                    "Option_PnL": 4.4365158406339254e-05,
                    "Delta_PnL": 0.0004517049934613862,
                    "Total_PnL": -0.00040733983505504697,
                    "delta_t": -0.05105887115335783,
                    "option_price_t": 0.01,
                    "underlying_price_t": 4588.96
                }
            },
            "sv_2023-05-30_2023-08-18": {
                "call": {
                    "start_date": "2023-05-30",
                    "strike": 4200.0,
                    "maturity": "2023-08-18",
                    "units": -0.0011212471687245768,
                    "gamma": 0.001162049427755949,
                    "vega": 784.1987265638872,
                    "tau": 0.2191780821917808,
                    "delta_t_1": 0.9191182864869021,
                    "option_price_t_1": 382.4,
                    "underlying_t_1": 4582.23,
                    "Option_PnL": -0.007400231313582232,
                    "Delta_PnL": -0.0069356605654849164,
                    "Total_PnL": -0.00046457074809731595,
                    "delta_t": 0.9302719223115901,
                    "option_price_t": 389.0,
                    "underlying_price_t": 4588.96
                },
                "put": {
                    "start_date": "2023-05-30",
                    "strike": 4200.0,
                    "maturity": "2023-08-18",
                    "units": -0.0011212471687245768,
                    "gamma": 0.001162049427755949,
                    "vega": 784.1987265638872,
                    "tau": 0.2191780821917808,
                    "delta_t_1": -0.08088171351309792,
                    "option_price_t_1": 0.17,
                    "underlying_t_1": 4582.23,
                    "Option_PnL": 0.00014576213193419498,
                    "Delta_PnL": 0.0006103328800320151,
                    "Total_PnL": -0.00046457074809782016,
                    "delta_t": -0.06972807768840994,
                    "option_price_t": 0.04,
                    "underlying_price_t": 4588.96
                }
            },
            "sv_2023-05-31_2023-08-18": {
                "call": {
                    "start_date": "2023-05-31",
                    "strike": 4200.0,
                    "maturity": "2023-08-18",
                    "units": -0.0011359342993165458,
                    "gamma": 0.0011693483892341195,
                    "vega": 775.646784536913,
                    "tau": 0.21643835616438356,
                    "delta_t_1": 0.9203740784306282,
                    "option_price_t_1": 382.4,
                    "underlying_t_1": 4582.23,
                    "Option_PnL": -0.007497166375489229,
                    "Delta_PnL": -0.0070361105765883196,
                    "Total_PnL": -0.0004610557989009091,
                    "delta_t": 0.9314606638212749,
                    "option_price_t": 389.0,
                    "underlying_price_t": 4588.96
                },
                "put": {
                    "start_date": "2023-05-31",
                    "strike": 4200.0,
                    "maturity": "2023-08-18",
                    "units": -0.0011359342993165458,
                    "gamma": 0.0011693483892341195,
                    "vega": 775.646784536913,
                    "tau": 0.21643835616438356,
                    "delta_t_1": -0.07962592156937176,
                    "option_price_t_1": 0.17,
                    "underlying_t_1": 4582.23,
                    "Option_PnL": 0.00014767145891115096,
                    "Delta_PnL": 0.0006087272578125712,
                    "Total_PnL": -0.0004610557989014202,
                    "delta_t": -0.0685393361787251,
                    "option_price_t": 0.04,
                    "underlying_price_t": 4588.96
                }
            },
            "sv_2023-06-01_2023-08-18": {
                "call": {
                    "start_date": "2023-06-01",
                    "strike": 4200.0,
                    "maturity": "2023-08-18",
                    "units": -0.0011330104208927716,
                    "gamma": 0.001141133766987511,
                    "vega": 774.42359621282,
                    "tau": 0.2136986301369863,
                    "delta_t_1": 0.9216390824198071,
                    "option_price_t_1": 382.4,
                    "underlying_t_1": 4582.23,
                    "Option_PnL": -0.007477868777892319,
                    "Delta_PnL": -0.007027645587921751,
                    "Total_PnL": -0.0004502231899705675,
                    "delta_t": 0.9326563663790024,
                    "option_price_t": 389.0,
                    "underlying_price_t": 4588.96
                },
                "put": {
                    "start_date": "2023-06-01",
                    "strike": 4200.0,
                    "maturity": "2023-08-18",
                    "units": -0.0011330104208927716,
                    "gamma": 0.001141133766987511,
                    "vega": 774.42359621282,
                    "tau": 0.2136986301369863,
                    "delta_t_1": -0.07836091758019292,
                    "option_price_t_1": 0.17,
                    "underlying_t_1": 4582.23,
                    "Option_PnL": 0.0001472913547160603,
                    "Delta_PnL": 0.0005975145446871381,
                    "Total_PnL": -0.0004502231899710778,
                    "delta_t": -0.0673436336209976,
                    "option_price_t": 0.04,
                    "underlying_price_t": 4588.96
                }
            },
            "sv_2023-06-02_2023-08-18": {
                "call": {
                    "start_date": "2023-06-02",
                    "strike": 4200.0,
                    "maturity": "2023-08-18",
                    "units": -0.0011506461785084543,
                    "gamma": 0.00107063906974484,
                    "vega": 755.8478857388268,
                    "tau": 0.21095890410958903,
                    "delta_t_1": 0.9229132820527314,
                    "option_price_t_1": 382.4,
                    "underlying_t_1": 4582.23,
                    "Option_PnL": -0.007594264778155824,
                    "Delta_PnL": -0.007146900894527255,
                    "Total_PnL": -0.0004473638836285697,
                    "delta_t": 0.9338589467667842,
                    "option_price_t": 389.0,
                    "underlying_price_t": 4588.96
                },
                "put": {
                    "start_date": "2023-06-02",
                    "strike": 4200.0,
                    "maturity": "2023-08-18",
                    "units": -0.0011506461785084543,
                    "gamma": 0.00107063906974484,
                    "vega": 755.8478857388268,
                    "tau": 0.21095890410958903,
                    "delta_t_1": -0.07708671794726862,
                    "option_price_t_1": 0.17,
                    "underlying_t_1": 4582.23,
                    "Option_PnL": 0.00014958400320609907,
                    "Delta_PnL": 0.0005969478868351864,
                    "Total_PnL": -0.0004473638836290873,
                    "delta_t": -0.06614105323321584,
                    "option_price_t": 0.04,
                    "underlying_price_t": 4588.96
                }
            },
            "sv_2023-06-05_2023-08-18": {
                "call": {
                    "start_date": "2023-06-05",
                    "strike": 4300.0,
                    "maturity": "2023-08-18",
                    "units": -0.0011383018924171315,
                    "gamma": 0.0011335548743827426,
                    "vega": 767.280676703806,
                    "tau": 0.20273972602739726,
                    "delta_t_1": 0.8572926336422815,
                    "option_price_t_1": 283.64,
                    "underlying_t_1": 4582.23,
                    "Option_PnL": -0.006693215127412728,
                    "Delta_PnL": -0.006567523177260216,
                    "Total_PnL": -0.00012569195015251205,
                    "delta_t": 0.8716874643681257,
                    "option_price_t": 289.52,
                    "underlying_price_t": 4588.96
                },
                "put": {
                    "start_date": "2023-06-05",
                    "strike": 4300.0,
                    "maturity": "2023-08-18",
                    "units": -0.0011383018924171315,
                    "gamma": 0.0011335548743827426,
                    "vega": 767.280676703806,
                    "tau": 0.20273972602739726,
                    "delta_t_1": -0.14270736635771852,
                    "option_price_t_1": 1.41,
                    "underlying_t_1": 4582.23,
                    "Option_PnL": 0.0009675566085545616,
                    "Delta_PnL": 0.0010932485587076169,
                    "Total_PnL": -0.00012569195015305523,
                    "delta_t": -0.12831253563187428,
                    "option_price_t": 0.56,
                    "underlying_price_t": 4588.96
                }
            },
            "sv_2023-06-06_2023-08-18": {
                "call": {
                    "start_date": "2023-06-06",
                    "strike": 4250.0,
                    "maturity": "2023-08-18",
                    "units": -0.0011533679207973218,
                    "gamma": 0.0011281944883009274,
                    "vega": 757.0586678581882,
                    "tau": 0.2,
                    "delta_t_1": 0.8974787011492427,
                    "option_price_t_1": 332.75,
                    "underlying_t_1": 4582.23,
                    "Option_PnL": -0.007346953655478945,
                    "Delta_PnL": -0.006966378755784987,
                    "Total_PnL": -0.00038057489969395807,
                    "delta_t": 0.9101718833807058,
                    "option_price_t": 339.12,
                    "underlying_price_t": 4588.96
                },
                "put": {
                    "start_date": "2023-06-06",
                    "strike": 4250.0,
                    "maturity": "2023-08-18",
                    "units": -0.0011533679207973218,
                    "gamma": 0.0011281944883009274,
                    "vega": 757.0586678581882,
                    "tau": 0.2,
                    "delta_t_1": -0.10252129885075734,
                    "option_price_t_1": 0.52,
                    "underlying_t_1": 4582.23,
                    "Option_PnL": 0.00041521245148703584,
                    "Delta_PnL": 0.0007957873511815344,
                    "Total_PnL": -0.0003805748996944986,
                    "delta_t": -0.08982811661929424,
                    "option_price_t": 0.16,
                    "underlying_price_t": 4588.96
                }
            },
            "sv_2023-06-07_2023-08-18": {
                "call": {
                    "start_date": "2023-06-07",
                    "strike": 4300.0,
                    "maturity": "2023-08-18",
                    "units": -0.001164206735619605,
                    "gamma": 0.001205564471683402,
                    "vega": 754.8196415224403,
                    "tau": 0.19726027397260273,
                    "delta_t_1": 0.8604026478645243,
                    "option_price_t_1": 283.64,
                    "underlying_t_1": 4582.23,
                    "Option_PnL": -0.006845535605443273,
                    "Delta_PnL": -0.006741350535265249,
                    "Total_PnL": -0.00010418507017802368,
                    "delta_t": 0.8747726059433172,
                    "option_price_t": 289.52,
                    "underlying_price_t": 4588.96
                },
                "put": {
                    "start_date": "2023-06-07",
                    "strike": 4300.0,
                    "maturity": "2023-08-18",
                    "units": -0.001164206735619605,
                    "gamma": 0.001205564471683402,
                    "vega": 754.8196415224403,
                    "tau": 0.19726027397260273,
                    "delta_t_1": -0.13959735213547575,
                    "option_price_t_1": 1.41,
                    "underlying_t_1": 4582.23,
                    "Option_PnL": 0.0009895757252766642,
                    "Delta_PnL": 0.0010937607954552447,
                    "Total_PnL": -0.00010418507017858052,
                    "delta_t": -0.12522739405668282,
                    "option_price_t": 0.56,
                    "underlying_price_t": 4588.96
                }
            },
            "sv_2023-06-08_2023-08-18": {
                "call": {
                    "start_date": "2023-06-08",
                    "strike": 4250.0,
                    "maturity": "2023-08-18",
                    "units": -0.0011770607956150174,
                    "gamma": 0.0011933905936632784,
                    "vega": 744.3760505968697,
                    "tau": 0.19452054794520549,
                    "delta_t_1": 0.9004632261786509,
                    "option_price_t_1": 332.75,
                    "underlying_t_1": 4582.23,
                    "Option_PnL": -0.007497877268067666,
                    "Delta_PnL": -0.007133126740410323,
                    "Total_PnL": -0.0003647505276573428,
                    "delta_t": 0.9130486019010204,
                    "option_price_t": 339.12,
                    "underlying_price_t": 4588.96
                },
                "put": {
                    "start_date": "2023-06-08",
                    "strike": 4250.0,
                    "maturity": "2023-08-18",
                    "units": -0.0011770607956150174,
                    "gamma": 0.0011933905936632784,
                    "vega": 744.3760505968697,
                    "tau": 0.19452054794520549,
                    "delta_t_1": -0.09953677382134907,
                    "option_price_t_1": 0.52,
                    "underlying_t_1": 4582.23,
                    "Option_PnL": 0.00042374188642140627,
                    "Delta_PnL": 0.0007884924140793002,
                    "Total_PnL": -0.0003647505276578939,
                    "delta_t": -0.08695139809897956,
                    "option_price_t": 0.16,
                    "underlying_price_t": 4588.96
                }
            },
            "sv_2023-06-09_2023-08-18": {
                "call": {
                    "start_date": "2023-06-09",
                    "strike": 4300.0,
                    "maturity": "2023-08-18",
                    "units": -0.0011718542292202495,
                    "gamma": 0.0012975141684755842,
                    "vega": 750.659741137875,
                    "tau": 0.1917808219178082,
                    "delta_t_1": 0.8635982001422883,
                    "option_price_t_1": 283.64,
                    "underlying_t_1": 4582.23,
                    "Option_PnL": -0.006890502867815062,
                    "Delta_PnL": -0.006810835397427022,
                    "Total_PnL": -7.966747038803956e-05,
                    "delta_t": 0.8779358085124478,
                    "option_price_t": 289.52,
                    "underlying_price_t": 4588.96
                },
                "put": {
                    "start_date": "2023-06-09",
                    "strike": 4300.0,
                    "maturity": "2023-08-18",
                    "units": -0.0011718542292202495,
                    "gamma": 0.0012975141684755842,
                    "vega": 750.659741137875,
                    "tau": 0.1917808219178082,
                    "delta_t_1": -0.13640179985771173,
                    "option_price_t_1": 1.41,
                    "underlying_t_1": 4582.23,
                    "Option_PnL": 0.000996076094837212,
                    "Delta_PnL": 0.0010757435652258116,
                    "Total_PnL": -7.966747038859966e-05,
                    "delta_t": -0.12206419148755221,
                    "option_price_t": 0.56,
                    "underlying_price_t": 4588.96
                }
            },
            "sv_2023-06-12_2023-08-18": {
                "call": {
                    "start_date": "2023-06-12",
                    "strike": 4300.0,
                    "maturity": "2023-08-18",
                    "units": -0.001196025546603673,
                    "gamma": 0.0012928247071708418,
                    "vega": 731.77473249127,
                    "tau": 0.18356164383561643,
                    "delta_t_1": 0.8685592366739137,
                    "option_price_t_1": 283.64,
                    "underlying_t_1": 4582.23,
                    "Option_PnL": -0.007032630214029592,
                    "Delta_PnL": -0.006991252110938438,
                    "Total_PnL": -4.137810309115357e-05,
                    "delta_t": 0.8828325778561171,
                    "option_price_t": 289.52,
                    "underlying_price_t": 4588.96
                },
                "put": {
                    "start_date": "2023-06-12",
                    "strike": 4300.0,
                    "maturity": "2023-08-18",
                    "units": -0.001196025546603673,
                    "gamma": 0.0012928247071708418,
                    "vega": 731.77473249127,
                    "tau": 0.18356164383561643,
                    "delta_t_1": -0.13144076332608634,
                    "option_price_t_1": 1.41,
                    "underlying_t_1": 4582.23,
                    "Option_PnL": 0.0010166217146131218,
                    "Delta_PnL": 0.001057999817704846,
                    "Total_PnL": -4.137810309172408e-05,
                    "delta_t": -0.11716742214388287,
                    "option_price_t": 0.56,
                    "underlying_price_t": 4588.96
                }
            },
            "sv_2023-06-13_2023-08-18": {
                "call": {
                    "start_date": "2023-06-13",
                    "strike": 4350.0,
                    "maturity": "2023-08-18",
                    "units": -0.001181357279359391,
                    "gamma": 0.0012975143978941556,
                    "vega": 737.6728239980454,
                    "tau": 0.18082191780821918,
                    "delta_t_1": 0.823247808096452,
                    "option_price_t_1": 235.67,
                    "underlying_t_1": 4582.23,
                    "Option_PnL": -0.005847718532829005,
                    "Delta_PnL": -0.0065452600921612255,
                    "Total_PnL": 0.0006975415593322206,
                    "delta_t": 0.8388748592597346,
                    "option_price_t": 240.62,
                    "underlying_price_t": 4588.96
                },
                "put": {
                    "start_date": "2023-06-13",
                    "strike": 4350.0,
                    "maturity": "2023-08-18",
                    "units": -0.001181357279359391,
                    "gamma": 0.0012975143978941556,
                    "vega": 737.6728239980454,
                    "tau": 0.18082191780821918,
                    "delta_t_1": -0.17675219190354796,
                    "option_price_t_1": 3.44,
                    "underlying_t_1": 4582.23,
                    "Option_PnL": 0.002102815957259716,
                    "Delta_PnL": 0.0014052743979280336,
                    "Total_PnL": 0.0006975415593316824,
                    "delta_t": -0.1611251407402654,
                    "option_price_t": 1.66,
                    "underlying_price_t": 4588.96
                }
            },
            "sv_2023-06-14_2023-08-18": {
                "call": {
                    "start_date": "2023-06-14",
                    "strike": 4350.0,
                    "maturity": "2023-08-18",
                    "units": -0.0011935195837157798,
                    "gamma": 0.001357431761005904,
                    "vega": 731.6215935971185,
                    "tau": 0.1780821917808219,
                    "delta_t_1": 0.824972203716997,
                    "option_price_t_1": 235.67,
                    "underlying_t_1": 4582.23,
                    "Option_PnL": -0.00590792193939313,
                    "Delta_PnL": -0.0066264958381897655,
                    "Total_PnL": 0.0007185738987966353,
                    "delta_t": 0.8406189520654885,
                    "option_price_t": 240.62,
                    "underlying_price_t": 4588.96
                },
                "put": {
                    "start_date": "2023-06-14",
                    "strike": 4350.0,
                    "maturity": "2023-08-18",
                    "units": -0.0011935195837157798,
                    "gamma": 0.001357431761005904,
                    "vega": 731.6215935971185,
                    "tau": 0.1780821917808219,
                    "delta_t_1": -0.17502779628300302,
                    "option_price_t_1": 3.44,
                    "underlying_t_1": 4582.23,
                    "Option_PnL": 0.002124464859014088,
                    "Delta_PnL": 0.0014058909602179968,
                    "Total_PnL": 0.0007185738987960913,
                    "delta_t": -0.15938104793451147,
                    "option_price_t": 1.66,
                    "underlying_price_t": 4588.96
                }
            },
            "sv_2023-06-15_2023-08-18": {
                "call": {
                    "start_date": "2023-06-15",
                    "strike": 4350.0,
                    "maturity": "2023-08-18",
                    "units": -0.001224088559668133,
                    "gamma": 0.001299868859661922,
                    "vega": 708.1955396545568,
                    "tau": 0.17534246575342466,
                    "delta_t_1": 0.826726649404102,
                    "option_price_t_1": 235.67,
                    "underlying_t_1": 4582.23,
                    "Option_PnL": -0.0060592383703572785,
                    "Delta_PnL": -0.006810670043511531,
                    "Total_PnL": 0.0007514316731542523,
                    "delta_t": 0.8423917144716814,
                    "option_price_t": 240.62,
                    "underlying_price_t": 4588.96
                },
                "put": {
                    "start_date": "2023-06-15",
                    "strike": 4350.0,
                    "maturity": "2023-08-18",
                    "units": -0.001224088559668133,
                    "gamma": 0.001299868859661922,
                    "vega": 708.1955396545568,
                    "tau": 0.17534246575342466,
                    "delta_t_1": -0.173273350595898,
                    "option_price_t_1": 3.44,
                    "underlying_t_1": 4582.23,
                    "Option_PnL": 0.0021788776362092767,
                    "Delta_PnL": 0.0014274459630555826,
                    "Total_PnL": 0.0007514316731536941,
                    "delta_t": -0.15760828552831863,
                    "option_price_t": 1.66,
                    "underlying_price_t": 4588.96
                }
            },
            "sv_2023-06-16_2023-08-18": {
                "call": {
                    "start_date": "2023-06-16",
                    "strike": 4450.0,
                    "maturity": "2023-08-18",
                    "units": -0.0011901009147151512,
                    "gamma": 0.0013835928132172723,
                    "vega": 726.6208216962408,
                    "tau": 0.1726027397260274,
                    "delta_t_1": 0.7075519545140858,
                    "option_price_t_1": 147.11,
                    "underlying_t_1": 4582.23,
                    "Option_PnL": -0.0019041614635442352,
                    "Delta_PnL": -0.005667051876295903,
                    "Total_PnL": 0.003762890412751668,
                    "delta_t": 0.7235252597118017,
                    "option_price_t": 148.71,
                    "underlying_price_t": 4588.96
                },
                "put": {
                    "start_date": "2023-06-16",
                    "strike": 4450.0,
                    "maturity": "2023-08-18",
                    "units": -0.0011901009147151512,
                    "gamma": 0.0013835928132172723,
                    "vega": 726.6208216962408,
                    "tau": 0.1726027397260274,
                    "delta_t_1": -0.2924480454859142,
                    "option_price_t_1": 14.88,
                    "underlying_t_1": 4582.23,
                    "Option_PnL": 0.0061052176924887265,
                    "Delta_PnL": 0.0023423272797376267,
                    "Total_PnL": 0.0037628904127511,
                    "delta_t": -0.2764747402881983,
                    "option_price_t": 9.75,
                    "underlying_price_t": 4588.96
                }
            },
            "sv_2023-06-20_2023-09-15": {
                "call": {
                    "start_date": "2023-06-20",
                    "strike": 4400.0,
                    "maturity": "2023-09-15",
                    "units": -0.0010165593796713514,
                    "gamma": 0.0012528856374837151,
                    "vega": 854.7910794123082,
                    "tau": 0.23835616438356164,
                    "delta_t_1": 0.7402426180116352,
                    "option_price_t_1": 208.48,
                    "underlying_t_1": 4582.23,
                    "Option_PnL": -0.0012097056618089058,
                    "Delta_PnL": -0.005064328880331295,
                    "Total_PnL": 0.003854623218522389,
                    "delta_t": 0.7551449923233424,
                    "option_price_t": 209.67,
                    "underlying_price_t": 4588.96
                },
                "put": {
                    "start_date": "2023-06-20",
                    "strike": 4400.0,
                    "maturity": "2023-09-15",
                    "units": -0.0010165593796713514,
                    "gamma": 0.0012528856374837151,
                    "vega": 854.7910794123082,
                    "tau": 0.23835616438356164,
                    "delta_t_1": -0.25975738198836484,
                    "option_price_t_1": 26.25,
                    "underlying_t_1": 4582.23,
                    "Option_PnL": 0.005631738963379286,
                    "Delta_PnL": 0.0017771157448573803,
                    "Total_PnL": 0.0038546232185219056,
                    "delta_t": -0.24485500767665758,
                    "option_price_t": 20.71,
                    "underlying_price_t": 4588.96
                }
            },
            "sv_2023-06-21_2023-09-15": {
                "call": {
                    "start_date": "2023-06-21",
                    "strike": 4400.0,
                    "maturity": "2023-09-15",
                    "units": -0.0010309463831767454,
                    "gamma": 0.0012473603828935833,
                    "vega": 843.3034744517189,
                    "tau": 0.2356164383561644,
                    "delta_t_1": 0.7413275150755301,
                    "option_price_t_1": 208.48,
                    "underlying_t_1": 4582.23,
                    "Option_PnL": -0.0012268261959803247,
                    "Delta_PnL": -0.005143529834403553,
                    "Total_PnL": 0.003916703638423228,
                    "delta_t": 0.7562860921234542,
                    "option_price_t": 209.67,
                    "underlying_price_t": 4588.96
                },
                "put": {
                    "start_date": "2023-06-21",
                    "strike": 4400.0,
                    "maturity": "2023-09-15",
                    "units": -0.0010309463831767454,
                    "gamma": 0.0012473603828935833,
                    "vega": 843.3034744517189,
                    "tau": 0.2356164383561644,
                    "delta_t_1": -0.2586724849244699,
                    "option_price_t_1": 26.25,
                    "underlying_t_1": 4582.23,
                    "Option_PnL": 0.005711442962799168,
                    "Delta_PnL": 0.0017947393243764299,
                    "Total_PnL": 0.003916703638422739,
                    "delta_t": -0.2437139078765458,
                    "option_price_t": 20.71,
                    "underlying_price_t": 4588.96
                }
            },
            "sv_2023-06-22_2023-09-15": {
                "call": {
                    "start_date": "2023-06-22",
                    "strike": 4350.0,
                    "maturity": "2023-09-15",
                    "units": -0.0010406479553849218,
                    "gamma": 0.0012542989244029978,
                    "vega": 835.6547009353425,
                    "tau": 0.2328767123287671,
                    "delta_t_1": 0.7952873475905455,
                    "option_price_t_1": 249.29,
                    "underlying_t_1": 4582.23,
                    "Option_PnL": -0.002580806929354625,
                    "Delta_PnL": -0.005569843244397911,
                    "Total_PnL": 0.002989036315043286,
                    "delta_t": 0.8103744667784342,
                    "option_price_t": 251.77,
                    "underlying_price_t": 4588.96
                },
                "put": {
                    "start_date": "2023-06-22",
                    "strike": 4350.0,
                    "maturity": "2023-09-15",
                    "units": -0.0010406479553849218,
                    "gamma": 0.0012542989244029978,
                    "vega": 835.6547009353425,
                    "tau": 0.2328767123287671,
                    "delta_t_1": -0.20471265240945447,
                    "option_price_t_1": 17.06,
                    "underlying_t_1": 4582.23,
                    "Option_PnL": 0.004422753810385916,
                    "Delta_PnL": 0.0014337174953431044,
                    "Total_PnL": 0.0029890363150428118,
                    "delta_t": -0.18962553322156583,
                    "option_price_t": 12.81,
                    "underlying_price_t": 4588.96
                }
            },
            "sv_2023-06-23_2023-09-15": {
                "call": {
                    "start_date": "2023-06-23",
                    "strike": 4400.0,
                    "maturity": "2023-09-15",
                    "units": -0.0010534645220918975,
                    "gamma": 0.0012458764924915859,
                    "vega": 825.7056413452425,
                    "tau": 0.23013698630136986,
                    "delta_t_1": 0.7435499700211659,
                    "option_price_t_1": 208.48,
                    "underlying_t_1": 4582.23,
                    "Option_PnL": -0.0012536227812893557,
                    "Delta_PnL": -0.005271632648007572,
                    "Total_PnL": 0.004018009866718217,
                    "delta_t": 0.7586221431706783,
                    "option_price_t": 209.67,
                    "underlying_price_t": 4588.96
                },
                "put": {
                    "start_date": "2023-06-23",
                    "strike": 4400.0,
                    "maturity": "2023-09-15",
                    "units": -0.0010534645220918975,
                    "gamma": 0.0012458764924915859,
                    "vega": 825.7056413452425,
                    "tau": 0.23013698630136986,
                    "delta_t_1": -0.25645002997883415,
                    "option_price_t_1": 26.25,
                    "underlying_t_1": 4582.23,
                    "Option_PnL": 0.005836193452389111,
                    "Delta_PnL": 0.0018181835856713967,
                    "Total_PnL": 0.004018009866717714,
                    "delta_t": -0.24137785682932167,
                    "option_price_t": 20.71,
                    "underlying_price_t": 4588.96
                }
            },
            "sv_2023-06-26_2023-09-15": {
                "call": {
                    "start_date": "2023-06-26",
                    "strike": 4350.0,
                    "maturity": "2023-09-15",
                    "units": -0.0010720340779488344,
                    "gamma": 0.0012753433841333527,
                    "vega": 813.131351893749,
                    "tau": 0.2219178082191781,
                    "delta_t_1": 0.8005102750554549,
                    "option_price_t_1": 249.29,
                    "underlying_t_1": 4582.23,
                    "Option_PnL": -0.002658644513313129,
                    "Delta_PnL": -0.00577551300270984,
                    "Total_PnL": 0.0031168684893967107,
                    "delta_t": 0.8157283923133533,
                    "option_price_t": 251.77,
                    "underlying_price_t": 4588.96
                },
                "put": {
                    "start_date": "2023-06-26",
                    "strike": 4350.0,
                    "maturity": "2023-09-15",
                    "units": -0.0010720340779488344,
                    "gamma": 0.0012753433841333527,
                    "vega": 813.131351893749,
                    "tau": 0.2219178082191781,
                    "delta_t_1": -0.1994897249445451,
                    "option_price_t_1": 17.06,
                    "underlying_t_1": 4582.23,
                    "Option_PnL": 0.004556144831282544,
                    "Delta_PnL": 0.0014392763418863233,
                    "Total_PnL": 0.003116868489396221,
                    "delta_t": -0.18427160768664674,
                    "option_price_t": 12.81,
                    "underlying_price_t": 4588.96
                }
            },
            "sv_2023-06-27_2023-09-15": {
                "call": {
                    "start_date": "2023-06-27",
                    "strike": 4350.0,
                    "maturity": "2023-09-15",
                    "units": -0.0010701438459645295,
                    "gamma": 0.0012347211739278147,
                    "vega": 811.3417235379068,
                    "tau": 0.2191780821917808,
                    "delta_t_1": 0.8018651854321226,
                    "option_price_t_1": 249.29,
                    "underlying_t_1": 4582.23,
                    "Option_PnL": -0.0026539567379920527,
                    "Delta_PnL": -0.005775087659143636,
                    "Total_PnL": 0.0031211309211515836,
                    "delta_t": 0.8171151095558651,
                    "option_price_t": 251.77,
                    "underlying_price_t": 4588.96
                },
                "put": {
                    "start_date": "2023-06-27",
                    "strike": 4350.0,
                    "maturity": "2023-09-15",
                    "units": -0.0010701438459645295,
                    "gamma": 0.0012347211739278147,
                    "vega": 811.3417235379068,
                    "tau": 0.2191780821917808,
                    "delta_t_1": -0.1981348145678774,
                    "option_price_t_1": 17.06,
                    "underlying_t_1": 4582.23,
                    "Option_PnL": 0.004548111345349249,
                    "Delta_PnL": 0.0014269804241981538,
                    "Total_PnL": 0.0031211309211510952,
                    "delta_t": -0.18288489044413492,
                    "option_price_t": 12.81,
                    "underlying_price_t": 4588.96
                }
            },
            "sv_2023-06-28_2023-09-15": {
                "call": {
                    "start_date": "2023-06-28",
                    "strike": 4400.0,
                    "maturity": "2023-09-15",
                    "units": -0.0010702243002677378,
                    "gamma": 0.0012507079684480223,
                    "vega": 811.8179125484928,
                    "tau": 0.21643835616438356,
                    "delta_t_1": 0.74943549178921,
                    "option_price_t_1": 208.48,
                    "underlying_t_1": 4582.23,
                    "Option_PnL": -0.0012735669173186055,
                    "Delta_PnL": -0.005397891223376889,
                    "Total_PnL": 0.004124324306058283,
                    "delta_t": 0.7647984301936281,
                    "option_price_t": 209.67,
                    "underlying_price_t": 4588.96
                },
                "put": {
                    "start_date": "2023-06-28",
                    "strike": 4400.0,
                    "maturity": "2023-09-15",
                    "units": -0.0010702243002677378,
                    "gamma": 0.0012507079684480223,
                    "vega": 811.8179125484928,
                    "tau": 0.21643835616438356,
                    "delta_t_1": -0.25056450821079,
                    "option_price_t_1": 26.25,
                    "underlying_t_1": 4582.23,
                    "Option_PnL": 0.005929042623483267,
                    "Delta_PnL": 0.0018047183174254929,
                    "Total_PnL": 0.004124324306057773,
                    "delta_t": -0.23520156980637186,
                    "option_price_t": 20.71,
                    "underlying_price_t": 4588.96
                }
            },
            "sv_2023-06-29_2023-09-15": {
                "call": {
                    "start_date": "2023-06-29",
                    "strike": 4400.0,
                    "maturity": "2023-09-15",
                    "units": -0.0010721662038756196,
                    "gamma": 0.001273736346304974,
                    "vega": 810.558646131096,
                    "tau": 0.2136986301369863,
                    "delta_t_1": 0.7506731907921931,
                    "option_price_t_1": 208.48,
                    "underlying_t_1": 4582.23,
                    "Option_PnL": -0.001275877782611985,
                    "Delta_PnL": -0.005416616442423258,
                    "Total_PnL": 0.004140738659811273,
                    "delta_t": 0.766095400747065,
                    "option_price_t": 209.67,
                    "underlying_price_t": 4588.96
                },
                "put": {
                    "start_date": "2023-06-29",
                    "strike": 4400.0,
                    "maturity": "2023-09-15",
                    "units": -0.0010721662038756196,
                    "gamma": 0.001273736346304974,
                    "vega": 810.558646131096,
                    "tau": 0.2136986301369863,
                    "delta_t_1": -0.24932680920780692,
                    "option_price_t_1": 26.25,
                    "underlying_t_1": 4582.23,
                    "Option_PnL": 0.005939800769470932,
                    "Delta_PnL": 0.001799062109660169,
                    "Total_PnL": 0.004140738659810763,
                    "delta_t": -0.23390459925293505,
                    "option_price_t": 20.71,
                    "underlying_price_t": 4588.96
                }
            },
            "sv_2023-06-30_2023-09-15": {
                "call": {
                    "start_date": "2023-06-30",
                    "strike": 4400.0,
                    "maturity": "2023-09-15",
                    "units": -0.001082344510198191,
                    "gamma": 0.0012404695539299396,
                    "vega": 799.9451713293972,
                    "tau": 0.21095890410958903,
                    "delta_t_1": 0.7519323957702353,
                    "option_price_t_1": 208.48,
                    "underlying_t_1": 4582.23,
                    "Option_PnL": -0.001287989967135845,
                    "Delta_PnL": -0.005477209831052435,
                    "Total_PnL": 0.004189219863916589,
                    "delta_t": 0.7674142328169877,
                    "option_price_t": 209.67,
                    "underlying_price_t": 4588.96
                },
                "put": {
                    "start_date": "2023-06-30",
                    "strike": 4400.0,
                    "maturity": "2023-09-15",
                    "units": -0.001082344510198191,
                    "gamma": 0.0012404695539299396,
                    "vega": 799.9451713293972,
                    "tau": 0.21095890410958903,
                    "delta_t_1": -0.2480676042297647,
                    "option_price_t_1": 26.25,
                    "underlying_t_1": 4582.23,
                    "Option_PnL": 0.005996188586497977,
                    "Delta_PnL": 0.0018069687225819027,
                    "Total_PnL": 0.004189219863916075,
                    "delta_t": -0.23258576718301227,
                    "option_price_t": 20.71,
                    "underlying_price_t": 4588.96
                }
            },
            "sv_2023-07-03_2023-09-15": {
                "call": {
                    "start_date": "2023-07-03",
                    "strike": 4450.0,
                    "maturity": "2023-09-15",
                    "units": -0.0010853062888174292,
                    "gamma": 0.0013034864297449766,
                    "vega": 799.2523801375005,
                    "tau": 0.20273972602739726,
                    "delta_t_1": 0.6944727308167777,
                    "option_price_t_1": 170.98,
                    "underlying_t_1": 4582.23,
                    "Option_PnL": 0.0001302367546580656,
                    "Delta_PnL": -0.005072506137188726,
                    "Total_PnL": 0.0052027428918467915,
                    "delta_t": 0.7094735978368605,
                    "option_price_t": 170.86,
                    "underlying_price_t": 4588.96
                },
                "put": {
                    "start_date": "2023-07-03",
                    "strike": 4450.0,
                    "maturity": "2023-09-15",
                    "units": -0.0010853062888174292,
                    "gamma": 0.0013034864297449766,
                    "vega": 799.2523801375005,
                    "tau": 0.20273972602739726,
                    "delta_t_1": -0.30552726918322226,
                    "option_price_t_1": 38.75,
                    "underlying_t_1": 4582.23,
                    "Option_PnL": 0.0074343480783993915,
                    "Delta_PnL": 0.0022316051865530866,
                    "Total_PnL": 0.005202742891846305,
                    "delta_t": -0.2905264021631395,
                    "option_price_t": 31.9,
                    "underlying_price_t": 4588.96
                }
            },
            "sv_2023-07-05_2023-09-15": {
                "call": {
                    "start_date": "2023-07-05",
                    "strike": 4450.0,
                    "maturity": "2023-09-15",
                    "units": -0.0011027648049694143,
                    "gamma": 0.0013242498542286323,
                    "vega": 787.7010935715903,
                    "tau": 0.19726027397260273,
                    "delta_t_1": 0.6966342026861208,
                    "option_price_t_1": 170.98,
                    "underlying_t_1": 4582.23,
                    "Option_PnL": 0.0001323317765963034,
                    "Delta_PnL": -0.005170145370843397,
                    "Total_PnL": 0.0053024771474397,
                    "delta_t": 0.7118007979218048,
                    "option_price_t": 170.86,
                    "underlying_price_t": 4588.96
                },
                "put": {
                    "start_date": "2023-07-05",
                    "strike": 4450.0,
                    "maturity": "2023-09-15",
                    "units": -0.0011027648049694143,
                    "gamma": 0.0013242498542286323,
                    "vega": 787.7010935715903,
                    "tau": 0.19726027397260273,
                    "delta_t_1": -0.30336579731387925,
                    "option_price_t_1": 38.75,
                    "underlying_t_1": 4582.23,
                    "Option_PnL": 0.00755393891404049,
                    "Delta_PnL": 0.002251461766601282,
                    "Total_PnL": 0.005302477147439207,
                    "delta_t": -0.28819920207819516,
                    "option_price_t": 31.9,
                    "underlying_price_t": 4588.96
                }
            },
            "sv_2023-07-06_2023-09-15": {
                "call": {
                    "start_date": "2023-07-06",
                    "strike": 4450.0,
                    "maturity": "2023-09-15",
                    "units": -0.0011247910657796252,
                    "gamma": 0.001308600641216132,
                    "vega": 772.978370029009,
                    "tau": 0.19452054794520549,
                    "delta_t_1": 0.6977478869835885,
                    "option_price_t_1": 170.98,
                    "underlying_t_1": 4582.23,
                    "Option_PnL": 0.00013497492789352818,
                    "Delta_PnL": -0.005281842566970282,
                    "Total_PnL": 0.00541681749486381,
                    "delta_t": 0.7129990953600738,
                    "option_price_t": 170.86,
                    "underlying_price_t": 4588.96
                },
                "put": {
                    "start_date": "2023-07-06",
                    "strike": 4450.0,
                    "maturity": "2023-09-15",
                    "units": -0.0011247910657796252,
                    "gamma": 0.001308600641216132,
                    "vega": 772.978370029009,
                    "tau": 0.19452054794520549,
                    "delta_t_1": -0.3022521130164115,
                    "option_price_t_1": 38.75,
                    "underlying_t_1": 4582.23,
                    "Option_PnL": 0.007704818800590435,
                    "Delta_PnL": 0.0022880013057271277,
                    "Total_PnL": 0.0054168174948633074,
                    "delta_t": -0.2870009046399262,
                    "option_price_t": 31.9,
                    "underlying_price_t": 4588.96
                }
            },
            "sv_2023-07-07_2023-09-15": {
                "call": {
                    "start_date": "2023-07-07",
                    "strike": 4400.0,
                    "maturity": "2023-09-15",
                    "units": -0.0011358148759582772,
                    "gamma": 0.0013775573649942843,
                    "vega": 768.2022298752236,
                    "tau": 0.1917808219178082,
                    "delta_t_1": 0.7614028381748863,
                    "option_price_t_1": 208.48,
                    "underlying_t_1": 4582.23,
                    "Option_PnL": -0.0013516197023903474,
                    "Delta_PnL": -0.00582018927041874,
                    "Total_PnL": 0.004468569568028393,
                    "delta_t": 0.7773110415428679,
                    "option_price_t": 209.67,
                    "underlying_price_t": 4588.96
                },
                "put": {
                    "start_date": "2023-07-07",
                    "strike": 4400.0,
                    "maturity": "2023-09-15",
                    "units": -0.0011358148759582772,
                    "gamma": 0.0013775573649942843,
                    "vega": 768.2022298752236,
                    "tau": 0.1917808219178082,
                    "delta_t_1": -0.2385971618251137,
                    "option_price_t_1": 26.25,
                    "underlying_t_1": 4582.23,
                    "Option_PnL": 0.006292414412808855,
                    "Delta_PnL": 0.001823844844781003,
                    "Total_PnL": 0.0044685695680278525,
                    "delta_t": -0.2226889584571321,
                    "option_price_t": 20.71,
                    "underlying_price_t": 4588.96
                }
            },
            "sv_2023-07-10_2023-09-15": {
                "call": {
                    "start_date": "2023-07-10",
                    "strike": 4400.0,
                    "maturity": "2023-09-15",
                    "units": -0.0011627918700710985,
                    "gamma": 0.0014366723097491328,
                    "vega": 752.0587020551768,
                    "tau": 0.18356164383561643,
                    "delta_t_1": 0.7658527691785266,
                    "option_price_t_1": 208.48,
                    "underlying_t_1": 4582.23,
                    "Option_PnL": -0.0013837223253846047,
                    "Delta_PnL": -0.0059932492248145185,
                    "Total_PnL": 0.0046095268994299134,
                    "delta_t": 0.7819475986749077,
                    "option_price_t": 209.67,
                    "underlying_price_t": 4588.96
                },
                "put": {
                    "start_date": "2023-07-10",
                    "strike": 4400.0,
                    "maturity": "2023-09-15",
                    "units": -0.0011627918700710985,
                    "gamma": 0.0014366723097491328,
                    "vega": 752.0587020551768,
                    "tau": 0.18356164383561643,
                    "delta_t_1": -0.23414723082147337,
                    "option_price_t_1": 26.25,
                    "underlying_t_1": 4582.23,
                    "Option_PnL": 0.0064418669601938846,
                    "Delta_PnL": 0.0018323400607645254,
                    "Total_PnL": 0.004609526899429359,
                    "delta_t": -0.2180524013250923,
                    "option_price_t": 20.71,
                    "underlying_price_t": 4588.96
                }
            },
            "sv_2023-07-11_2023-09-15": {
                "call": {
                    "start_date": "2023-07-11",
                    "strike": 4400.0,
                    "maturity": "2023-09-15",
                    "units": -0.001177001694755432,
                    "gamma": 0.0014279015059981805,
                    "vega": 741.7357238205004,
                    "tau": 0.18082191780821918,
                    "delta_t_1": 0.7673942157925562,
                    "option_price_t_1": 208.48,
                    "underlying_t_1": 4582.23,
                    "Option_PnL": -0.0014006320167589614,
                    "Delta_PnL": -0.0060786994887499024,
                    "Total_PnL": 0.004678067471990941,
                    "delta_t": 0.7835516066225267,
                    "option_price_t": 209.67,
                    "underlying_price_t": 4588.96
                },
                "put": {
                    "start_date": "2023-07-11",
                    "strike": 4400.0,
                    "maturity": "2023-09-15",
                    "units": -0.001177001694755432,
                    "gamma": 0.0014279015059981805,
                    "vega": 741.7357238205004,
                    "tau": 0.18082191780821918,
                    "delta_t_1": -0.23260578420744382,
                    "option_price_t_1": 26.25,
                    "underlying_t_1": 4582.23,
                    "Option_PnL": 0.0065205893889450925,
                    "Delta_PnL": 0.0018425219169547124,
                    "Total_PnL": 0.00467806747199038,
                    "delta_t": -0.21644839337747335,
                    "option_price_t": 20.71,
                    "underlying_price_t": 4588.96
                }
            },
            "sv_2023-07-12_2023-09-15": {
                "call": {
                    "start_date": "2023-07-12",
                    "strike": 4450.0,
                    "maturity": "2023-09-15",
                    "units": -0.0011658710257523238,
                    "gamma": 0.0014789479077036694,
                    "vega": 748.1218365836694,
                    "tau": 0.1780821917808219,
                    "delta_t_1": 0.7049396187605634,
                    "option_price_t_1": 170.98,
                    "underlying_t_1": 4582.23,
                    "Option_PnL": 0.00013990452309025104,
                    "Delta_PnL": -0.005531176192292386,
                    "Total_PnL": 0.005671080715382637,
                    "delta_t": 0.7207245167689932,
                    "option_price_t": 170.86,
                    "underlying_price_t": 4588.96
                },
                "put": {
                    "start_date": "2023-07-12",
                    "strike": 4450.0,
                    "maturity": "2023-09-15",
                    "units": -0.0011658710257523238,
                    "gamma": 0.0014789479077036694,
                    "vega": 748.1218365836694,
                    "tau": 0.1780821917808219,
                    "delta_t_1": -0.29506038123943656,
                    "option_price_t_1": 38.75,
                    "underlying_t_1": 4582.23,
                    "Option_PnL": 0.00798621652640342,
                    "Delta_PnL": 0.0023151358110213047,
                    "Total_PnL": 0.005671080715382115,
                    "delta_t": -0.2792754832310068,
                    "option_price_t": 31.9,
                    "underlying_price_t": 4588.96
                }
            },
            "sv_2023-07-13_2023-09-15": {
                "call": {
                    "start_date": "2023-07-13",
                    "strike": 4450.0,
                    "maturity": "2023-09-15",
                    "units": -0.0011918133633011666,
                    "gamma": 0.0014259391983383958,
                    "vega": 729.6626613721254,
                    "tau": 0.17534246575342466,
                    "delta_t_1": 0.7062312243131041,
                    "option_price_t_1": 170.98,
                    "underlying_t_1": 4582.23,
                    "Option_PnL": 0.00014301760359611154,
                    "Delta_PnL": -0.0056646128061251435,
                    "Total_PnL": 0.0058076304097212554,
                    "delta_t": 0.7221096391880787,
                    "option_price_t": 170.86,
                    "underlying_price_t": 4588.96
                },
                "put": {
                    "start_date": "2023-07-13",
                    "strike": 4450.0,
                    "maturity": "2023-09-15",
                    "units": -0.0011918133633011666,
                    "gamma": 0.0014259391983383958,
                    "vega": 729.6626613721254,
                    "tau": 0.17534246575342466,
                    "delta_t_1": -0.29376877568689586,
                    "option_price_t_1": 38.75,
                    "underlying_t_1": 4582.23,
                    "Option_PnL": 0.008163921538612994,
                    "Delta_PnL": 0.0023562911288922714,
                    "Total_PnL": 0.005807630409720722,
                    "delta_t": -0.2778903608119213,
                    "option_price_t": 31.9,
                    "underlying_price_t": 4588.96
                }
            },
            "sv_2023-07-14_2023-09-15": {
                "call": {
                    "start_date": "2023-07-14",
                    "strike": 4500.0,
                    "maturity": "2023-09-15",
                    "units": -0.0011679520417272088,
                    "gamma": 0.0015110572064607971,
                    "vega": 745.8130870180066,
                    "tau": 0.1726027397260274,
                    "delta_t_1": 0.6363035432934924,
                    "option_price_t_1": 137.32,
                    "underlying_t_1": 4582.23,
                    "Option_PnL": 0.0015650557359144638,
                    "Delta_PnL": -0.005001547711747664,
                    "Total_PnL": 0.006566603447662128,
                    "delta_t": 0.650847895886065,
                    "option_price_t": 135.98,
                    "underlying_price_t": 4588.96
                },
                "put": {
                    "start_date": "2023-07-14",
                    "strike": 4500.0,
                    "maturity": "2023-09-15",
                    "units": -0.0011679520417272088,
                    "gamma": 0.0015110572064607971,
                    "vega": 745.8130870180066,
                    "tau": 0.1726027397260274,
                    "delta_t_1": -0.36369645670650763,
                    "option_price_t_1": 55.09,
                    "underlying_t_1": 4582.23,
                    "Option_PnL": 0.009425372976738575,
                    "Delta_PnL": 0.002858769529077004,
                    "Total_PnL": 0.006566603447661571,
                    "delta_t": -0.34915210411393505,
                    "option_price_t": 47.02,
                    "underlying_price_t": 4588.96
                }
            },
            "sv_2023-07-17_2023-09-15": {
                "call": {
                    "start_date": "2023-07-17",
                    "strike": 4500.0,
                    "maturity": "2023-09-15",
                    "units": -0.001200103753204286,
                    "gamma": 0.001559058495360842,
                    "vega": 726.477069225696,
                    "tau": 0.1643835616438356,
                    "delta_t_1": 0.6390141951814716,
                    "option_price_t_1": 137.32,
                    "underlying_t_1": 4582.23,
                    "Option_PnL": 0.0016081390292937473,
                    "Delta_PnL": -0.005161124837740277,
                    "Total_PnL": 0.006769263867034024,
                    "delta_t": 0.6538949922920545,
                    "option_price_t": 135.98,
                    "underlying_price_t": 4588.96
                },
                "put": {
                    "start_date": "2023-07-17",
                    "strike": 4500.0,
                    "maturity": "2023-09-15",
                    "units": -0.001200103753204286,
                    "gamma": 0.001559058495360842,
                    "vega": 726.477069225696,
                    "tau": 0.1643835616438356,
                    "delta_t_1": -0.3609858048185284,
                    "option_price_t_1": 55.09,
                    "underlying_t_1": 4582.23,
                    "Option_PnL": 0.009684837288358589,
                    "Delta_PnL": 0.002915573421325135,
                    "Total_PnL": 0.006769263867033454,
                    "delta_t": -0.3461050077079455,
                    "option_price_t": 47.02,
                    "underlying_price_t": 4588.96
                }
            },
            "sv_2023-07-18_2023-09-15": {
                "call": {
                    "start_date": "2023-07-18",
                    "strike": 4500.0,
                    "maturity": "2023-09-15",
                    "units": -0.0012321259758444178,
                    "gamma": 0.0015875822568586757,
                    "vega": 707.3935359234781,
                    "tau": 0.16164383561643836,
                    "delta_t_1": 0.6399646121624791,
                    "option_price_t_1": 137.32,
                    "underlying_t_1": 4582.23,
                    "Option_PnL": 0.001651048807631524,
                    "Delta_PnL": -0.005306719559854517,
                    "Total_PnL": 0.00695776836748604,
                    "delta_t": 0.6549623665808861,
                    "option_price_t": 135.98,
                    "underlying_price_t": 4588.96
                },
                "put": {
                    "start_date": "2023-07-18",
                    "strike": 4500.0,
                    "maturity": "2023-09-15",
                    "units": -0.0012321259758444178,
                    "gamma": 0.0015875822568586757,
                    "vega": 707.3935359234781,
                    "tau": 0.16164383561643836,
                    "delta_t_1": -0.36003538783752087,
                    "option_price_t_1": 55.09,
                    "underlying_t_1": 4582.23,
                    "Option_PnL": 0.009943256625064453,
                    "Delta_PnL": 0.0029854882575789977,
                    "Total_PnL": 0.006957768367485455,
                    "delta_t": -0.34503763341911386,
                    "option_price_t": 47.02,
                    "underlying_price_t": 4588.96
                }
            },
            "sv_2023-07-19_2023-09-15": {
                "call": {
                    "start_date": "2023-07-19",
                    "strike": 4550.0,
                    "maturity": "2023-09-15",
                    "units": -0.0012055527540023345,
                    "gamma": 0.0016528599428804985,
                    "vega": 723.0284837343006,
                    "tau": 0.1589041095890411,
                    "delta_t_1": 0.5624777215896806,
                    "option_price_t_1": 107.83,
                    "underlying_t_1": 4582.23,
                    "Option_PnL": 0.0028209934443654667,
                    "Delta_PnL": -0.004563589891383707,
                    "Total_PnL": 0.007384583335749173,
                    "delta_t": 0.5752183572088312,
                    "option_price_t": 105.49,
                    "underlying_price_t": 4588.96
                },
                "put": {
                    "start_date": "2023-07-19",
                    "strike": 4550.0,
                    "maturity": "2023-09-15",
                    "units": -0.0012055527540023345,
                    "gamma": 0.0016528599428804985,
                    "vega": 723.0284837343006,
                    "tau": 0.1589041095890411,
                    "delta_t_1": -0.43752227841031943,
                    "option_price_t_1": 75.6,
                    "underlying_t_1": 4582.23,
                    "Option_PnL": 0.010934363478801164,
                    "Delta_PnL": 0.003549780143052573,
                    "Total_PnL": 0.007384583335748591,
                    "delta_t": -0.4247816427911688,
                    "option_price_t": 66.53,
                    "underlying_price_t": 4588.96
                }
            },
            "sv_2023-07-20_2023-09-15": {
                "call": {
                    "start_date": "2023-07-20",
                    "strike": 4550.0,
                    "maturity": "2023-09-15",
                    "units": -0.0012205834321860425,
                    "gamma": 0.0016399121568209717,
                    "vega": 714.4880211714752,
                    "tau": 0.15616438356164383,
                    "delta_t_1": 0.5628330214066825,
                    "option_price_t_1": 107.83,
                    "underlying_t_1": 4582.23,
                    "Option_PnL": 0.0028561652313153435,
                    "Delta_PnL": -0.004623406768639411,
                    "Total_PnL": 0.007479571999954754,
                    "delta_t": 0.5756898494425514,
                    "option_price_t": 105.49,
                    "underlying_price_t": 4588.96
                },
                "put": {
                    "start_date": "2023-07-20",
                    "strike": 4550.0,
                    "maturity": "2023-09-15",
                    "units": -0.0012205834321860425,
                    "gamma": 0.0016399121568209717,
                    "vega": 714.4880211714752,
                    "tau": 0.15616438356164383,
                    "delta_t_1": -0.43716697859331755,
                    "option_price_t_1": 75.6,
                    "underlying_t_1": 4582.23,
                    "Option_PnL": 0.011070691729927397,
                    "Delta_PnL": 0.0035911197299732336,
                    "Total_PnL": 0.007479571999954164,
                    "delta_t": -0.4243101505574486,
                    "option_price_t": 66.53,
                    "underlying_price_t": 4588.96
                }
            },
            "sv_2023-07-21_2023-09-15": {
                "call": {
                    "start_date": "2023-07-21",
                    "strike": 4550.0,
                    "maturity": "2023-09-15",
                    "units": -0.001232212537751722,
                    "gamma": 0.0016715509402728179,
                    "vega": 708.5265742297752,
                    "tau": 0.15342465753424658,
                    "delta_t_1": 0.5631993951772212,
                    "option_price_t_1": 107.83,
                    "underlying_t_1": 4582.23,
                    "Option_PnL": 0.0028833773383390338,
                    "Delta_PnL": -0.004670494525823517,
                    "Total_PnL": 0.007553871864162551,
                    "delta_t": 0.5761753801596303,
                    "option_price_t": 105.49,
                    "underlying_price_t": 4588.96
                },
                "put": {
                    "start_date": "2023-07-21",
                    "strike": 4550.0,
                    "maturity": "2023-09-15",
                    "units": -0.001232212537751722,
                    "gamma": 0.0016715509402728179,
                    "vega": 708.5265742297752,
                    "tau": 0.15342465753424658,
                    "delta_t_1": -0.4368006048227788,
                    "option_price_t_1": 75.6,
                    "underlying_t_1": 4582.23,
                    "Option_PnL": 0.01117616771740811,
                    "Delta_PnL": 0.0036222958532461536,
                    "Total_PnL": 0.007553871864161956,
                    "delta_t": -0.4238246198403697,
                    "option_price_t": 66.53,
                    "underlying_price_t": 4588.96
                }
            },
            "sv_2023-07-24_2023-10-20": {
                "call": {
                    "start_date": "2023-07-24",
                    "strike": 4550.0,
                    "maturity": "2023-10-20",
                    "units": -0.0009802907453467682,
                    "gamma": 0.0013332588358252338,
                    "vega": 891.1515137092537,
                    "tau": 0.2410958904109589,
                    "delta_t_1": 0.5552963455775718,
                    "option_price_t_1": 135.7,
                    "underlying_t_1": 4582.23,
                    "Option_PnL": 0.0028428431615056056,
                    "Delta_PnL": -0.0036634880749687434,
                    "Total_PnL": 0.006506331236474349,
                    "delta_t": 0.5654996533725921,
                    "option_price_t": 132.8,
                    "underlying_price_t": 4588.96
                },
                "put": {
                    "start_date": "2023-07-24",
                    "strike": 4550.0,
                    "maturity": "2023-10-20",
                    "units": -0.0009802907453467682,
                    "gamma": 0.0013332588358252338,
                    "vega": 891.1515137092537,
                    "tau": 0.2410958904109589,
                    "delta_t_1": -0.4447036544224282,
                    "option_price_t_1": 103.47,
                    "underlying_t_1": 4582.23,
                    "Option_PnL": 0.009440199877689374,
                    "Delta_PnL": 0.0029338686412154705,
                    "Total_PnL": 0.006506331236473904,
                    "delta_t": -0.4345003466274079,
                    "option_price_t": 93.84,
                    "underlying_price_t": 4588.96
                }
            },
            "sv_2023-07-25_2023-10-20": {
                "call": {
                    "start_date": "2023-07-25",
                    "strike": 4550.0,
                    "maturity": "2023-10-20",
                    "units": -0.000985871548214657,
                    "gamma": 0.001333148824814659,
                    "vega": 885.9046086233391,
                    "tau": 0.23835616438356164,
                    "delta_t_1": 0.5554603450908048,
                    "option_price_t_1": 135.7,
                    "underlying_t_1": 4582.23,
                    "Option_PnL": 0.002859027489822483,
                    "Delta_PnL": -0.0036854324641015343,
                    "Total_PnL": 0.006544459953924017,
                    "delta_t": 0.5657272610819865,
                    "option_price_t": 132.8,
                    "underlying_price_t": 4588.96
                },
                "put": {
                    "start_date": "2023-07-25",
                    "strike": 4550.0,
                    "maturity": "2023-10-20",
                    "units": -0.000985871548214657,
                    "gamma": 0.001333148824814659,
                    "vega": 885.9046086233391,
                    "tau": 0.23835616438356164,
                    "delta_t_1": -0.4445396549091952,
                    "option_price_t_1": 103.47,
                    "underlying_t_1": 4582.23,
                    "Option_PnL": 0.009493943009307141,
                    "Delta_PnL": 0.0029494830553835733,
                    "Total_PnL": 0.006544459953923568,
                    "delta_t": -0.43427273891801355,
                    "option_price_t": 93.84,
                    "underlying_price_t": 4588.96
                }
            },
            "sv_2023-07-26_2023-10-20": {
                "call": {
                    "start_date": "2023-07-26",
                    "strike": 4550.0,
                    "maturity": "2023-10-20",
                    "units": -0.0009928353260769648,
                    "gamma": 0.001365754983284074,
                    "vega": 880.804313253716,
                    "tau": 0.2356164383561644,
                    "delta_t_1": 0.5556280614528047,
                    "option_price_t_1": 135.7,
                    "underlying_t_1": 4582.23,
                    "Option_PnL": 0.0028792224456231754,
                    "Delta_PnL": -0.0037125854377464095,
                    "Total_PnL": 0.006591807883369585,
                    "delta_t": 0.5659596415511357,
                    "option_price_t": 132.8,
                    "underlying_price_t": 4588.96
                },
                "put": {
                    "start_date": "2023-07-26",
                    "strike": 4550.0,
                    "maturity": "2023-10-20",
                    "units": -0.0009928353260769648,
                    "gamma": 0.001365754983284074,
                    "vega": 880.804313253716,
                    "tau": 0.2356164383561644,
                    "delta_t_1": -0.44437193854719526,
                    "option_price_t_1": 103.47,
                    "underlying_t_1": 4582.23,
                    "Option_PnL": 0.009561004190121167,
                    "Delta_PnL": 0.002969196306752033,
                    "Total_PnL": 0.006591807883369134,
                    "delta_t": -0.43404035844886435,
                    "option_price_t": 93.84,
                    "underlying_price_t": 4588.96
                }
            },
            "sv_2023-07-27_2023-10-20": {
                "call": {
                    "start_date": "2023-07-27",
                    "strike": 4550.0,
                    "maturity": "2023-10-20",
                    "units": -0.0010021190624991312,
                    "gamma": 0.0013716222008634512,
                    "vega": 873.4820344183698,
                    "tau": 0.2328767123287671,
                    "delta_t_1": 0.5557996083716887,
                    "option_price_t_1": 135.7,
                    "underlying_t_1": 4582.23,
                    "Option_PnL": 0.002906145281247458,
                    "Delta_PnL": -0.0037484577840827286,
                    "Total_PnL": 0.006654603065330186,
                    "delta_t": 0.566196938790711,
                    "option_price_t": 132.8,
                    "underlying_price_t": 4588.96
                },
                "put": {
                    "start_date": "2023-07-27",
                    "strike": 4550.0,
                    "maturity": "2023-10-20",
                    "units": -0.0010021190624991312,
                    "gamma": 0.0013716222008634512,
                    "vega": 873.4820344183698,
                    "tau": 0.2328767123287671,
                    "delta_t_1": -0.44420039162831126,
                    "option_price_t_1": 103.47,
                    "underlying_t_1": 4582.23,
                    "Option_PnL": 0.009650406571866629,
                    "Delta_PnL": 0.0029958035065368984,
                    "Total_PnL": 0.006654603065329731,
                    "delta_t": -0.433803061209289,
                    "option_price_t": 93.84,
                    "underlying_price_t": 4588.96
                }
            },
            "sv_2023-07-28_2023-10-20": {
                "call": {
                    "start_date": "2023-07-28",
                    "strike": 4550.0,
                    "maturity": "2023-10-20",
                    "units": -0.0010040962454248563,
                    "gamma": 0.0013206241245735685,
                    "vega": 868.3143653035694,
                    "tau": 0.23013698630136986,
                    "delta_t_1": 0.5559751043519289,
                    "option_price_t_1": 135.7,
                    "underlying_t_1": 4537.41,
                    "delta_t": 0.5664393028438408,
                    "option_price_t": 132.8,
                    "underlying_price_t": 4588.96,
                    "Option_PnL": 0.0029118791117320607,
                    "Delta_PnL": -0.028777917139458997,
                    "Total_PnL": 0.03168979625119106
                },
                "put": {
                    "start_date": "2023-07-28",
                    "strike": 4550.0,
                    "maturity": "2023-10-20",
                    "units": -0.0010040962454248563,
                    "gamma": 0.0013206241245735685,
                    "vega": 868.3143653035694,
                    "tau": 0.23013698630136986,
                    "delta_t_1": -0.4440248956480711,
                    "option_price_t_1": 103.47,
                    "underlying_t_1": 4537.41,
                    "delta_t": -0.4335606971561592,
                    "option_price_t": 93.84,
                    "underlying_price_t": 4588.96,
                    "Option_PnL": 0.009669446843441362,
                    "Delta_PnL": 0.022983244312192532,
                    "Total_PnL": -0.01331379746875117
                }
            },
            "sv_2023-07-31_2023-10-20": {
                "call": {
                    "start_date": "2023-07-31",
                    "strike": 4600.0,
                    "maturity": "2023-10-20",
                    "units": -0.0010138177445505527,
                    "delta_t": 0.4967168239514398,
                    "gamma": 0.0014116817163590274,
                    "vega": 862.393963467008,
                    "tau": 0.2219178082191781,
                    "option_price_t": 107.42,
                    "underlying_price_t": 4582.23
                },
                "put": {
                    "start_date": "2023-07-31",
                    "strike": 4600.0,
                    "maturity": "2023-10-20",
                    "units": -0.0010138177445505527,
                    "delta_t": -0.5032831760485602,
                    "gamma": 0.0014116817163590274,
                    "vega": 862.393963467008,
                    "tau": 0.2219178082191781,
                    "option_price_t": 118.46,
                    "underlying_price_t": 4582.23
                }
            }
        }
    }
}