{
    "spx_strategy": {
        "date": "2023-06-02",
        "index_levels": 109.58400822265178,
        "result": {
            "sv_2023-03-20_2023-06-16": {
                "call": {
                    "start_date": "2023-03-20",
                    "strike": 3900.0,
                    "maturity": "2023-06-16",
                    "units": -0.0010777792477548146,
                    "gamma": 0.0009773923533955842,
                    "vega": 761.6115961030035,
                    "tau": 0.2410958904109589,
                    "delta_t_1": 0.8283258091796292,
                    "option_price_t_1": 321.76,
                    "underlying_t_1": 4221.02,
                    "Option_PnL": -0.06553975605597027,
                    "Delta_PnL": -0.054770357746953886,
                    "Total_PnL": -0.010769398309016388,
                    "delta_t": 0.8618424580944701,
                    "option_price_t": 382.57,
                    "underlying_price_t": 4282.37
                },
                "put": {
                    "start_date": "2023-03-20",
                    "strike": 3900.0,
                    "maturity": "2023-06-16",
                    "units": -0.0010777792477548146,
                    "gamma": 0.0009773923533955842,
                    "vega": 761.6115961030035,
                    "tau": 0.2410958904109589,
                    "delta_t_1": -0.17167419082037083,
                    "option_price_t_1": 0.74,
                    "underlying_t_1": 4221.02,
                    "Option_PnL": 0.0005820007937875999,
                    "Delta_PnL": 0.011351399102803394,
                    "Total_PnL": -0.010769398309015795,
                    "delta_t": -0.13815754190552987,
                    "option_price_t": 0.2,
                    "underlying_price_t": 4282.37
                }
            },
            "sv_2023-03-21_2023-06-16": {
                "call": {
                    "start_date": "2023-03-21",
                    "strike": 3950.0,
                    "maturity": "2023-06-16",
                    "units": -0.0010689044673254002,
                    "gamma": 0.0009497855738619657,
                    "vega": 767.0563091766749,
                    "tau": 0.23835616438356164,
                    "delta_t_1": 0.7899097402060643,
                    "option_price_t_1": 272.94,
                    "underlying_t_1": 4221.02,
                    "Option_PnL": -0.06416633517354381,
                    "Delta_PnL": -0.0518001393730277,
                    "Total_PnL": -0.012366195800516108,
                    "delta_t": 0.8292926451876499,
                    "option_price_t": 332.97,
                    "underlying_price_t": 4282.37
                },
                "put": {
                    "start_date": "2023-03-21",
                    "strike": 3950.0,
                    "maturity": "2023-06-16",
                    "units": -0.0010689044673254002,
                    "gamma": 0.0009497855738619657,
                    "vega": 767.0563091766749,
                    "tau": 0.23835616438356164,
                    "delta_t_1": -0.2100902597939357,
                    "option_price_t_1": 1.92,
                    "underlying_t_1": 4221.02,
                    "Option_PnL": 0.0014109538968695282,
                    "Delta_PnL": 0.01377714969738503,
                    "Total_PnL": -0.012366195800515503,
                    "delta_t": -0.1707073548123501,
                    "option_price_t": 0.6,
                    "underlying_price_t": 4282.37
                }
            },
            "sv_2023-03-22_2023-06-16": {
                "call": {
                    "start_date": "2023-03-22",
                    "strike": 4000.0,
                    "maturity": "2023-06-16",
                    "units": -0.0010782542096399155,
                    "gamma": 0.0009784130190006633,
                    "vega": 758.3795352773161,
                    "tau": 0.2356164383561644,
                    "delta_t_1": 0.746939453481165,
                    "option_price_t_1": 225.49,
                    "underlying_t_1": 4221.02,
                    "Option_PnL": -0.06305630617974228,
                    "Delta_PnL": -0.049410713927315775,
                    "Total_PnL": -0.013645592252426508,
                    "delta_t": 0.7922825282333783,
                    "option_price_t": 283.97,
                    "underlying_price_t": 4282.37
                },
                "put": {
                    "start_date": "2023-03-22",
                    "strike": 4000.0,
                    "maturity": "2023-06-16",
                    "units": -0.0010782542096399155,
                    "gamma": 0.0009784130190006633,
                    "vega": 758.3795352773161,
                    "tau": 0.2356164383561644,
                    "delta_t_1": -0.25306054651883503,
                    "option_price_t_1": 4.47,
                    "underlying_t_1": 4221.02,
                    "Option_PnL": 0.003094589581666557,
                    "Delta_PnL": 0.016740181834092455,
                    "Total_PnL": -0.013645592252425898,
                    "delta_t": -0.2077174717666217,
                    "option_price_t": 1.6,
                    "underlying_price_t": 4282.37
                }
            },
            "sv_2023-03-23_2023-06-16": {
                "call": {
                    "start_date": "2023-03-23",
                    "strike": 3950.0,
                    "maturity": "2023-06-16",
                    "units": -0.001079294758347358,
                    "gamma": 0.0009934954671887838,
                    "vega": 759.3420961720451,
                    "tau": 0.2328767123287671,
                    "delta_t_1": 0.7923277747695099,
                    "option_price_t_1": 272.94,
                    "underlying_t_1": 4221.02,
                    "Option_PnL": -0.06479006434359193,
                    "Delta_PnL": -0.052463772391277384,
                    "Total_PnL": -0.012326291952314543,
                    "delta_t": 0.8318408492549295,
                    "option_price_t": 332.97,
                    "underlying_price_t": 4282.37
                },
                "put": {
                    "start_date": "2023-03-23",
                    "strike": 3950.0,
                    "maturity": "2023-06-16",
                    "units": -0.001079294758347358,
                    "gamma": 0.0009934954671887838,
                    "vega": 759.3420961720451,
                    "tau": 0.2328767123287671,
                    "delta_t_1": -0.20767222523049012,
                    "option_price_t_1": 1.92,
                    "underlying_t_1": 4221.02,
                    "Option_PnL": 0.0014246690810185124,
                    "Delta_PnL": 0.013750961033332431,
                    "Total_PnL": -0.012326291952313918,
                    "delta_t": -0.16815915074507048,
                    "option_price_t": 0.6,
                    "underlying_price_t": 4282.37
                }
            },
            "sv_2023-03-24_2023-06-16": {
                "call": {
                    "start_date": "2023-03-24",
                    "strike": 3950.0,
                    "maturity": "2023-06-16",
                    "units": -0.0010859010438367326,
                    "gamma": 0.0009912747879510858,
                    "vega": 755.9609364072736,
                    "tau": 0.23013698630136986,
                    "delta_t_1": 0.7935639176105147,
                    "option_price_t_1": 272.94,
                    "underlying_t_1": 4221.02,
                    "Option_PnL": -0.0651866396615191,
                    "Delta_PnL": -0.05286725123581899,
                    "Total_PnL": -0.0123193884257001,
                    "delta_t": 0.8331405390142594,
                    "option_price_t": 332.97,
                    "underlying_price_t": 4282.37
                },
                "put": {
                    "start_date": "2023-03-24",
                    "strike": 3950.0,
                    "maturity": "2023-06-16",
                    "units": -0.0010859010438367326,
                    "gamma": 0.0009912747879510858,
                    "vega": 755.9609364072736,
                    "tau": 0.23013698630136986,
                    "delta_t_1": -0.2064360823894853,
                    "option_price_t_1": 1.92,
                    "underlying_t_1": 4221.02,
                    "Option_PnL": 0.0014333893778644869,
                    "Delta_PnL": 0.013752777803563963,
                    "Total_PnL": -0.012319388425699476,
                    "delta_t": -0.16685946098574056,
                    "option_price_t": 0.6,
                    "underlying_price_t": 4282.37
                }
            },
            "sv_2023-03-27_2023-06-16": {
                "call": {
                    "start_date": "2023-03-27",
                    "strike": 3950.0,
                    "maturity": "2023-06-16",
                    "units": -0.0011100590246826713,
                    "gamma": 0.0010063153050965917,
                    "vega": 742.1815219860355,
                    "tau": 0.2219178082191781,
                    "delta_t_1": 0.7973860564429729,
                    "option_price_t_1": 272.94,
                    "underlying_t_1": 4221.02,
                    "Option_PnL": -0.06663684325170079,
                    "Delta_PnL": -0.05430368183058777,
                    "Total_PnL": -0.012333161421113015,
                    "delta_t": 0.8371461864612671,
                    "option_price_t": 332.97,
                    "underlying_price_t": 4282.37
                },
                "put": {
                    "start_date": "2023-03-27",
                    "strike": 3950.0,
                    "maturity": "2023-06-16",
                    "units": -0.0011100590246826713,
                    "gamma": 0.0010063153050965917,
                    "vega": 742.1815219860355,
                    "tau": 0.2219178082191781,
                    "delta_t_1": -0.2026139435570271,
                    "option_price_t_1": 1.92,
                    "underlying_t_1": 4221.02,
                    "Option_PnL": 0.001465277912581126,
                    "Delta_PnL": 0.01379843933369351,
                    "Total_PnL": -0.012333161421112383,
                    "delta_t": -0.16285381353873285,
                    "option_price_t": 0.6,
                    "underlying_price_t": 4282.37
                }
            },
            "sv_2023-03-28_2023-06-16": {
                "call": {
                    "start_date": "2023-03-28",
                    "strike": 4000.0,
                    "maturity": "2023-06-16",
                    "units": -0.0011145040542978985,
                    "gamma": 0.0010412163610418821,
                    "vega": 741.455956544214,
                    "tau": 0.2191780821917808,
                    "delta_t_1": 0.753720063192015,
                    "option_price_t_1": 225.49,
                    "underlying_t_1": 4221.02,
                    "Option_PnL": -0.06517619709534113,
                    "Delta_PnL": -0.051535476463404464,
                    "Total_PnL": -0.013640720631936665,
                    "delta_t": 0.7998679291211166,
                    "option_price_t": 283.97,
                    "underlying_price_t": 4282.37
                },
                "put": {
                    "start_date": "2023-03-28",
                    "strike": 4000.0,
                    "maturity": "2023-06-16",
                    "units": -0.0011145040542978985,
                    "gamma": 0.0010412163610418821,
                    "vega": 741.455956544214,
                    "tau": 0.2191780821917808,
                    "delta_t_1": -0.246279936807985,
                    "option_price_t_1": 4.47,
                    "underlying_t_1": 4221.02,
                    "Option_PnL": 0.0031986266358349684,
                    "Delta_PnL": 0.016839347267771008,
                    "Total_PnL": -0.01364072063193604,
                    "delta_t": -0.2001320708788834,
                    "option_price_t": 1.6,
                    "underlying_price_t": 4282.37
                }
            },
            "sv_2023-03-29_2023-06-16": {
                "call": {
                    "start_date": "2023-03-29",
                    "strike": 3950.0,
                    "maturity": "2023-06-16",
                    "units": -0.0011370876177729402,
                    "gamma": 0.0009741344533689134,
                    "vega": 725.0803002861737,
                    "tau": 0.21643835616438356,
                    "delta_t_1": 0.8000335322577409,
                    "option_price_t_1": 272.94,
                    "underlying_t_1": 4221.02,
                    "Option_PnL": -0.06825936969490963,
                    "Delta_PnL": -0.055810599501505145,
                    "Total_PnL": -0.012448770193404485,
                    "delta_t": 0.8399091382819291,
                    "option_price_t": 332.97,
                    "underlying_price_t": 4282.37
                },
                "put": {
                    "start_date": "2023-03-29",
                    "strike": 3950.0,
                    "maturity": "2023-06-16",
                    "units": -0.0011370876177729402,
                    "gamma": 0.0009741344533689134,
                    "vega": 725.0803002861737,
                    "tau": 0.21643835616438356,
                    "delta_t_1": -0.19996646774225912,
                    "option_price_t_1": 1.92,
                    "underlying_t_1": 4221.02,
                    "Option_PnL": 0.0015009556554602809,
                    "Delta_PnL": 0.013949725848864116,
                    "Total_PnL": -0.012448770193403834,
                    "delta_t": -0.16009086171807085,
                    "option_price_t": 0.6,
                    "underlying_price_t": 4282.37
                }
            },
            "sv_2023-03-30_2023-06-16": {
                "call": {
                    "start_date": "2023-03-30",
                    "strike": 4050.0,
                    "maturity": "2023-06-16",
                    "units": -0.001106167005362329,
                    "gamma": 0.0010001570277281466,
                    "vega": 746.0784996049753,
                    "tau": 0.2136986301369863,
                    "delta_t_1": 0.7064912021753945,
                    "option_price_t_1": 180.4,
                    "underlying_t_1": 4221.02,
                    "Option_PnL": -0.06167987221900345,
                    "Delta_PnL": -0.04794485674303485,
                    "Total_PnL": -0.013735015475968601,
                    "delta_t": 0.7591354142932041,
                    "option_price_t": 236.16,
                    "underlying_price_t": 4282.37
                },
                "put": {
                    "start_date": "2023-03-30",
                    "strike": 4050.0,
                    "maturity": "2023-06-16",
                    "units": -0.001106167005362329,
                    "gamma": 0.0010001570277281466,
                    "vega": 746.0784996049753,
                    "tau": 0.2136986301369863,
                    "delta_t_1": -0.2935087978246055,
                    "option_price_t_1": 9.38,
                    "underlying_t_1": 4221.02,
                    "Option_PnL": 0.006183473559975419,
                    "Delta_PnL": 0.01991848903594343,
                    "Total_PnL": -0.013735015475968011,
                    "delta_t": -0.24086458570679592,
                    "option_price_t": 3.79,
                    "underlying_price_t": 4282.37
                }
            },
            "sv_2023-03-31_2023-06-16": {
                "call": {
                    "start_date": "2023-03-31",
                    "strike": 4050.0,
                    "maturity": "2023-06-16",
                    "units": -0.0011165230930607994,
                    "gamma": 0.0009709615394481138,
                    "vega": 738.4580333924386,
                    "tau": 0.21095890410958903,
                    "delta_t_1": 0.707517563862053,
                    "option_price_t_1": 180.4,
                    "underlying_t_1": 4221.02,
                    "Option_PnL": -0.06225732766907017,
                    "Delta_PnL": -0.04846402752126307,
                    "Total_PnL": -0.013793300147807101,
                    "delta_t": 0.760382492960247,
                    "option_price_t": 236.16,
                    "underlying_price_t": 4282.37
                },
                "put": {
                    "start_date": "2023-03-31",
                    "strike": 4050.0,
                    "maturity": "2023-06-16",
                    "units": -0.0011165230930607994,
                    "gamma": 0.0009709615394481138,
                    "vega": 738.4580333924386,
                    "tau": 0.21095890410958903,
                    "delta_t_1": -0.292482436137947,
                    "option_price_t_1": 9.38,
                    "underlying_t_1": 4221.02,
                    "Option_PnL": 0.006241364090209869,
                    "Delta_PnL": 0.020034664238016364,
                    "Total_PnL": -0.013793300147806494,
                    "delta_t": -0.23961750703975304,
                    "option_price_t": 3.79,
                    "underlying_price_t": 4282.37
                }
            },
            "sv_2023-04-03_2023-06-16": {
                "call": {
                    "start_date": "2023-04-03",
                    "strike": 4100.0,
                    "maturity": "2023-06-16",
                    "units": -0.0011238589526335603,
                    "gamma": 0.0009998127221923165,
                    "vega": 736.4128704758666,
                    "tau": 0.20273972602739726,
                    "delta_t_1": 0.6563761531878121,
                    "option_price_t_1": 138.93,
                    "underlying_t_1": 4221.02,
                    "Option_PnL": -0.057923690418733687,
                    "Delta_PnL": -0.04525631315499224,
                    "Total_PnL": -0.012667377263741446,
                    "delta_t": 0.7159104231284739,
                    "option_price_t": 190.47,
                    "underlying_price_t": 4282.37
                },
                "put": {
                    "start_date": "2023-04-03",
                    "strike": 4100.0,
                    "maturity": "2023-06-16",
                    "units": -0.0011238589526335603,
                    "gamma": 0.0009998127221923165,
                    "vega": 736.4128704758666,
                    "tau": 0.20273972602739726,
                    "delta_t_1": -0.34362384681218794,
                    "option_price_t_1": 17.91,
                    "underlying_t_1": 4221.02,
                    "Option_PnL": 0.011025056325335228,
                    "Delta_PnL": 0.02369243358907607,
                    "Total_PnL": -0.012667377263740844,
                    "delta_t": -0.28408957687152614,
                    "option_price_t": 8.1,
                    "underlying_price_t": 4282.37
                }
            },
            "sv_2023-04-04_2023-06-16": {
                "call": {
                    "start_date": "2023-04-04",
                    "strike": 4100.0,
                    "maturity": "2023-06-16",
                    "units": -0.0011403971519180654,
                    "gamma": 0.001068309791017914,
                    "vega": 730.787164238398,
                    "tau": 0.2,
                    "delta_t_1": 0.6571859318233749,
                    "option_price_t_1": 138.93,
                    "underlying_t_1": 4221.02,
                    "Option_PnL": -0.05877606920985708,
                    "Delta_PnL": -0.045978939398577584,
                    "Total_PnL": -0.0127971298112795,
                    "delta_t": 0.717040487409172,
                    "option_price_t": 190.47,
                    "underlying_price_t": 4282.37
                },
                "put": {
                    "start_date": "2023-04-04",
                    "strike": 4100.0,
                    "maturity": "2023-06-16",
                    "units": -0.0011403971519180654,
                    "gamma": 0.001068309791017914,
                    "vega": 730.787164238398,
                    "tau": 0.2,
                    "delta_t_1": -0.3428140681766251,
                    "option_price_t_1": 17.91,
                    "underlying_t_1": 4221.02,
                    "Option_PnL": 0.011187296060316222,
                    "Delta_PnL": 0.023984425871595102,
                    "Total_PnL": -0.01279712981127888,
                    "delta_t": -0.28295951259082797,
                    "option_price_t": 8.1,
                    "underlying_price_t": 4282.37
                }
            },
            "sv_2023-04-05_2023-06-16": {
                "call": {
                    "start_date": "2023-04-05",
                    "strike": 4100.0,
                    "maturity": "2023-06-16",
                    "units": -0.0011516959769544781,
                    "gamma": 0.0010786430533476596,
                    "vega": 724.6250467183567,
                    "tau": 0.19726027397260273,
                    "delta_t_1": 0.6580131661733803,
                    "option_price_t_1": 138.93,
                    "underlying_t_1": 4221.02,
                    "Option_PnL": -0.059358410652233795,
                    "Delta_PnL": -0.04649293898285492,
                    "Total_PnL": -0.012865471669378875,
                    "delta_t": 0.7181930893902564,
                    "option_price_t": 190.47,
                    "underlying_price_t": 4282.37
                },
                "put": {
                    "start_date": "2023-04-05",
                    "strike": 4100.0,
                    "maturity": "2023-06-16",
                    "units": -0.0011516959769544781,
                    "gamma": 0.0010786430533476596,
                    "vega": 724.6250467183567,
                    "tau": 0.19726027397260273,
                    "delta_t_1": -0.34198683382661965,
                    "option_price_t_1": 17.91,
                    "underlying_t_1": 4221.02,
                    "Option_PnL": 0.011298137533923431,
                    "Delta_PnL": 0.024163609203301684,
                    "Total_PnL": -0.012865471669378252,
                    "delta_t": -0.2818069106097436,
                    "option_price_t": 8.1,
                    "underlying_price_t": 4282.37
                }
            },
            "sv_2023-04-06_2023-06-16": {
                "call": {
                    "start_date": "2023-04-06",
                    "strike": 4100.0,
                    "maturity": "2023-06-16",
                    "units": -0.0011588833466297222,
                    "gamma": 0.00108249082619092,
                    "vega": 721.0507509813425,
                    "tau": 0.19452054794520549,
                    "delta_t_1": 0.6588584498082847,
                    "option_price_t_1": 138.93,
                    "underlying_t_1": 4221.02,
                    "Option_PnL": -0.05972884768529587,
                    "Delta_PnL": -0.04684318423125861,
                    "Total_PnL": -0.012885663454037258,
                    "delta_t": 0.7193689485642526,
                    "option_price_t": 190.47,
                    "underlying_price_t": 4282.37
                },
                "put": {
                    "start_date": "2023-04-06",
                    "strike": 4100.0,
                    "maturity": "2023-06-16",
                    "units": -0.0011588833466297222,
                    "gamma": 0.00108249082619092,
                    "vega": 721.0507509813425,
                    "tau": 0.19452054794520549,
                    "delta_t_1": -0.3411415501917153,
                    "option_price_t_1": 17.91,
                    "underlying_t_1": 4221.02,
                    "Option_PnL": 0.011368645630437576,
                    "Delta_PnL": 0.024254309084474214,
                    "Total_PnL": -0.012885663454036638,
                    "delta_t": -0.2806310514357474,
                    "option_price_t": 8.1,
                    "underlying_price_t": 4282.37
                }
            },
            "sv_2023-04-10_2023-06-16": {
                "call": {
                    "start_date": "2023-04-10",
                    "strike": 4100.0,
                    "maturity": "2023-06-16",
                    "units": -0.001201783725822193,
                    "gamma": 0.0011325057076263085,
                    "vega": 700.6861260486891,
                    "tau": 0.18356164383561643,
                    "delta_t_1": 0.6624329787885177,
                    "option_price_t_1": 138.93,
                    "underlying_t_1": 4221.02,
                    "Option_PnL": -0.06193993322887582,
                    "Delta_PnL": -0.048840806985387626,
                    "Total_PnL": -0.01309912624348819,
                    "delta_t": 0.7243205132500905,
                    "option_price_t": 190.47,
                    "underlying_price_t": 4282.37
                },
                "put": {
                    "start_date": "2023-04-10",
                    "strike": 4100.0,
                    "maturity": "2023-06-16",
                    "units": -0.001201783725822193,
                    "gamma": 0.0011325057076263085,
                    "vega": 700.6861260486891,
                    "tau": 0.18356164383561643,
                    "delta_t_1": -0.3375670212114823,
                    "option_price_t_1": 17.91,
                    "underlying_t_1": 4221.02,
                    "Option_PnL": 0.011789498350315715,
                    "Delta_PnL": 0.02488862459380326,
                    "Total_PnL": -0.013099126243487547,
                    "delta_t": -0.2756794867499095,
                    "option_price_t": 8.1,
                    "underlying_price_t": 4282.37
                }
            },
            "sv_2023-04-11_2023-06-16": {
                "call": {
                    "start_date": "2023-04-11",
                    "strike": 4100.0,
                    "maturity": "2023-06-16",
                    "units": -0.0012127619359261178,
                    "gamma": 0.0011415528596579773,
                    "vega": 695.438084682217,
                    "tau": 0.18082191780821918,
                    "delta_t_1": 0.6633784691592695,
                    "option_price_t_1": 138.93,
                    "underlying_t_1": 4221.02,
                    "Option_PnL": -0.0625057501776321,
                    "Delta_PnL": -0.04935731160184512,
                    "Total_PnL": -0.013148438575786979,
                    "delta_t": 0.7256246449148178,
                    "option_price_t": 190.47,
                    "underlying_price_t": 4282.37
                },
                "put": {
                    "start_date": "2023-04-11",
                    "strike": 4100.0,
                    "maturity": "2023-06-16",
                    "units": -0.0012127619359261178,
                    "gamma": 0.0011415528596579773,
                    "vega": 695.438084682217,
                    "tau": 0.18082191780821918,
                    "delta_t_1": -0.33662153084073054,
                    "option_price_t_1": 17.91,
                    "underlying_t_1": 4221.02,
                    "Option_PnL": 0.011897194591435217,
                    "Delta_PnL": 0.025045633167221547,
                    "Total_PnL": -0.01314843857578633,
                    "delta_t": -0.2743753550851822,
                    "option_price_t": 8.1,
                    "underlying_price_t": 4282.37
                }
            },
            "sv_2023-04-12_2023-06-16": {
                "call": {
                    "start_date": "2023-04-12",
                    "strike": 4100.0,
                    "maturity": "2023-06-16",
                    "units": -0.0012265469771282548,
                    "gamma": 0.0011559467017287076,
                    "vega": 688.7687202906841,
                    "tau": 0.1780821917808219,
                    "delta_t_1": 0.6643462321347824,
                    "option_price_t_1": 138.93,
                    "underlying_t_1": 4221.02,
                    "Option_PnL": -0.06321623120119024,
                    "Delta_PnL": -0.04999116178225583,
                    "Total_PnL": -0.013225069418934414,
                    "delta_t": 0.7269570963706983,
                    "option_price_t": 190.47,
                    "underlying_price_t": 4282.37
                },
                "put": {
                    "start_date": "2023-04-12",
                    "strike": 4100.0,
                    "maturity": "2023-06-16",
                    "units": -0.0012265469771282548,
                    "gamma": 0.0011559467017287076,
                    "vega": 688.7687202906841,
                    "tau": 0.1780821917808219,
                    "delta_t_1": -0.3356537678652176,
                    "option_price_t_1": 17.91,
                    "underlying_t_1": 4221.02,
                    "Option_PnL": 0.012032425845628181,
                    "Delta_PnL": 0.025257495264561943,
                    "Total_PnL": -0.013225069418933762,
                    "delta_t": -0.2730429036293017,
                    "option_price_t": 8.1,
                    "underlying_price_t": 4282.37
                }
            },
            "sv_2023-04-13_2023-06-16": {
                "call": {
                    "start_date": "2023-04-13",
                    "strike": 4100.0,
                    "maturity": "2023-06-16",
                    "units": -0.0012341621667509462,
                    "gamma": 0.0011167966270260246,
                    "vega": 682.1672658191461,
                    "tau": 0.17534246575342466,
                    "delta_t_1": 0.665337101840088,
                    "option_price_t_1": 138.93,
                    "underlying_t_1": 4221.02,
                    "Option_PnL": -0.06360871807434376,
                    "Delta_PnL": -0.05037656349056115,
                    "Total_PnL": -0.013232154583782609,
                    "delta_t": 0.7283188564067864,
                    "option_price_t": 190.47,
                    "underlying_price_t": 4282.37
                },
                "put": {
                    "start_date": "2023-04-13",
                    "strike": 4100.0,
                    "maturity": "2023-06-16",
                    "units": -0.0012341621667509462,
                    "gamma": 0.0011167966270260246,
                    "vega": 682.1672658191461,
                    "tau": 0.17534246575342466,
                    "delta_t_1": -0.334662898159912,
                    "option_price_t_1": 17.91,
                    "underlying_t_1": 4221.02,
                    "Option_PnL": 0.012107130855826783,
                    "Delta_PnL": 0.025339285439608724,
                    "Total_PnL": -0.01323215458378194,
                    "delta_t": -0.2716811435932136,
                    "option_price_t": 8.1,
                    "underlying_price_t": 4282.37
                }
            },
            "sv_2023-04-14_2023-06-16": {
                "call": {
                    "start_date": "2023-04-14",
                    "strike": 4150.0,
                    "maturity": "2023-06-16",
                    "units": -0.001230724960676176,
                    "gamma": 0.0011490383795319662,
                    "vega": 685.7687545244515,
                    "tau": 0.1726027397260274,
                    "delta_t_1": 0.6049466084416991,
                    "option_price_t_1": 102.37,
                    "underlying_t_1": 4221.02,
                    "Option_PnL": -0.05628105245172152,
                    "Delta_PnL": -0.045676479355830926,
                    "Total_PnL": -0.010604573095890593,
                    "delta_t": 0.6743856813165737,
                    "option_price_t": 148.1,
                    "underlying_price_t": 4282.37
                },
                "put": {
                    "start_date": "2023-04-14",
                    "strike": 4150.0,
                    "maturity": "2023-06-16",
                    "units": -0.001230724960676176,
                    "gamma": 0.0011490383795319662,
                    "vega": 685.7687545244515,
                    "tau": 0.1726027397260274,
                    "delta_t_1": -0.3950533915583009,
                    "option_price_t_1": 31.35,
                    "underlying_t_1": 4221.02,
                    "Option_PnL": 0.01922392388576187,
                    "Delta_PnL": 0.02982849698165181,
                    "Total_PnL": -0.010604573095889941,
                    "delta_t": -0.3256143186834263,
                    "option_price_t": 15.73,
                    "underlying_price_t": 4282.37
                }
            },
            "sv_2023-04-17_2023-06-16": {
                "call": {
                    "start_date": "2023-04-17",
                    "strike": 4150.0,
                    "maturity": "2023-06-16",
                    "units": -0.001267142781663324,
                    "gamma": 0.0012081468232629782,
                    "vega": 670.8263461507395,
                    "tau": 0.1643835616438356,
                    "delta_t_1": 0.6067808087487347,
                    "option_price_t_1": 102.37,
                    "underlying_t_1": 4221.02,
                    "Option_PnL": -0.0579464394054638,
                    "Delta_PnL": -0.047170660505975195,
                    "Total_PnL": -0.010775778899488601,
                    "delta_t": 0.6777333755391735,
                    "option_price_t": 148.1,
                    "underlying_price_t": 4282.37
                },
                "put": {
                    "start_date": "2023-04-17",
                    "strike": 4150.0,
                    "maturity": "2023-06-16",
                    "units": -0.001267142781663324,
                    "gamma": 0.0012081468232629782,
                    "vega": 670.8263461507395,
                    "tau": 0.1643835616438356,
                    "delta_t_1": -0.39321919125126525,
                    "option_price_t_1": 31.35,
                    "underlying_t_1": 4221.02,
                    "Option_PnL": 0.019792770249581124,
                    "Delta_PnL": 0.03056854914906905,
                    "Total_PnL": -0.010775778899487925,
                    "delta_t": -0.32226662446082655,
                    "option_price_t": 15.73,
                    "underlying_price_t": 4282.37
                }
            },
            "sv_2023-04-18_2023-06-16": {
                "call": {
                    "start_date": "2023-04-18",
                    "strike": 4150.0,
                    "maturity": "2023-06-16",
                    "units": -0.0012792492802729952,
                    "gamma": 0.0012166775231198213,
                    "vega": 665.4373925778152,
                    "tau": 0.16164383561643836,
                    "delta_t_1": 0.607426400579431,
                    "option_price_t_1": 102.37,
                    "underlying_t_1": 4221.02,
                    "Option_PnL": -0.05850006958688406,
                    "Delta_PnL": -0.04767200435637884,
                    "Total_PnL": -0.010828065230505217,
                    "delta_t": 0.6789059381678286,
                    "option_price_t": 148.1,
                    "underlying_price_t": 4282.37
                },
                "put": {
                    "start_date": "2023-04-18",
                    "strike": 4150.0,
                    "maturity": "2023-06-16",
                    "units": -0.0012792492802729952,
                    "gamma": 0.0012166775231198213,
                    "vega": 665.4373925778152,
                    "tau": 0.16164383561643836,
                    "delta_t_1": -0.392573599420569,
                    "option_price_t_1": 31.35,
                    "underlying_t_1": 4221.02,
                    "Option_PnL": 0.019981873757864185,
                    "Delta_PnL": 0.030809938988368722,
                    "Total_PnL": -0.010828065230504537,
                    "delta_t": -0.3210940618321714,
                    "option_price_t": 15.73,
                    "underlying_price_t": 4282.37
                }
            },
            "sv_2023-04-19_2023-06-16": {
                "call": {
                    "start_date": "2023-04-19",
                    "strike": 4150.0,
                    "maturity": "2023-06-16",
                    "units": -0.0012973353175571602,
                    "gamma": 0.0012782307522675555,
                    "vega": 659.7977665644812,
                    "tau": 0.1589041095890411,
                    "delta_t_1": 0.6080903135473155,
                    "option_price_t_1": 102.37,
                    "underlying_t_1": 4221.02,
                    "Option_PnL": -0.059327144071888924,
                    "Delta_PnL": -0.048398833405799556,
                    "Total_PnL": -0.010928310666089368,
                    "delta_t": 0.6801087542288283,
                    "option_price_t": 148.1,
                    "underlying_price_t": 4282.37
                },
                "put": {
                    "start_date": "2023-04-19",
                    "strike": 4150.0,
                    "maturity": "2023-06-16",
                    "units": -0.0012973353175571602,
                    "gamma": 0.0012782307522675555,
                    "vega": 659.7977665644812,
                    "tau": 0.1589041095890411,
                    "delta_t_1": -0.39190968645268454,
                    "option_price_t_1": 31.35,
                    "underlying_t_1": 4221.02,
                    "Option_PnL": 0.020264377660242843,
                    "Delta_PnL": 0.031192688326331517,
                    "Total_PnL": -0.010928310666088674,
                    "delta_t": -0.3198912457711717,
                    "option_price_t": 15.73,
                    "underlying_price_t": 4282.37
                }
            },
            "sv_2023-04-20_2023-06-16": {
                "call": {
                    "start_date": "2023-04-20",
                    "strike": 4150.0,
                    "maturity": "2023-06-16",
                    "units": -0.0013183654733454548,
                    "gamma": 0.0012879635719761579,
                    "vega": 650.8236269971854,
                    "tau": 0.15616438356164383,
                    "delta_t_1": 0.6087733494945663,
                    "option_price_t_1": 102.37,
                    "underlying_t_1": 4221.02,
                    "Option_PnL": -0.060288853096087634,
                    "Delta_PnL": -0.04923863668682945,
                    "Total_PnL": -0.011050216409258184,
                    "delta_t": 0.6813430756210641,
                    "option_price_t": 148.1,
                    "underlying_price_t": 4282.37
                },
                "put": {
                    "start_date": "2023-04-20",
                    "strike": 4150.0,
                    "maturity": "2023-06-16",
                    "units": -0.0013183654733454548,
                    "gamma": 0.0012879635719761579,
                    "vega": 650.8236269971854,
                    "tau": 0.15616438356164383,
                    "delta_t_1": -0.3912266505054337,
                    "option_price_t_1": 31.35,
                    "underlying_t_1": 4221.02,
                    "Option_PnL": 0.020592868693656004,
                    "Delta_PnL": 0.03164308510291348,
                    "Total_PnL": -0.011050216409257473,
                    "delta_t": -0.3186569243789359,
                    "option_price_t": 15.73,
                    "underlying_price_t": 4282.37
                }
            },
            "sv_2023-04-21_2023-06-16": {
                "call": {
                    "start_date": "2023-04-21",
                    "strike": 4150.0,
                    "maturity": "2023-06-16",
                    "units": -0.001338921060274271,
                    "gamma": 0.001387627486245778,
                    "vega": 645.7556344457362,
                    "tau": 0.15342465753424658,
                    "delta_t_1": 0.6094763596177268,
                    "option_price_t_1": 102.37,
                    "underlying_t_1": 4221.02,
                    "Option_PnL": -0.061228860086342395,
                    "Delta_PnL": -0.050064099008290217,
                    "Total_PnL": -0.011164761078052178,
                    "delta_t": 0.6826102272942264,
                    "option_price_t": 148.1,
                    "underlying_price_t": 4282.37
                },
                "put": {
                    "start_date": "2023-04-21",
                    "strike": 4150.0,
                    "maturity": "2023-06-16",
                    "units": -0.001338921060274271,
                    "gamma": 0.001387627486245778,
                    "vega": 645.7556344457362,
                    "tau": 0.15342465753424658,
                    "delta_t_1": -0.39052364038227316,
                    "option_price_t_1": 31.35,
                    "underlying_t_1": 4221.02,
                    "Option_PnL": 0.020913946961484114,
                    "Delta_PnL": 0.03207870803953557,
                    "Total_PnL": -0.011164761078051453,
                    "delta_t": -0.3173897727057736,
                    "option_price_t": 15.73,
                    "underlying_price_t": 4282.37
                }
            },
            "sv_2023-04-24_2023-06-16": {
                "call": {
                    "start_date": "2023-04-24",
                    "strike": 4150.0,
                    "maturity": "2023-06-16",
                    "units": -0.0013877065155541732,
                    "gamma": 0.0015012385899535472,
                    "vega": 628.8275319584196,
                    "tau": 0.14520547945205478,
                    "delta_t_1": 0.6117145732496667,
                    "option_price_t_1": 102.37,
                    "underlying_t_1": 4221.02,
                    "Option_PnL": -0.06345981895629232,
                    "Delta_PnL": -0.05207880634107303,
                    "Total_PnL": -0.011381012615219295,
                    "delta_t": 0.6866231294606446,
                    "option_price_t": 148.1,
                    "underlying_price_t": 4282.37
                },
                "put": {
                    "start_date": "2023-04-24",
                    "strike": 4150.0,
                    "maturity": "2023-06-16",
                    "units": -0.0013877065155541732,
                    "gamma": 0.0015012385899535472,
                    "vega": 628.8275319584196,
                    "tau": 0.14520547945205478,
                    "delta_t_1": -0.3882854267503333,
                    "option_price_t_1": 31.35,
                    "underlying_t_1": 4221.02,
                    "Option_PnL": 0.021675975772956185,
                    "Delta_PnL": 0.033056988388174745,
                    "Total_PnL": -0.01138101261521856,
                    "delta_t": -0.31337687053935537,
                    "option_price_t": 15.73,
                    "underlying_price_t": 4282.37
                }
            },
            "sv_2023-04-25_2023-06-16": {
                "call": {
                    "start_date": "2023-04-25",
                    "strike": 4150.0,
                    "maturity": "2023-06-16",
                    "units": -0.0014637195803202912,
                    "gamma": 0.0014086161980716768,
                    "vega": 594.388673525962,
                    "tau": 0.14246575342465753,
                    "delta_t_1": 0.6125071262765955,
                    "option_price_t_1": 102.37,
                    "underlying_t_1": 4221.02,
                    "Option_PnL": -0.0669358964080469,
                    "Delta_PnL": -0.05500264763865811,
                    "Total_PnL": -0.01193324876938879,
                    "delta_t": 0.6880365182989837,
                    "option_price_t": 148.1,
                    "underlying_price_t": 4282.37
                },
                "put": {
                    "start_date": "2023-04-25",
                    "strike": 4150.0,
                    "maturity": "2023-06-16",
                    "units": -0.0014637195803202912,
                    "gamma": 0.0014086161980716768,
                    "vega": 594.388673525962,
                    "tau": 0.14246575342465753,
                    "delta_t_1": -0.38749287372340446,
                    "option_price_t_1": 31.35,
                    "underlying_t_1": 4221.02,
                    "Option_PnL": 0.02286329984460295,
                    "Delta_PnL": 0.03479654861399096,
                    "Total_PnL": -0.011933248769388009,
                    "delta_t": -0.3119634817010163,
                    "option_price_t": 15.73,
                    "underlying_price_t": 4282.37
                }
            },
            "sv_2023-04-26_2023-06-16": {
                "call": {
                    "start_date": "2023-04-26",
                    "strike": 4050.0,
                    "maturity": "2023-06-16",
                    "units": -0.00144781086642904,
                    "gamma": 0.0015231612562406208,
                    "vega": 603.9276237812584,
                    "tau": 0.13972602739726028,
                    "delta_t_1": 0.7434730950788017,
                    "option_price_t_1": 180.4,
                    "underlying_t_1": 4221.02,
                    "Option_PnL": -0.08072993391208326,
                    "Delta_PnL": -0.06603765693219878,
                    "Total_PnL": -0.014692276979884483,
                    "delta_t": 0.8028895558565295,
                    "option_price_t": 236.16,
                    "underlying_price_t": 4282.37
                },
                "put": {
                    "start_date": "2023-04-26",
                    "strike": 4050.0,
                    "maturity": "2023-06-16",
                    "units": -0.00144781086642904,
                    "gamma": 0.0015231612562406208,
                    "vega": 603.9276237812584,
                    "tau": 0.13972602739726028,
                    "delta_t_1": -0.25652690492119834,
                    "option_price_t_1": 9.38,
                    "underlying_t_1": 4221.02,
                    "Option_PnL": 0.008093262743338334,
                    "Delta_PnL": 0.022785539723222035,
                    "Total_PnL": -0.0146922769798837,
                    "delta_t": -0.19711044414347045,
                    "option_price_t": 3.79,
                    "underlying_price_t": 4282.37
                }
            },
            "sv_2023-04-27_2023-06-16": {
                "call": {
                    "start_date": "2023-04-27",
                    "strike": 4050.0,
                    "maturity": "2023-06-16",
                    "units": -0.0015057914562616303,
                    "gamma": 0.0013621811518224976,
                    "vega": 575.1299487095695,
                    "tau": 0.136986301369863,
                    "delta_t_1": 0.7453534621811222,
                    "option_price_t_1": 180.4,
                    "underlying_t_1": 4221.02,
                    "Option_PnL": -0.0839629316011485,
                    "Delta_PnL": -0.06885598079642492,
                    "Total_PnL": -0.015106950804723573,
                    "delta_t": 0.8050476074764004,
                    "option_price_t": 236.16,
                    "underlying_price_t": 4282.37
                },
                "put": {
                    "start_date": "2023-04-27",
                    "strike": 4050.0,
                    "maturity": "2023-06-16",
                    "units": -0.0015057914562616303,
                    "gamma": 0.0013621811518224976,
                    "vega": 575.1299487095695,
                    "tau": 0.136986301369863,
                    "delta_t_1": -0.2546465378188778,
                    "option_price_t_1": 9.38,
                    "underlying_t_1": 4221.02,
                    "Option_PnL": 0.008417374240502514,
                    "Delta_PnL": 0.023524325045225274,
                    "Total_PnL": -0.01510695080472276,
                    "delta_t": -0.19495239252359964,
                    "option_price_t": 3.79,
                    "underlying_price_t": 4282.37
                }
            },
            "sv_2023-04-28_2023-06-16": {
                "call": {
                    "start_date": "2023-04-28",
                    "strike": 4150.0,
                    "maturity": "2023-06-16",
                    "units": -0.0014321272663427177,
                    "gamma": 0.001493772282715357,
                    "vega": 606.0839108034626,
                    "tau": 0.13424657534246576,
                    "delta_t_1": 0.615040599800806,
                    "option_price_t_1": 102.37,
                    "underlying_t_1": 4221.02,
                    "Option_PnL": -0.06549117988985247,
                    "Delta_PnL": -0.05403808693034174,
                    "Total_PnL": -0.011453092959510726,
                    "delta_t": 0.6925289979273559,
                    "option_price_t": 148.1,
                    "underlying_price_t": 4282.37
                },
                "put": {
                    "start_date": "2023-04-28",
                    "strike": 4150.0,
                    "maturity": "2023-06-16",
                    "units": -0.0014321272663427177,
                    "gamma": 0.001493772282715357,
                    "vega": 606.0839108034626,
                    "tau": 0.13424657534246576,
                    "delta_t_1": -0.38495940019919395,
                    "option_price_t_1": 31.35,
                    "underlying_t_1": 4221.02,
                    "Option_PnL": 0.02236982790027325,
                    "Delta_PnL": 0.0338229208597832,
                    "Total_PnL": -0.011453092959509952,
                    "delta_t": -0.3074710020726441,
                    "option_price_t": 15.73,
                    "underlying_price_t": 4282.37
                }
            },
            "sv_2023-05-01_2023-07-21": {
                "call": {
                    "start_date": "2023-05-01",
                    "strike": 4150.0,
                    "maturity": "2023-07-21",
                    "units": -0.001118809254092822,
                    "gamma": 0.0012009433787203178,
                    "vega": 779.8458472982643,
                    "tau": 0.2219178082191781,
                    "delta_t_1": 0.596412127022198,
                    "option_price_t_1": 149.27,
                    "underlying_t_1": 4221.02,
                    "Option_PnL": -0.0464641483224749,
                    "Delta_PnL": -0.04093710081734035,
                    "Total_PnL": -0.0055270475051345455,
                    "delta_t": 0.6584466981462346,
                    "option_price_t": 190.8,
                    "underlying_price_t": 4282.37
                },
                "put": {
                    "start_date": "2023-05-01",
                    "strike": 4150.0,
                    "maturity": "2023-07-21",
                    "units": -0.001118809254092822,
                    "gamma": 0.0012009433787203178,
                    "vega": 779.8458472982643,
                    "tau": 0.2219178082191781,
                    "delta_t_1": -0.40358787297780196,
                    "option_price_t_1": 78.25,
                    "underlying_t_1": 4221.02,
                    "Option_PnL": 0.02217479941611973,
                    "Delta_PnL": 0.027701846921253673,
                    "Total_PnL": -0.005527047505133942,
                    "delta_t": -0.3415533018537654,
                    "option_price_t": 58.43,
                    "underlying_price_t": 4282.37
                }
            },
            "sv_2023-05-02_2023-07-21": {
                "call": {
                    "start_date": "2023-05-02",
                    "strike": 4150.0,
                    "maturity": "2023-07-21",
                    "units": -0.0011364040493693874,
                    "gamma": 0.0011961647434677813,
                    "vega": 768.4337145189843,
                    "tau": 0.2191780821917808,
                    "delta_t_1": 0.5967989937440074,
                    "option_price_t_1": 149.27,
                    "underlying_t_1": 4221.02,
                    "Option_PnL": -0.04719486017031066,
                    "Delta_PnL": -0.04160786405976843,
                    "Total_PnL": -0.005586996110542232,
                    "delta_t": 0.6591839940404269,
                    "option_price_t": 190.8,
                    "underlying_price_t": 4282.37
                },
                "put": {
                    "start_date": "2023-05-02",
                    "strike": 4150.0,
                    "maturity": "2023-07-21",
                    "units": -0.0011364040493693874,
                    "gamma": 0.0011961647434677813,
                    "vega": 768.4337145189843,
                    "tau": 0.2191780821917808,
                    "delta_t_1": -0.40320100625599264,
                    "option_price_t_1": 78.25,
                    "underlying_t_1": 4221.02,
                    "Option_PnL": 0.02252352825850126,
                    "Delta_PnL": 0.02811052436904287,
                    "Total_PnL": -0.005586996110541611,
                    "delta_t": -0.34081600595957307,
                    "option_price_t": 58.43,
                    "underlying_price_t": 4282.37
                }
            },
            "sv_2023-05-03_2023-07-21": {
                "call": {
                    "start_date": "2023-05-03",
                    "strike": 4100.0,
                    "maturity": "2023-07-21",
                    "units": -0.0011541776525012728,
                    "gamma": 0.0012313385071434436,
                    "vega": 759.1952256481195,
                    "tau": 0.21643835616438356,
                    "delta_t_1": 0.6525701086646171,
                    "option_price_t_1": 180.46,
                    "underlying_t_1": 4221.02,
                    "Option_PnL": -0.05235349831745772,
                    "Delta_PnL": -0.046207705645411164,
                    "Total_PnL": -0.0061457926720465544,
                    "delta_t": 0.7105750278210571,
                    "option_price_t": 225.82,
                    "underlying_price_t": 4282.37
                },
                "put": {
                    "start_date": "2023-05-03",
                    "strike": 4100.0,
                    "maturity": "2023-07-21",
                    "units": -0.0011541776525012728,
                    "gamma": 0.0012313385071434436,
                    "vega": 759.1952256481195,
                    "tau": 0.21643835616438356,
                    "delta_t_1": -0.34742989133538293,
                    "option_price_t_1": 59.44,
                    "underlying_t_1": 4221.02,
                    "Option_PnL": 0.018455300663495346,
                    "Delta_PnL": 0.024601093335541283,
                    "Total_PnL": -0.006145792672045937,
                    "delta_t": -0.2894249721789429,
                    "option_price_t": 43.45,
                    "underlying_price_t": 4282.37
                }
            },
            "sv_2023-05-04_2023-07-21": {
                "call": {
                    "start_date": "2023-05-04",
                    "strike": 4100.0,
                    "maturity": "2023-07-21",
                    "units": -0.001181607965946895,
                    "gamma": 0.0013066566522292467,
                    "vega": 745.9826968131879,
                    "tau": 0.2136986301369863,
                    "delta_t_1": 0.6533006282737942,
                    "option_price_t_1": 180.46,
                    "underlying_t_1": 4221.02,
                    "Option_PnL": -0.05359773733535114,
                    "Delta_PnL": -0.047358839647395845,
                    "Total_PnL": -0.006238897687955297,
                    "delta_t": 0.711602185238314,
                    "option_price_t": 225.82,
                    "underlying_price_t": 4282.37
                },
                "put": {
                    "start_date": "2023-05-04",
                    "strike": 4100.0,
                    "maturity": "2023-07-21",
                    "units": -0.001181607965946895,
                    "gamma": 0.0013066566522292467,
                    "vega": 745.9826968131879,
                    "tau": 0.2136986301369863,
                    "delta_t_1": -0.3466993717262058,
                    "option_price_t_1": 59.44,
                    "underlying_t_1": 4221.02,
                    "Option_PnL": 0.018893911375490846,
                    "Delta_PnL": 0.02513280906344552,
                    "Total_PnL": -0.006238897687954673,
                    "delta_t": -0.288397814761686,
                    "option_price_t": 43.45,
                    "underlying_price_t": 4282.37
                }
            },
            "sv_2023-05-05_2023-07-21": {
                "call": {
                    "start_date": "2023-05-05",
                    "strike": 4050.0,
                    "maturity": "2023-07-21",
                    "units": -0.0012045815030238087,
                    "gamma": 0.001166268418311305,
                    "vega": 723.1263048661901,
                    "tau": 0.21095890410958903,
                    "delta_t_1": 0.707517563862053,
                    "option_price_t_1": 215.03,
                    "underlying_t_1": 4221.02,
                    "Option_PnL": -0.058807668977622365,
                    "Delta_PnL": -0.0522863086997264,
                    "Total_PnL": -0.006521360277895967,
                    "delta_t": 0.760382492960247,
                    "option_price_t": 263.85,
                    "underlying_price_t": 4282.37
                },
                "put": {
                    "start_date": "2023-05-05",
                    "strike": 4050.0,
                    "maturity": "2023-07-21",
                    "units": -0.0012045815030238087,
                    "gamma": 0.001166268418311305,
                    "vega": 723.1263048661901,
                    "tau": 0.21095890410958903,
                    "delta_t_1": -0.292482436137947,
                    "option_price_t_1": 44.01,
                    "underlying_t_1": 4221.02,
                    "Option_PnL": 0.01509340623288832,
                    "Delta_PnL": 0.02161476651078361,
                    "Total_PnL": -0.0065213602778952905,
                    "delta_t": -0.23961750703975304,
                    "option_price_t": 31.48,
                    "underlying_price_t": 4282.37
                }
            },
            "sv_2023-05-08_2023-07-21": {
                "call": {
                    "start_date": "2023-05-08",
                    "strike": 4150.0,
                    "maturity": "2023-07-21",
                    "units": -0.0011761829137768595,
                    "gamma": 0.0012502528276856848,
                    "vega": 743.3308579791623,
                    "tau": 0.20273972602739726,
                    "delta_t_1": 0.599308770132214,
                    "option_price_t_1": 149.27,
                    "underlying_t_1": 4221.02,
                    "Option_PnL": -0.04884687640915298,
                    "Delta_PnL": -0.0432454147233009,
                    "Total_PnL": -0.0056014616858520785,
                    "delta_t": 0.6639301329810926,
                    "option_price_t": 190.8,
                    "underlying_price_t": 4282.37
                },
                "put": {
                    "start_date": "2023-05-08",
                    "strike": 4150.0,
                    "maturity": "2023-07-21",
                    "units": -0.0011761829137768595,
                    "gamma": 0.0012502528276856848,
                    "vega": 743.3308579791623,
                    "tau": 0.20273972602739726,
                    "delta_t_1": -0.40069122986778605,
                    "option_price_t_1": 78.25,
                    "underlying_t_1": 4221.02,
                    "Option_PnL": 0.023311945351057357,
                    "Delta_PnL": 0.02891340703690878,
                    "Total_PnL": -0.005601461685851423,
                    "delta_t": -0.3360698670189074,
                    "option_price_t": 58.43,
                    "underlying_price_t": 4282.37
                }
            },
            "sv_2023-05-09_2023-07-21": {
                "call": {
                    "start_date": "2023-05-09",
                    "strike": 4150.0,
                    "maturity": "2023-07-21",
                    "units": -0.0011940862605680368,
                    "gamma": 0.0012541850398198901,
                    "vega": 733.6683112025726,
                    "tau": 0.2,
                    "delta_t_1": 0.5997613817518892,
                    "option_price_t_1": 149.27,
                    "underlying_t_1": 4221.02,
                    "Option_PnL": -0.04959040240139057,
                    "Delta_PnL": -0.04393683474867201,
                    "Total_PnL": -0.005653567652718565,
                    "delta_t": 0.6647795839480131,
                    "option_price_t": 190.8,
                    "underlying_price_t": 4282.37
                },
                "put": {
                    "start_date": "2023-05-09",
                    "strike": 4150.0,
                    "maturity": "2023-07-21",
                    "units": -0.0011940862605680368,
                    "gamma": 0.0012541850398198901,
                    "vega": 733.6683112025726,
                    "tau": 0.2,
                    "delta_t_1": -0.4002386182481108,
                    "option_price_t_1": 78.25,
                    "underlying_t_1": 4221.02,
                    "Option_PnL": 0.02366678968445849,
                    "Delta_PnL": 0.029320357337176407,
                    "Total_PnL": -0.005653567652717916,
                    "delta_t": -0.33522041605198694,
                    "option_price_t": 58.43,
                    "underlying_price_t": 4282.37
                }
            },
            "sv_2023-05-10_2023-07-21": {
                "call": {
                    "start_date": "2023-05-10",
                    "strike": 4100.0,
                    "maturity": "2023-07-21",
                    "units": -0.0012090874651284945,
                    "gamma": 0.0012432901249369568,
                    "vega": 724.0831603780638,
                    "tau": 0.19726027397260273,
                    "delta_t_1": 0.6580131661733803,
                    "option_price_t_1": 180.46,
                    "underlying_t_1": 4221.02,
                    "Option_PnL": -0.05484420741822849,
                    "Delta_PnL": -0.04880978215258256,
                    "Total_PnL": -0.006034425265645932,
                    "delta_t": 0.7181930893902564,
                    "option_price_t": 225.82,
                    "underlying_price_t": 4282.37
                },
                "put": {
                    "start_date": "2023-05-10",
                    "strike": 4100.0,
                    "maturity": "2023-07-21",
                    "units": -0.0012090874651284945,
                    "gamma": 0.0012432901249369568,
                    "vega": 724.0831603780638,
                    "tau": 0.19726027397260273,
                    "delta_t_1": -0.34198683382661965,
                    "option_price_t_1": 59.44,
                    "underlying_t_1": 4221.02,
                    "Option_PnL": 0.01933330856740462,
                    "Delta_PnL": 0.025367733833049917,
                    "Total_PnL": -0.006034425265645297,
                    "delta_t": -0.2818069106097436,
                    "option_price_t": 43.45,
                    "underlying_price_t": 4282.37
                }
            },
            "sv_2023-05-11_2023-07-21": {
                "call": {
                    "start_date": "2023-05-11",
                    "strike": 4150.0,
                    "maturity": "2023-07-21",
                    "units": -0.0012102520706436168,
                    "gamma": 0.0013105943156719454,
                    "vega": 726.5293574480984,
                    "tau": 0.19452054794520549,
                    "delta_t_1": 0.6006991405272915,
                    "option_price_t_1": 149.27,
                    "underlying_t_1": 4221.02,
                    "Option_PnL": -0.050261768493829406,
                    "Delta_PnL": -0.044601289180606275,
                    "Total_PnL": -0.005660479313223131,
                    "delta_t": 0.6665336284637433,
                    "option_price_t": 190.8,
                    "underlying_price_t": 4282.37
                },
                "put": {
                    "start_date": "2023-05-11",
                    "strike": 4150.0,
                    "maturity": "2023-07-21",
                    "units": -0.0012102520706436168,
                    "gamma": 0.0013105943156719454,
                    "vega": 726.5293574480984,
                    "tau": 0.19452054794520549,
                    "delta_t_1": -0.39930085947270855,
                    "option_price_t_1": 78.25,
                    "underlying_t_1": 4221.02,
                    "Option_PnL": 0.023987196040156485,
                    "Delta_PnL": 0.029647675353378956,
                    "Total_PnL": -0.005660479313222472,
                    "delta_t": -0.3334663715362567,
                    "option_price_t": 58.43,
                    "underlying_price_t": 4282.37
                }
            },
            "sv_2023-05-12_2023-07-21": {
                "call": {
                    "start_date": "2023-05-12",
                    "strike": 4150.0,
                    "maturity": "2023-07-21",
                    "units": -0.0012244381388136576,
                    "gamma": 0.001326172126740332,
                    "vega": 719.6247595449391,
                    "tau": 0.1917808219178082,
                    "delta_t_1": 0.6011850673428178,
                    "option_price_t_1": 149.27,
                    "underlying_t_1": 4221.02,
                    "Option_PnL": -0.0508509159049312,
                    "Delta_PnL": -0.045160589295056536,
                    "Total_PnL": -0.005690326609874667,
                    "delta_t": 0.6674394800338103,
                    "option_price_t": 190.8,
                    "underlying_price_t": 4282.37
                },
                "put": {
                    "start_date": "2023-05-12",
                    "strike": 4150.0,
                    "maturity": "2023-07-21",
                    "units": -0.0012244381388136576,
                    "gamma": 0.001326172126740332,
                    "vega": 719.6247595449391,
                    "tau": 0.1917808219178082,
                    "delta_t_1": -0.39881493265718215,
                    "option_price_t_1": 78.25,
                    "underlying_t_1": 4221.02,
                    "Option_PnL": 0.024268363911286693,
                    "Delta_PnL": 0.029958690521160698,
                    "Total_PnL": -0.0056903266098740045,
                    "delta_t": -0.33256051996618974,
                    "option_price_t": 58.43,
                    "underlying_price_t": 4282.37
                }
            },
            "sv_2023-05-15_2023-07-21": {
                "call": {
                    "start_date": "2023-05-15",
                    "strike": 4100.0,
                    "maturity": "2023-07-21",
                    "units": -0.001269322737727619,
                    "gamma": 0.0013906819305326526,
                    "vega": 697.6627037652298,
                    "tau": 0.18356164383561643,
                    "delta_t_1": 0.6624329787885177,
                    "option_price_t_1": 180.46,
                    "underlying_t_1": 4221.02,
                    "Option_PnL": -0.05757647938332478,
                    "Delta_PnL": -0.051585610208779546,
                    "Total_PnL": -0.005990869174545235,
                    "delta_t": 0.7243205132500905,
                    "option_price_t": 225.82,
                    "underlying_price_t": 4282.37
                },
                "put": {
                    "start_date": "2023-05-15",
                    "strike": 4100.0,
                    "maturity": "2023-07-21",
                    "units": -0.001269322737727619,
                    "gamma": 0.0013906819305326526,
                    "vega": 697.6627037652298,
                    "tau": 0.18356164383561643,
                    "delta_t_1": -0.3375670212114823,
                    "option_price_t_1": 59.44,
                    "underlying_t_1": 4221.02,
                    "Option_PnL": 0.020296470576264623,
                    "Delta_PnL": 0.026287339750809192,
                    "Total_PnL": -0.005990869174544569,
                    "delta_t": -0.2756794867499095,
                    "option_price_t": 43.45,
                    "underlying_price_t": 4282.37
                }
            },
            "sv_2023-05-16_2023-07-21": {
                "call": {
                    "start_date": "2023-05-16",
                    "strike": 4150.0,
                    "maturity": "2023-07-21",
                    "units": -0.0012814880855534544,
                    "gamma": 0.0014116899657190634,
                    "vega": 693.1719526155051,
                    "tau": 0.18082191780821918,
                    "delta_t_1": 0.6032524712751837,
                    "option_price_t_1": 149.27,
                    "underlying_t_1": 4221.02,
                    "Option_PnL": -0.053220200193034965,
                    "Delta_PnL": -0.04742728342479086,
                    "Total_PnL": -0.005792916768244102,
                    "delta_t": 0.6712712245966741,
                    "option_price_t": 190.8,
                    "underlying_price_t": 4282.37
                },
                "put": {
                    "start_date": "2023-05-16",
                    "strike": 4150.0,
                    "maturity": "2023-07-21",
                    "units": -0.0012814880855534544,
                    "gamma": 0.0014116899657190634,
                    "vega": 693.1719526155051,
                    "tau": 0.18082191780821918,
                    "delta_t_1": -0.39674752872481633,
                    "option_price_t_1": 78.25,
                    "underlying_t_1": 4221.02,
                    "Option_PnL": 0.025399093855669467,
                    "Delta_PnL": 0.031192010623912865,
                    "Total_PnL": -0.005792916768243398,
                    "delta_t": -0.3287287754033259,
                    "option_price_t": 58.43,
                    "underlying_price_t": 4282.37
                }
            },
            "sv_2023-05-17_2023-07-21": {
                "call": {
                    "start_date": "2023-05-17",
                    "strike": 4100.0,
                    "maturity": "2023-07-21",
                    "units": -0.0012951178989175844,
                    "gamma": 0.0013442985796727675,
                    "vega": 680.274016592645,
                    "tau": 0.1780821917808219,
                    "delta_t_1": 0.6643462321347824,
                    "option_price_t_1": 180.46,
                    "underlying_t_1": 4221.02,
                    "Option_PnL": -0.05874654789490161,
                    "Delta_PnL": -0.05278595081899921,
                    "Total_PnL": -0.0059605970759024005,
                    "delta_t": 0.7269570963706983,
                    "option_price_t": 225.82,
                    "underlying_price_t": 4282.37
                },
                "put": {
                    "start_date": "2023-05-17",
                    "strike": 4100.0,
                    "maturity": "2023-07-21",
                    "units": -0.0012951178989175844,
                    "gamma": 0.0013442985796727675,
                    "vega": 680.274016592645,
                    "tau": 0.1780821917808219,
                    "delta_t_1": -0.3356537678652176,
                    "option_price_t_1": 59.44,
                    "underlying_t_1": 4221.02,
                    "Option_PnL": 0.02070893520369217,
                    "Delta_PnL": 0.02666953227959389,
                    "Total_PnL": -0.0059605970759017204,
                    "delta_t": -0.2730429036293017,
                    "option_price_t": 43.45,
                    "underlying_price_t": 4282.37
                }
            },
            "sv_2023-05-18_2023-07-21": {
                "call": {
                    "start_date": "2023-05-18",
                    "strike": 4150.0,
                    "maturity": "2023-07-21",
                    "units": -0.0012738912186612654,
                    "gamma": 0.0013353030159221617,
                    "vega": 687.4228919618631,
                    "tau": 0.17534246575342466,
                    "delta_t_1": 0.6043671500553094,
                    "option_price_t_1": 149.27,
                    "underlying_t_1": 4221.02,
                    "Option_PnL": -0.052904702311002354,
                    "Delta_PnL": -0.04723324262532599,
                    "Total_PnL": -0.005671459685676367,
                    "delta_t": 0.673322905343484,
                    "option_price_t": 190.8,
                    "underlying_price_t": 4282.37
                },
                "put": {
                    "start_date": "2023-05-18",
                    "strike": 4150.0,
                    "maturity": "2023-07-21",
                    "units": -0.0012738912186612654,
                    "gamma": 0.0013353030159221617,
                    "vega": 687.4228919618631,
                    "tau": 0.17534246575342466,
                    "delta_t_1": -0.3956328499446906,
                    "option_price_t_1": 78.25,
                    "underlying_t_1": 4221.02,
                    "Option_PnL": 0.02524852395386628,
                    "Delta_PnL": 0.030919983639541952,
                    "Total_PnL": -0.005671459685675673,
                    "delta_t": -0.32667709465651595,
                    "option_price_t": 58.43,
                    "underlying_price_t": 4282.37
                }
            },
            "sv_2023-05-19_2023-07-21": {
                "call": {
                    "start_date": "2023-05-19",
                    "strike": 4200.0,
                    "maturity": "2023-07-21",
                    "units": -0.0012611905229274085,
                    "gamma": 0.0013757730056106927,
                    "vega": 694.7724797883134,
                    "tau": 0.1726027397260274,
                    "delta_t_1": 0.5415908578814816,
                    "option_price_t_1": 121.62,
                    "underlying_t_1": 4221.02,
                    "Option_PnL": -0.04718113746271435,
                    "Delta_PnL": -0.04190507193316134,
                    "Total_PnL": -0.005276065529553009,
                    "delta_t": 0.6156545776679568,
                    "option_price_t": 159.03,
                    "underlying_price_t": 4282.37
                },
                "put": {
                    "start_date": "2023-05-19",
                    "strike": 4200.0,
                    "maturity": "2023-07-21",
                    "units": -0.0012611905229274085,
                    "gamma": 0.0013757730056106927,
                    "vega": 694.7724797883134,
                    "tau": 0.1726027397260274,
                    "delta_t_1": -0.45840914211851835,
                    "option_price_t_1": 100.6,
                    "underlying_t_1": 4221.02,
                    "Option_PnL": 0.03019290111888216,
                    "Delta_PnL": 0.03546896664843448,
                    "Total_PnL": -0.005276065529552319,
                    "delta_t": -0.38434542233204316,
                    "option_price_t": 76.66,
                    "underlying_price_t": 4282.37
                }
            },
            "sv_2023-05-22_2023-08-18": {
                "call": {
                    "start_date": "2023-05-22",
                    "strike": 4200.0,
                    "maturity": "2023-08-18",
                    "units": -0.0010702795298377708,
                    "gamma": 0.0011636456041082173,
                    "vega": 821.1260226805822,
                    "tau": 0.2410958904109589,
                    "delta_t_1": 0.540146100859323,
                    "option_price_t_1": 149.13,
                    "underlying_t_1": 4221.02,
                    "Option_PnL": -0.04026391591249694,
                    "Delta_PnL": -0.03546688376736139,
                    "Total_PnL": -0.004797032145135556,
                    "delta_t": 0.6031694358913255,
                    "option_price_t": 186.75,
                    "underlying_price_t": 4282.37
                },
                "put": {
                    "start_date": "2023-05-22",
                    "strike": 4200.0,
                    "maturity": "2023-08-18",
                    "units": -0.0010702795298377708,
                    "gamma": 0.0011636456041082173,
                    "vega": 821.1260226805822,
                    "tau": 0.2410958904109589,
                    "delta_t_1": -0.459853899140677,
                    "option_price_t_1": 128.11,
                    "underlying_t_1": 4221.02,
                    "Option_PnL": 0.02539773324305032,
                    "Delta_PnL": 0.03019476538818527,
                    "Total_PnL": -0.004797032145134949,
                    "delta_t": -0.39683056410867446,
                    "option_price_t": 104.38,
                    "underlying_price_t": 4282.37
                }
            },
            "sv_2023-05-23_2023-08-18": {
                "call": {
                    "start_date": "2023-05-23",
                    "strike": 4200.0,
                    "maturity": "2023-08-18",
                    "units": -0.0010949593045609081,
                    "gamma": 0.0011440826789085588,
                    "vega": 802.1812749413682,
                    "tau": 0.23835616438356164,
                    "delta_t_1": 0.5401768823340977,
                    "option_price_t_1": 149.13,
                    "underlying_t_1": 4221.02,
                    "Option_PnL": -0.04119236903758137,
                    "Delta_PnL": -0.03628678900484263,
                    "Total_PnL": -0.004905580032738735,
                    "delta_t": 0.6035498619932409,
                    "option_price_t": 186.75,
                    "underlying_price_t": 4282.37
                },
                "put": {
                    "start_date": "2023-05-23",
                    "strike": 4200.0,
                    "maturity": "2023-08-18",
                    "units": -0.0010949593045609081,
                    "gamma": 0.0011440826789085588,
                    "vega": 802.1812749413682,
                    "tau": 0.23835616438356164,
                    "delta_t_1": -0.45982311766590234,
                    "option_price_t_1": 128.11,
                    "underlying_t_1": 4221.02,
                    "Option_PnL": 0.02598338429723037,
                    "Delta_PnL": 0.03088896432996848,
                    "Total_PnL": -0.0049055800327381105,
                    "delta_t": -0.3964501380067591,
                    "option_price_t": 104.38,
                    "underlying_price_t": 4282.37
                }
            },
            "sv_2023-05-24_2023-08-18": {
                "call": {
                    "start_date": "2023-05-24",
                    "strike": 4150.0,
                    "maturity": "2023-08-18",
                    "units": -0.0011049776157564801,
                    "gamma": 0.001156250386972903,
                    "vega": 795.5385078409948,
                    "tau": 0.2356164383561644,
                    "delta_t_1": 0.5945964123333568,
                    "option_price_t_1": 175.96,
                    "underlying_t_1": 4221.02,
                    "Option_PnL": -0.04522673381291271,
                    "Delta_PnL": -0.0403079147923984,
                    "Total_PnL": -0.00491881902051431,
                    "delta_t": 0.6549641479744652,
                    "option_price_t": 216.89,
                    "underlying_price_t": 4282.37
                },
                "put": {
                    "start_date": "2023-05-24",
                    "strike": 4150.0,
                    "maturity": "2023-08-18",
                    "units": -0.0011049776157564801,
                    "gamma": 0.001156250386972903,
                    "vega": 795.5385078409948,
                    "tau": 0.2356164383561644,
                    "delta_t_1": -0.4054035876666432,
                    "option_price_t_1": 104.94,
                    "underlying_t_1": 4221.02,
                    "Option_PnL": 0.022563642913747326,
                    "Delta_PnL": 0.027482461934261054,
                    "Total_PnL": -0.0049188190205137275,
                    "delta_t": -0.3450358520255348,
                    "option_price_t": 84.52,
                    "underlying_price_t": 4282.37
                }
            },
            "sv_2023-05-25_2023-08-18": {
                "call": {
                    "start_date": "2023-05-25",
                    "strike": 4100.0,
                    "maturity": "2023-08-18",
                    "units": -0.0011217000836774885,
                    "gamma": 0.001155076625297716,
                    "vega": 784.4464692471113,
                    "tau": 0.2328767123287671,
                    "delta_t_1": 0.6484748901805959,
                    "option_price_t_1": 205.66,
                    "underlying_t_1": 4221.02,
                    "Option_PnL": -0.04945575668934048,
                    "Delta_PnL": -0.04462564267177982,
                    "Total_PnL": -0.004830114017560658,
                    "delta_t": 0.704788937585615,
                    "option_price_t": 249.75,
                    "underlying_price_t": 4282.37
                },
                "put": {
                    "start_date": "2023-05-25",
                    "strike": 4100.0,
                    "maturity": "2023-08-18",
                    "units": -0.0011217000836774885,
                    "gamma": 0.001155076625297716,
                    "vega": 784.4464692471113,
                    "tau": 0.2328767123287671,
                    "delta_t_1": -0.3515251098194041,
                    "option_price_t_1": 84.64,
                    "underlying_t_1": 4221.02,
                    "Option_PnL": 0.01936054344427346,
                    "Delta_PnL": 0.024190657461833492,
                    "Total_PnL": -0.004830114017560033,
                    "delta_t": -0.295211062414385,
                    "option_price_t": 67.38,
                    "underlying_price_t": 4282.37
                }
            },
            "sv_2023-05-26_2023-08-18": {
                "call": {
                    "start_date": "2023-05-26",
                    "strike": 4150.0,
                    "maturity": "2023-08-18",
                    "units": -0.0011091289601584814,
                    "gamma": 0.0011116987962203168,
                    "vega": 788.8320517526164,
                    "tau": 0.23013698630136986,
                    "delta_t_1": 0.595299934276933,
                    "option_price_t_1": 175.96,
                    "underlying_t_1": 4221.02,
                    "Option_PnL": -0.04539664833928662,
                    "Delta_PnL": -0.040507220761286294,
                    "Total_PnL": -0.004889427578000323,
                    "delta_t": 0.6563179608164322,
                    "option_price_t": 216.89,
                    "underlying_price_t": 4282.37
                },
                "put": {
                    "start_date": "2023-05-26",
                    "strike": 4150.0,
                    "maturity": "2023-08-18",
                    "units": -0.0011091289601584814,
                    "gamma": 0.0011116987962203168,
                    "vega": 788.8320517526164,
                    "tau": 0.23013698630136986,
                    "delta_t_1": -0.40470006572306705,
                    "option_price_t_1": 104.94,
                    "underlying_t_1": 4221.02,
                    "Option_PnL": 0.022648413366436193,
                    "Delta_PnL": 0.02753784094443594,
                    "Total_PnL": -0.004889427577999747,
                    "delta_t": -0.34368203918356777,
                    "option_price_t": 84.52,
                    "underlying_price_t": 4282.37
                }
            },
            "sv_2023-05-30_2023-08-18": {
                "call": {
                    "start_date": "2023-05-30",
                    "strike": 4200.0,
                    "maturity": "2023-08-18",
                    "units": -0.0011212471687245768,
                    "gamma": 0.001162049427755949,
                    "vega": 784.1987265638872,
                    "tau": 0.2191780821917808,
                    "delta_t_1": 0.540442880725011,
                    "option_price_t_1": 149.13,
                    "underlying_t_1": 4221.02,
                    "Option_PnL": -0.04218131848741858,
                    "Delta_PnL": -0.0371762625595409,
                    "Total_PnL": -0.005005055927877679,
                    "delta_t": 0.606440725846384,
                    "option_price_t": 186.75,
                    "underlying_price_t": 4282.37
                },
                "put": {
                    "start_date": "2023-05-30",
                    "strike": 4200.0,
                    "maturity": "2023-08-18",
                    "units": -0.0011212471687245768,
                    "gamma": 0.001162049427755949,
                    "vega": 784.1987265638872,
                    "tau": 0.2191780821917808,
                    "delta_t_1": -0.459557119274989,
                    "option_price_t_1": 128.11,
                    "underlying_t_1": 4221.02,
                    "Option_PnL": 0.026607195313834226,
                    "Delta_PnL": 0.03161225124171127,
                    "Total_PnL": -0.005005055927877044,
                    "delta_t": -0.393559274153616,
                    "option_price_t": 104.38,
                    "underlying_price_t": 4282.37
                }
            },
            "sv_2023-05-31_2023-08-18": {
                "call": {
                    "start_date": "2023-05-31",
                    "strike": 4200.0,
                    "maturity": "2023-08-18",
                    "units": -0.0011359342993165458,
                    "gamma": 0.0011693483892341195,
                    "vega": 775.646784536913,
                    "tau": 0.21643835616438356,
                    "delta_t_1": 0.5404888686574482,
                    "option_price_t_1": 149.13,
                    "underlying_t_1": 4221.02,
                    "Option_PnL": -0.04273384834028846,
                    "Delta_PnL": -0.037666436448221284,
                    "Total_PnL": -0.005067411892067178,
                    "delta_t": 0.6068893599490732,
                    "option_price_t": 186.75,
                    "underlying_price_t": 4282.37
                },
                "put": {
                    "start_date": "2023-05-31",
                    "strike": 4200.0,
                    "maturity": "2023-08-18",
                    "units": -0.0011359342993165458,
                    "gamma": 0.0011693483892341195,
                    "vega": 775.646784536913,
                    "tau": 0.21643835616438356,
                    "delta_t_1": -0.45951113134255184,
                    "option_price_t_1": 128.11,
                    "underlying_t_1": 4221.02,
                    "Option_PnL": 0.026955720922781652,
                    "Delta_PnL": 0.03202313281484818,
                    "Total_PnL": -0.005067411892066526,
                    "delta_t": -0.3931106400509268,
                    "option_price_t": 104.38,
                    "underlying_price_t": 4282.37
                }
            },
            "sv_2023-06-01_2023-08-18": {
                "call": {
                    "start_date": "2023-06-01",
                    "strike": 4200.0,
                    "maturity": "2023-08-18",
                    "units": -0.0011330104208927716,
                    "gamma": 0.001141133766987511,
                    "vega": 774.42359621282,
                    "tau": 0.2136986301369863,
                    "delta_t_1": 0.5405370685946551,
                    "option_price_t_1": 149.13,
                    "underlying_t_1": 4179.83,
                    "delta_t": 0.6073477680503873,
                    "option_price_t": 186.75,
                    "underlying_price_t": 4282.37,
                    "Option_PnL": -0.042623852033986075,
                    "Delta_PnL": -0.0627989958539128,
                    "Total_PnL": 0.020175143819926723
                },
                "put": {
                    "start_date": "2023-06-01",
                    "strike": 4200.0,
                    "maturity": "2023-08-18",
                    "units": -0.0011330104208927716,
                    "gamma": 0.001141133766987511,
                    "vega": 774.42359621282,
                    "tau": 0.2136986301369863,
                    "delta_t_1": -0.4594629314053449,
                    "option_price_t_1": 128.11,
                    "underlying_t_1": 4179.83,
                    "delta_t": -0.39265223194961274,
                    "option_price_t": 104.38,
                    "underlying_price_t": 4282.37,
                    "Option_PnL": 0.026886337287785493,
                    "Delta_PnL": 0.05337989270443197,
                    "Total_PnL": -0.026493555416646476
                }
            },
            "sv_2023-06-02_2023-08-18": {
                "call": {
                    "start_date": "2023-06-02",
                    "strike": 4200.0,
                    "maturity": "2023-08-18",
                    "units": -0.0011506461785084543,
                    "delta_t": 0.6078162692477816,
                    "gamma": 0.00107063906974484,
                    "vega": 755.8478857388268,
                    "tau": 0.21095890410958903,
                    "option_price_t": 186.75,
                    "underlying_price_t": 4221.02
                },
                "put": {
                    "start_date": "2023-06-02",
                    "strike": 4200.0,
                    "maturity": "2023-08-18",
                    "units": -0.0011506461785084543,
                    "delta_t": -0.39218373075221835,
                    "gamma": 0.00107063906974484,
                    "vega": 755.8478857388268,
                    "tau": 0.21095890410958903,
                    "option_price_t": 104.38,
                    "underlying_price_t": 4221.02
                }
            }
        }
    }
}