{
    "spx_strategy": {
        "date": "2023-01-20",
        "index_levels": 100.31555057595394,
        "result": {
            "sv_2023-01-03_2023-03-17": {
                "call": {
                    "start_date": "2023-01-03",
                    "strike": 3800.0,
                    "maturity": "2023-03-17",
                    "units": -0.0011706949942962557,
                    "gamma": 0.0010099575241632086,
                    "vega": 677.9306342529378,
                    "tau": 0.2,
                    "delta_t_1": 0.6225961420985603,
                    "option_price_t_1": 187.42,
                    "underlying_t_1": 3898.85,
                    "Option_PnL": -0.059365943160763136,
                    "Delta_PnL": -0.053761464994812574,
                    "Total_PnL": -0.005604478165950562,
                    "delta_t": 0.6906107641987609,
                    "option_price_t": 238.13,
                    "underlying_price_t": 3972.61
                },
                "put": {
                    "start_date": "2023-01-03",
                    "strike": 3800.0,
                    "maturity": "2023-03-17",
                    "units": -0.0011706949942962557,
                    "gamma": 0.0010099575241632086,
                    "vega": 677.9306342529378,
                    "tau": 0.2,
                    "delta_t_1": -0.3774038579014397,
                    "option_price_t_1": 88.57,
                    "underlying_t_1": 3898.85,
                    "Option_PnL": 0.026984519618528692,
                    "Delta_PnL": 0.032588997784479504,
                    "Total_PnL": -0.005604478165950812,
                    "delta_t": -0.3093892358012391,
                    "option_price_t": 65.52,
                    "underlying_price_t": 3972.61
                }
            },
            "sv_2023-01-04_2023-03-17": {
                "call": {
                    "start_date": "2023-01-04",
                    "strike": 3800.0,
                    "maturity": "2023-03-17",
                    "units": -0.0011829116042035802,
                    "gamma": 0.0009943942191962733,
                    "vega": 670.9299152806456,
                    "tau": 0.19726027397260273,
                    "delta_t_1": 0.6231619149893102,
                    "option_price_t_1": 187.42,
                    "underlying_t_1": 3898.85,
                    "Option_PnL": -0.059985447449163565,
                    "Delta_PnL": -0.05437184916932582,
                    "Total_PnL": -0.005613598279837748,
                    "delta_t": 0.6915828511113872,
                    "option_price_t": 238.13,
                    "underlying_price_t": 3972.61
                },
                "put": {
                    "start_date": "2023-01-04",
                    "strike": 3800.0,
                    "maturity": "2023-03-17",
                    "units": -0.0011829116042035802,
                    "gamma": 0.0009943942191962733,
                    "vega": 670.9299152806456,
                    "tau": 0.19726027397260273,
                    "delta_t_1": -0.3768380850106898,
                    "option_price_t_1": 88.57,
                    "underlying_t_1": 3898.85,
                    "Option_PnL": 0.02726611247689252,
                    "Delta_PnL": 0.03287971075673052,
                    "Total_PnL": -0.005613598279837997,
                    "delta_t": -0.3084171488886128,
                    "option_price_t": 65.52,
                    "underlying_price_t": 3972.61
                }
            },
            "sv_2023-01-05_2023-03-17": {
                "call": {
                    "start_date": "2023-01-05",
                    "strike": 3850.0,
                    "maturity": "2023-03-17",
                    "units": -0.0011862663376705277,
                    "gamma": 0.0010188293984481002,
                    "vega": 669.0187904531579,
                    "tau": 0.19452054794520549,
                    "delta_t_1": 0.5711364906701663,
                    "option_price_t_1": 158.87,
                    "underlying_t_1": 3898.85,
                    "Option_PnL": -0.0553155993255767,
                    "Delta_PnL": -0.049973874690856665,
                    "Total_PnL": -0.0053417246347200326,
                    "delta_t": 0.6441175807799309,
                    "option_price_t": 205.5,
                    "underlying_price_t": 3972.61
                },
                "put": {
                    "start_date": "2023-01-05",
                    "strike": 3850.0,
                    "maturity": "2023-03-17",
                    "units": -0.0011862663376705277,
                    "gamma": 0.0010188293984481002,
                    "vega": 669.0187904531579,
                    "tau": 0.19452054794520549,
                    "delta_t_1": -0.42886350932983375,
                    "option_price_t_1": 110.02,
                    "underlying_t_1": 3898.85,
                    "Option_PnL": 0.03218340574100141,
                    "Delta_PnL": 0.03752513037572171,
                    "Total_PnL": -0.005341724634720296,
                    "delta_t": -0.35588241922006913,
                    "option_price_t": 82.89,
                    "underlying_price_t": 3972.61
                }
            },
            "sv_2023-01-06_2023-03-17": {
                "call": {
                    "start_date": "2023-01-06",
                    "strike": 3800.0,
                    "maturity": "2023-03-17",
                    "units": -0.00121476018511801,
                    "gamma": 0.0009332841262262017,
                    "vega": 652.9821696419161,
                    "tau": 0.1917808219178082,
                    "delta_t_1": 0.6243342247922273,
                    "option_price_t_1": 187.42,
                    "underlying_t_1": 3898.85,
                    "Option_PnL": -0.06160048898733429,
                    "Delta_PnL": -0.055940790601788505,
                    "Total_PnL": -0.0056596983855457875,
                    "delta_t": 0.6935900276605663,
                    "option_price_t": 238.13,
                    "underlying_price_t": 3972.61
                },
                "put": {
                    "start_date": "2023-01-06",
                    "strike": 3800.0,
                    "maturity": "2023-03-17",
                    "units": -0.00121476018511801,
                    "gamma": 0.0009332841262262017,
                    "vega": 652.9821696419161,
                    "tau": 0.1917808219178082,
                    "delta_t_1": -0.37566577520777267,
                    "option_price_t_1": 88.57,
                    "underlying_t_1": 3898.85,
                    "Option_PnL": 0.028000222266970125,
                    "Delta_PnL": 0.03365992065251617,
                    "Total_PnL": -0.005659698385546044,
                    "delta_t": -0.3064099723394337,
                    "option_price_t": 65.52,
                    "underlying_price_t": 3972.61
                }
            },
            "sv_2023-01-09_2023-03-17": {
                "call": {
                    "start_date": "2023-01-09",
                    "strike": 3900.0,
                    "maturity": "2023-03-17",
                    "units": -0.001193703408960335,
                    "gamma": 0.0009987444684788872,
                    "vega": 664.9186038325093,
                    "tau": 0.18356164383561643,
                    "delta_t_1": 0.5173516348391586,
                    "option_price_t_1": 133.31,
                    "underlying_t_1": 3898.85,
                    "Option_PnL": -0.05060108750582858,
                    "Delta_PnL": -0.04555155089183109,
                    "Total_PnL": -0.005049536613997492,
                    "delta_t": 0.5954883867487396,
                    "option_price_t": 175.7,
                    "underlying_price_t": 3972.61
                },
                "put": {
                    "start_date": "2023-01-09",
                    "strike": 3900.0,
                    "maturity": "2023-03-17",
                    "units": -0.001193703408960335,
                    "gamma": 0.0009987444684788872,
                    "vega": 664.9186038325093,
                    "tau": 0.18356164383561643,
                    "delta_t_1": -0.4826483651608414,
                    "option_price_t_1": 134.46,
                    "underlying_t_1": 3898.85,
                    "Option_PnL": 0.03744647593908571,
                    "Delta_PnL": 0.04249601255308348,
                    "Total_PnL": -0.00504953661399777,
                    "delta_t": -0.4045116132512604,
                    "option_price_t": 103.09,
                    "underlying_price_t": 3972.61
                }
            },
            "sv_2023-01-10_2023-03-17": {
                "call": {
                    "start_date": "2023-01-10",
                    "strike": 3900.0,
                    "maturity": "2023-03-17",
                    "units": -0.0011996661731896732,
                    "gamma": 0.0009892370182247206,
                    "vega": 661.6039810361614,
                    "tau": 0.18082191780821918,
                    "delta_t_1": 0.5172028006681108,
                    "option_price_t_1": 133.31,
                    "underlying_t_1": 3898.85,
                    "Option_PnL": -0.05085384908151023,
                    "Delta_PnL": -0.04576591917428295,
                    "Total_PnL": -0.005087929907227277,
                    "delta_t": 0.5959183374870444,
                    "option_price_t": 175.7,
                    "underlying_price_t": 3972.61
                },
                "put": {
                    "start_date": "2023-01-10",
                    "strike": 3900.0,
                    "maturity": "2023-03-17",
                    "units": -0.0011996661731896732,
                    "gamma": 0.0009892370182247206,
                    "vega": 661.6039810361614,
                    "tau": 0.18082191780821918,
                    "delta_t_1": -0.48279719933188925,
                    "option_price_t_1": 134.46,
                    "underlying_t_1": 3898.85,
                    "Option_PnL": 0.03763352785296005,
                    "Delta_PnL": 0.0427214577601876,
                    "Total_PnL": -0.005087929907227548,
                    "delta_t": -0.40408166251295563,
                    "option_price_t": 103.09,
                    "underlying_price_t": 3972.61
                }
            },
            "sv_2023-01-11_2023-03-17": {
                "call": {
                    "start_date": "2023-01-11",
                    "strike": 3900.0,
                    "maturity": "2023-03-17",
                    "units": -0.0012183786420095532,
                    "gamma": 0.0009690189394521468,
                    "vega": 651.5134441641604,
                    "tau": 0.1780821917808219,
                    "delta_t_1": 0.5170526859769886,
                    "option_price_t_1": 133.31,
                    "underlying_t_1": 3898.85,
                    "Option_PnL": -0.05164707063478494,
                    "Delta_PnL": -0.046466288426861624,
                    "Total_PnL": -0.005180782207923319,
                    "delta_t": 0.5963601721128517,
                    "option_price_t": 175.7,
                    "underlying_price_t": 3972.61
                },
                "put": {
                    "start_date": "2023-01-11",
                    "strike": 3900.0,
                    "maturity": "2023-03-17",
                    "units": -0.0012183786420095532,
                    "gamma": 0.0009690189394521468,
                    "vega": 651.5134441641604,
                    "tau": 0.1780821917808219,
                    "delta_t_1": -0.4829473140230114,
                    "option_price_t_1": 134.46,
                    "underlying_t_1": 3898.85,
                    "Option_PnL": 0.03822053799983969,
                    "Delta_PnL": 0.043401320207763286,
                    "Total_PnL": -0.005180782207923597,
                    "delta_t": -0.40363982788714825,
                    "option_price_t": 103.09,
                    "underlying_price_t": 3972.61
                }
            },
            "sv_2023-01-12_2023-03-17": {
                "call": {
                    "start_date": "2023-01-12",
                    "strike": 3950.0,
                    "maturity": "2023-03-17",
                    "units": -0.0012039443066619126,
                    "gamma": 0.0009887498434299094,
                    "vega": 659.4971163679724,
                    "tau": 0.17534246575342466,
                    "delta_t_1": 0.46125545058189577,
                    "option_price_t_1": 110.71,
                    "underlying_t_1": 3898.85,
                    "Option_PnL": -0.04585823864075227,
                    "Delta_PnL": -0.040960836440044154,
                    "Total_PnL": -0.004897402200708119,
                    "delta_t": 0.5429620210722136,
                    "option_price_t": 148.8,
                    "underlying_price_t": 3972.61
                },
                "put": {
                    "start_date": "2023-01-12",
                    "strike": 3950.0,
                    "maturity": "2023-03-17",
                    "units": -0.0012039443066619126,
                    "gamma": 0.0009887498434299094,
                    "vega": 659.4971163679724,
                    "tau": 0.17534246575342466,
                    "delta_t_1": -0.5387445494181042,
                    "option_price_t_1": 161.86,
                    "underlying_t_1": 3898.85,
                    "Option_PnL": 0.04294469341863044,
                    "Delta_PnL": 0.04784209561933879,
                    "Total_PnL": -0.004897402200708348,
                    "delta_t": -0.4570379789277864,
                    "option_price_t": 126.19,
                    "underlying_price_t": 3972.61
                }
            },
            "sv_2023-01-13_2023-03-17": {
                "call": {
                    "start_date": "2023-01-13",
                    "strike": 4000.0,
                    "maturity": "2023-03-17",
                    "units": -0.001202194647178097,
                    "gamma": 0.0010978668460731751,
                    "vega": 662.2099943414132,
                    "tau": 0.1726027397260274,
                    "delta_t_1": 0.4060408894309862,
                    "option_price_t_1": 90.98,
                    "underlying_t_1": 3898.85,
                    "Option_PnL": -0.04067024491403502,
                    "Delta_PnL": -0.03600521995777888,
                    "Total_PnL": -0.0046650249562561405,
                    "delta_t": 0.48861751698807254,
                    "option_price_t": 124.81,
                    "underlying_price_t": 3972.61
                },
                "put": {
                    "start_date": "2023-01-13",
                    "strike": 4000.0,
                    "maturity": "2023-03-17",
                    "units": -0.001202194647178097,
                    "gamma": 0.0010978668460731751,
                    "vega": 662.2099943414132,
                    "tau": 0.1726027397260274,
                    "delta_t_1": -0.5939591105690138,
                    "option_price_t_1": 192.13,
                    "underlying_t_1": 3898.85,
                    "Option_PnL": 0.04800363226182142,
                    "Delta_PnL": 0.05266865721807783,
                    "Total_PnL": -0.004665024956256404,
                    "delta_t": -0.5113824830119275,
                    "option_price_t": 152.2,
                    "underlying_price_t": 3972.61
                }
            },
            "sv_2023-01-17_2023-03-17": {
                "call": {
                    "start_date": "2023-01-17",
                    "strike": 4000.0,
                    "maturity": "2023-03-17",
                    "units": -0.0012450181456742093,
                    "gamma": 0.0011374127722815056,
                    "vega": 640.0237031899858,
                    "tau": 0.16164383561643836,
                    "delta_t_1": 0.40182073563089926,
                    "option_price_t_1": 90.98,
                    "underlying_t_1": 3898.85,
                    "Option_PnL": -0.0421189638681585,
                    "Delta_PnL": -0.036900218144758176,
                    "Total_PnL": -0.005218745723400323,
                    "delta_t": 0.4870331748510659,
                    "option_price_t": 124.81,
                    "underlying_price_t": 3972.61
                },
                "put": {
                    "start_date": "2023-01-17",
                    "strike": 4000.0,
                    "maturity": "2023-03-17",
                    "units": -0.0012450181456742093,
                    "gamma": 0.0011374127722815056,
                    "vega": 640.0237031899858,
                    "tau": 0.16164383561643836,
                    "delta_t_1": -0.5981792643691007,
                    "option_price_t_1": 192.13,
                    "underlying_t_1": 3898.85,
                    "Option_PnL": 0.04971357455677119,
                    "Delta_PnL": 0.05493232028017178,
                    "Total_PnL": -0.005218745723400593,
                    "delta_t": -0.5129668251489341,
                    "option_price_t": 152.2,
                    "underlying_price_t": 3972.61
                }
            },
            "sv_2023-01-18_2023-03-17": {
                "call": {
                    "start_date": "2023-01-18",
                    "strike": 4000.0,
                    "maturity": "2023-03-17",
                    "units": -0.0012899492863637223,
                    "gamma": 0.0011245145610000536,
                    "vega": 617.191688983079,
                    "tau": 0.1589041095890411,
                    "delta_t_1": 0.4007060371770579,
                    "option_price_t_1": 90.98,
                    "underlying_t_1": 3898.85,
                    "Option_PnL": -0.04363898435768472,
                    "Delta_PnL": -0.03812584082365794,
                    "Total_PnL": -0.005513143534026779,
                    "delta_t": 0.4866181119857966,
                    "option_price_t": 124.81,
                    "underlying_price_t": 3972.61
                },
                "put": {
                    "start_date": "2023-01-18",
                    "strike": 4000.0,
                    "maturity": "2023-03-17",
                    "units": -0.0012899492863637223,
                    "gamma": 0.0011245145610000536,
                    "vega": 617.191688983079,
                    "tau": 0.1589041095890411,
                    "delta_t_1": -0.5992939628229421,
                    "option_price_t_1": 192.13,
                    "underlying_t_1": 3898.85,
                    "Option_PnL": 0.05150767500450344,
                    "Delta_PnL": 0.0570208185385305,
                    "Total_PnL": -0.005513143534027057,
                    "delta_t": -0.5133818880142034,
                    "option_price_t": 152.2,
                    "underlying_price_t": 3972.61
                }
            },
            "sv_2023-01-19_2023-03-17": {
                "call": {
                    "start_date": "2023-01-19",
                    "strike": 3950.0,
                    "maturity": "2023-03-17",
                    "units": -0.0013045018189479763,
                    "gamma": 0.0011816225389288109,
                    "vega": 611.065820540955,
                    "tau": 0.15616438356164383,
                    "delta_t_1": 0.45685610185551623,
                    "option_price_t_1": 110.71,
                    "underlying_t_1": 3928.86,
                    "delta_t": 0.5433798431746808,
                    "option_price_t": 148.8,
                    "underlying_price_t": 3972.61,
                    "Option_PnL": -0.04968847428372844,
                    "Delta_PnL": -0.026073670694225122,
                    "Total_PnL": -0.023614803589503318
                },
                "put": {
                    "start_date": "2023-01-19",
                    "strike": 3950.0,
                    "maturity": "2023-03-17",
                    "units": -0.0013045018189479763,
                    "gamma": 0.0011816225389288109,
                    "vega": 611.065820540955,
                    "tau": 0.15616438356164383,
                    "delta_t_1": -0.5431438981444838,
                    "option_price_t_1": 161.86,
                    "underlying_t_1": 3928.86,
                    "delta_t": -0.4566201568253192,
                    "option_price_t": 126.19,
                    "underlying_price_t": 3972.61,
                    "Option_PnL": 0.046531579881874334,
                    "Delta_PnL": 0.03099828388474884,
                    "Total_PnL": 0.015533295997125492
                }
            },
            "sv_2023-01-20_2023-03-17": {
                "call": {
                    "start_date": "2023-01-20",
                    "strike": 3900.0,
                    "maturity": "2023-03-17",
                    "units": -0.0013251828390603998,
                    "delta_t": 0.6009590597822586,
                    "gamma": 0.001119106081690237,
                    "vega": 600.7883166601819,
                    "tau": 0.15342465753424658,
                    "option_price_t": 175.7,
                    "underlying_price_t": 3898.85
                },
                "put": {
                    "start_date": "2023-01-20",
                    "strike": 3900.0,
                    "maturity": "2023-03-17",
                    "units": -0.0013251828390603998,
                    "delta_t": -0.3990409402177414,
                    "gamma": 0.001119106081690237,
                    "vega": 600.7883166601819,
                    "tau": 0.15342465753424658,
                    "option_price_t": 103.09,
                    "underlying_price_t": 3898.85
                }
            }
        }
    }
}