{
    "spx_strategy": {
        "date": "2023-03-06",
        "index_levels": 103.21924908627355,
        "result": {
            "sv_2023-01-03_2023-03-17": {
                "call": {
                    "start_date": "2023-01-03",
                    "strike": 3800.0,
                    "maturity": "2023-03-17",
                    "units": -0.0011706949942962557,
                    "gamma": 0.0010099575241632086,
                    "vega": 677.9306342529378,
                    "tau": 0.2,
                    "delta_t_1": 0.7694613099287577,
                    "option_price_t_1": 249.43,
                    "underlying_t_1": 4045.64,
                    "Option_PnL": -0.0005970544470910797,
                    "Delta_PnL": -0.0025042365206704776,
                    "Total_PnL": 0.0019071820735793979,
                    "delta_t": 0.780585951144599,
                    "option_price_t": 249.94,
                    "underlying_price_t": 4048.42
                },
                "put": {
                    "start_date": "2023-01-03",
                    "strike": 3800.0,
                    "maturity": "2023-03-17",
                    "units": -0.0011706949942962557,
                    "gamma": 0.0010099575241632086,
                    "vega": 677.9306342529378,
                    "tau": 0.2,
                    "delta_t_1": -0.23053869007124228,
                    "option_price_t_1": 3.79,
                    "underlying_t_1": 4045.64,
                    "Option_PnL": 0.0026574776370525003,
                    "Delta_PnL": 0.0007502955634733475,
                    "Total_PnL": 0.0019071820735791526,
                    "delta_t": -0.21941404885540094,
                    "option_price_t": 1.52,
                    "underlying_price_t": 4048.42
                }
            },
            "sv_2023-01-04_2023-03-17": {
                "call": {
                    "start_date": "2023-01-04",
                    "strike": 3800.0,
                    "maturity": "2023-03-17",
                    "units": -0.0011829116042035802,
                    "gamma": 0.0009943942191962733,
                    "vega": 670.9299152806456,
                    "tau": 0.19726027397260273,
                    "delta_t_1": 0.770820110687027,
                    "option_price_t_1": 249.43,
                    "underlying_t_1": 4045.64,
                    "Option_PnL": -0.0006032849181438151,
                    "Delta_PnL": -0.0025348375092449616,
                    "Total_PnL": 0.0019315525911011463,
                    "delta_t": 0.7819906318940055,
                    "option_price_t": 249.94,
                    "underlying_price_t": 4048.42
                },
                "put": {
                    "start_date": "2023-01-04",
                    "strike": 3800.0,
                    "maturity": "2023-03-17",
                    "units": -0.0011829116042035802,
                    "gamma": 0.0009943942191962733,
                    "vega": 670.9299152806456,
                    "tau": 0.19726027397260273,
                    "delta_t_1": -0.22917988931297295,
                    "option_price_t_1": 3.79,
                    "underlying_t_1": 4045.64,
                    "Option_PnL": 0.002685209341542127,
                    "Delta_PnL": 0.0007536567504412278,
                    "Total_PnL": 0.0019315525911008991,
                    "delta_t": -0.21800936810599447,
                    "option_price_t": 1.52,
                    "underlying_price_t": 4048.42
                }
            },
            "sv_2023-01-05_2023-03-17": {
                "call": {
                    "start_date": "2023-01-05",
                    "strike": 3850.0,
                    "maturity": "2023-03-17",
                    "units": -0.0011862663376705277,
                    "gamma": 0.0010188293984481002,
                    "vega": 669.0187904531579,
                    "tau": 0.19452054794520549,
                    "delta_t_1": 0.7256582175896067,
                    "option_price_t_1": 203.55,
                    "underlying_t_1": 4045.64,
                    "Option_PnL": 0.0014116569418279252,
                    "Delta_PnL": -0.002393090486982089,
                    "Total_PnL": 0.0038047474288100142,
                    "delta_t": 0.7359213040286956,
                    "option_price_t": 202.36,
                    "underlying_price_t": 4048.42
                },
                "put": {
                    "start_date": "2023-01-05",
                    "strike": 3850.0,
                    "maturity": "2023-03-17",
                    "units": -0.0011862663376705277,
                    "gamma": 0.0010188293984481002,
                    "vega": 669.0187904531579,
                    "tau": 0.19452054794520549,
                    "delta_t_1": -0.2743417824103933,
                    "option_price_t_1": 7.91,
                    "underlying_t_1": 4045.64,
                    "Option_PnL": 0.0047094773605519955,
                    "Delta_PnL": 0.0009047299317422152,
                    "Total_PnL": 0.00380474742880978,
                    "delta_t": -0.2640786959713044,
                    "option_price_t": 3.94,
                    "underlying_price_t": 4048.42
                }
            },
            "sv_2023-01-06_2023-03-17": {
                "call": {
                    "start_date": "2023-01-06",
                    "strike": 3800.0,
                    "maturity": "2023-03-17",
                    "units": -0.00121476018511801,
                    "gamma": 0.0009332841262262017,
                    "vega": 652.9821696419161,
                    "tau": 0.1917808219178082,
                    "delta_t_1": 0.7736143125183779,
                    "option_price_t_1": 249.43,
                    "underlying_t_1": 4045.64,
                    "Option_PnL": -0.000619527694410174,
                    "Delta_PnL": -0.0026125213060478394,
                    "Total_PnL": 0.001992993611637665,
                    "delta_t": 0.7848770430541983,
                    "option_price_t": 249.94,
                    "underlying_price_t": 4048.42
                },
                "put": {
                    "start_date": "2023-01-06",
                    "strike": 3800.0,
                    "maturity": "2023-03-17",
                    "units": -0.00121476018511801,
                    "gamma": 0.0009332841262262017,
                    "vega": 652.9821696419161,
                    "tau": 0.1917808219178082,
                    "delta_t_1": -0.22638568748162213,
                    "option_price_t_1": 3.79,
                    "underlying_t_1": 4045.64,
                    "Option_PnL": 0.0027575056202178826,
                    "Delta_PnL": 0.0007645120085804713,
                    "Total_PnL": 0.0019929936116374115,
                    "delta_t": -0.21512295694580175,
                    "option_price_t": 1.52,
                    "underlying_price_t": 4048.42
                }
            },
            "sv_2023-01-09_2023-03-17": {
                "call": {
                    "start_date": "2023-01-09",
                    "strike": 3900.0,
                    "maturity": "2023-03-17",
                    "units": -0.001193703408960335,
                    "gamma": 0.0009987444684788872,
                    "vega": 664.9186038325093,
                    "tau": 0.18356164383561643,
                    "delta_t_1": 0.679404423482506,
                    "option_price_t_1": 160.76,
                    "underlying_t_1": 4045.64,
                    "Option_PnL": 0.004010843454106708,
                    "Delta_PnL": -0.002254600506319322,
                    "Total_PnL": 0.006265443960426029,
                    "delta_t": 0.6884478974410455,
                    "option_price_t": 157.4,
                    "underlying_price_t": 4048.42
                },
                "put": {
                    "start_date": "2023-01-09",
                    "strike": 3900.0,
                    "maturity": "2023-03-17",
                    "units": -0.001193703408960335,
                    "gamma": 0.0009987444684788872,
                    "vega": 664.9186038325093,
                    "tau": 0.18356164383561643,
                    "delta_t_1": -0.32059557651749404,
                    "option_price_t_1": 15.12,
                    "underlying_t_1": 4045.64,
                    "Option_PnL": 0.007329338931016455,
                    "Delta_PnL": 0.0010638949705906481,
                    "Total_PnL": 0.006265443960425807,
                    "delta_t": -0.3115521025589545,
                    "option_price_t": 8.98,
                    "underlying_price_t": 4048.42
                }
            },
            "sv_2023-01-10_2023-03-17": {
                "call": {
                    "start_date": "2023-01-10",
                    "strike": 3900.0,
                    "maturity": "2023-03-17",
                    "units": -0.0011996661731896732,
                    "gamma": 0.0009892370182247206,
                    "vega": 661.6039810361614,
                    "tau": 0.18082191780821918,
                    "delta_t_1": 0.680429112213798,
                    "option_price_t_1": 160.76,
                    "underlying_t_1": 4045.64,
                    "Option_PnL": 0.004030878341917284,
                    "Delta_PnL": -0.0022692800539104822,
                    "Total_PnL": 0.0063001583958277665,
                    "delta_t": 0.6895378024452471,
                    "option_price_t": 157.4,
                    "underlying_price_t": 4048.42
                },
                "put": {
                    "start_date": "2023-01-10",
                    "strike": 3900.0,
                    "maturity": "2023-03-17",
                    "units": -0.0011996661731896732,
                    "gamma": 0.0009892370182247206,
                    "vega": 661.6039810361614,
                    "tau": 0.18082191780821918,
                    "delta_t_1": -0.319570887786202,
                    "option_price_t_1": 15.12,
                    "underlying_t_1": 4045.64,
                    "Option_PnL": 0.007365950303384592,
                    "Delta_PnL": 0.001065791907557049,
                    "Total_PnL": 0.006300158395827543,
                    "delta_t": -0.3104621975547529,
                    "option_price_t": 8.98,
                    "underlying_price_t": 4048.42
                }
            },
            "sv_2023-01-11_2023-03-17": {
                "call": {
                    "start_date": "2023-01-11",
                    "strike": 3900.0,
                    "maturity": "2023-03-17",
                    "units": -0.0012183786420095532,
                    "gamma": 0.0009690189394521468,
                    "vega": 651.5134441641604,
                    "tau": 0.1780821917808219,
                    "delta_t_1": 0.6814777179685585,
                    "option_price_t_1": 160.76,
                    "underlying_t_1": 4045.64,
                    "Option_PnL": 0.004093752237152081,
                    "Delta_PnL": -0.0023082281524878447,
                    "Total_PnL": 0.006401980389639926,
                    "delta_t": 0.69065272983503,
                    "option_price_t": 157.4,
                    "underlying_price_t": 4048.42
                },
                "put": {
                    "start_date": "2023-01-11",
                    "strike": 3900.0,
                    "maturity": "2023-03-17",
                    "units": -0.0012183786420095532,
                    "gamma": 0.0009690189394521468,
                    "vega": 651.5134441641604,
                    "tau": 0.1780821917808219,
                    "delta_t_1": -0.3185222820314415,
                    "option_price_t_1": 15.12,
                    "underlying_t_1": 4045.64,
                    "Option_PnL": 0.0074808448619386545,
                    "Delta_PnL": 0.0010788644722989572,
                    "Total_PnL": 0.006401980389639697,
                    "delta_t": -0.30934727016497,
                    "option_price_t": 8.98,
                    "underlying_price_t": 4048.42
                }
            },
            "sv_2023-01-12_2023-03-17": {
                "call": {
                    "start_date": "2023-01-12",
                    "strike": 3950.0,
                    "maturity": "2023-03-17",
                    "units": -0.0012039443066619126,
                    "gamma": 0.0009887498434299094,
                    "vega": 659.4971163679724,
                    "tau": 0.17534246575342466,
                    "delta_t_1": 0.6272518221138034,
                    "option_price_t_1": 122.23,
                    "underlying_t_1": 4045.64,
                    "Option_PnL": 0.006754127560373329,
                    "Delta_PnL": -0.002099390003014835,
                    "Total_PnL": 0.008853517563388164,
                    "delta_t": 0.6345468219789809,
                    "option_price_t": 116.62,
                    "underlying_price_t": 4048.42
                },
                "put": {
                    "start_date": "2023-01-12",
                    "strike": 3950.0,
                    "maturity": "2023-03-17",
                    "units": -0.0012039443066619126,
                    "gamma": 0.0009887498434299094,
                    "vega": 659.4971163679724,
                    "tau": 0.17534246575342466,
                    "delta_t_1": -0.37274817788619663,
                    "option_price_t_1": 26.59,
                    "underlying_t_1": 4045.64,
                    "Option_PnL": 0.010101092732893448,
                    "Delta_PnL": 0.0012475751695055232,
                    "Total_PnL": 0.008853517563387925,
                    "delta_t": -0.36545317802101907,
                    "option_price_t": 18.2,
                    "underlying_price_t": 4048.42
                }
            },
            "sv_2023-01-13_2023-03-17": {
                "call": {
                    "start_date": "2023-01-13",
                    "strike": 4000.0,
                    "maturity": "2023-03-17",
                    "units": -0.001202194647178097,
                    "gamma": 0.0010978668460731751,
                    "vega": 662.2099943414132,
                    "tau": 0.1726027397260274,
                    "delta_t_1": 0.5702214028903914,
                    "option_price_t_1": 89.04,
                    "underlying_t_1": 4045.64,
                    "Option_PnL": 0.008920284282061482,
                    "Delta_PnL": -0.001905737588766311,
                    "Total_PnL": 0.010826021870827793,
                    "delta_t": 0.5752392154342568,
                    "option_price_t": 81.62,
                    "underlying_price_t": 4048.42
                },
                "put": {
                    "start_date": "2023-01-13",
                    "strike": 4000.0,
                    "maturity": "2023-03-17",
                    "units": -0.001202194647178097,
                    "gamma": 0.0010978668460731751,
                    "vega": 662.2099943414132,
                    "tau": 0.1726027397260274,
                    "delta_t_1": -0.42977859710960864,
                    "option_price_t_1": 43.4,
                    "underlying_t_1": 4045.64,
                    "Option_PnL": 0.012262385401216585,
                    "Delta_PnL": 0.0014363635303890395,
                    "Total_PnL": 0.010826021870827545,
                    "delta_t": -0.4247607845657432,
                    "option_price_t": 33.2,
                    "underlying_price_t": 4048.42
                }
            },
            "sv_2023-01-17_2023-03-17": {
                "call": {
                    "start_date": "2023-01-17",
                    "strike": 4000.0,
                    "maturity": "2023-03-17",
                    "units": -0.0012450181456742093,
                    "gamma": 0.0011374127722815056,
                    "vega": 640.0237031899858,
                    "tau": 0.16164383561643836,
                    "delta_t_1": 0.5714543641450114,
                    "option_price_t_1": 89.04,
                    "underlying_t_1": 4045.64,
                    "Option_PnL": 0.009238034640902636,
                    "Delta_PnL": -0.001977889526743155,
                    "Total_PnL": 0.011215924167645792,
                    "delta_t": 0.5766827753394718,
                    "option_price_t": 81.62,
                    "underlying_price_t": 4048.42
                },
                "put": {
                    "start_date": "2023-01-17",
                    "strike": 4000.0,
                    "maturity": "2023-03-17",
                    "units": -0.0012450181456742093,
                    "gamma": 0.0011374127722815056,
                    "vega": 640.0237031899858,
                    "tau": 0.16164383561643836,
                    "delta_t_1": -0.4285456358549886,
                    "option_price_t_1": 43.4,
                    "underlying_t_1": 4045.64,
                    "Option_PnL": 0.01269918508587693,
                    "Delta_PnL": 0.0014832609182313958,
                    "Total_PnL": 0.011215924167645535,
                    "delta_t": -0.42331722466052824,
                    "option_price_t": 33.2,
                    "underlying_price_t": 4048.42
                }
            },
            "sv_2023-01-18_2023-03-17": {
                "call": {
                    "start_date": "2023-01-18",
                    "strike": 4000.0,
                    "maturity": "2023-03-17",
                    "units": -0.0012899492863637223,
                    "gamma": 0.0011245145610000536,
                    "vega": 617.191688983079,
                    "tau": 0.1589041095890411,
                    "delta_t_1": 0.571787989245865,
                    "option_price_t_1": 89.04,
                    "underlying_t_1": 4045.64,
                    "Option_PnL": 0.009571423704818822,
                    "Delta_PnL": -0.00205046547412791,
                    "Total_PnL": 0.011621889178946732,
                    "delta_t": 0.5770721093056581,
                    "option_price_t": 81.62,
                    "underlying_price_t": 4048.42
                },
                "put": {
                    "start_date": "2023-01-18",
                    "strike": 4000.0,
                    "maturity": "2023-03-17",
                    "units": -0.0012899492863637223,
                    "gamma": 0.0011245145610000536,
                    "vega": 617.191688983079,
                    "tau": 0.1589041095890411,
                    "delta_t_1": -0.42821201075413495,
                    "option_price_t_1": 43.4,
                    "underlying_t_1": 4045.64,
                    "Option_PnL": 0.013157482720909962,
                    "Delta_PnL": 0.0015355935419634958,
                    "Total_PnL": 0.011621889178946465,
                    "delta_t": -0.4229278906943419,
                    "option_price_t": 33.2,
                    "underlying_price_t": 4048.42
                }
            },
            "sv_2023-01-19_2023-03-17": {
                "call": {
                    "start_date": "2023-01-19",
                    "strike": 3950.0,
                    "maturity": "2023-03-17",
                    "units": -0.0013045018189479763,
                    "gamma": 0.0011816225389288109,
                    "vega": 611.065820540955,
                    "tau": 0.15616438356164383,
                    "delta_t_1": 0.6327042546128879,
                    "option_price_t_1": 122.23,
                    "underlying_t_1": 4045.64,
                    "Option_PnL": 0.007318255204298146,
                    "Delta_PnL": -0.0022945115057763726,
                    "Total_PnL": 0.009612766710074518,
                    "delta_t": 0.6404737315887308,
                    "option_price_t": 116.62,
                    "underlying_price_t": 4048.42
                },
                "put": {
                    "start_date": "2023-01-19",
                    "strike": 3950.0,
                    "maturity": "2023-03-17",
                    "units": -0.0013045018189479763,
                    "gamma": 0.0011816225389288109,
                    "vega": 611.065820540955,
                    "tau": 0.15616438356164383,
                    "delta_t_1": -0.36729574538711207,
                    "option_price_t_1": 26.59,
                    "underlying_t_1": 4045.64,
                    "Option_PnL": 0.010944770260973522,
                    "Delta_PnL": 0.0013320035508992624,
                    "Total_PnL": 0.00961276671007426,
                    "delta_t": -0.3595262684112692,
                    "option_price_t": 18.2,
                    "underlying_price_t": 4048.42
                }
            },
            "sv_2023-01-20_2023-03-17": {
                "call": {
                    "start_date": "2023-01-20",
                    "strike": 3900.0,
                    "maturity": "2023-03-17",
                    "units": -0.0013251828390603998,
                    "gamma": 0.001119106081690237,
                    "vega": 600.7883166601819,
                    "tau": 0.15342465753424658,
                    "delta_t_1": 0.6921541638918457,
                    "option_price_t_1": 160.76,
                    "underlying_t_1": 4045.64,
                    "Option_PnL": 0.004452614339242923,
                    "Delta_PnL": -0.0025499016795269957,
                    "Total_PnL": 0.007002516018769919,
                    "delta_t": 0.7019813026146621,
                    "option_price_t": 157.4,
                    "underlying_price_t": 4048.42
                },
                "put": {
                    "start_date": "2023-01-20",
                    "strike": 3900.0,
                    "maturity": "2023-03-17",
                    "units": -0.0013251828390603998,
                    "gamma": 0.001119106081690237,
                    "vega": 600.7883166601819,
                    "tau": 0.15342465753424658,
                    "delta_t_1": -0.3078458361081543,
                    "option_price_t_1": 15.12,
                    "underlying_t_1": 4045.64,
                    "Option_PnL": 0.008136622631830853,
                    "Delta_PnL": 0.0011341066130611812,
                    "Total_PnL": 0.007002516018769672,
                    "delta_t": -0.2980186973853379,
                    "option_price_t": 8.98,
                    "underlying_price_t": 4048.42
                }
            },
            "sv_2023-01-23_2023-04-28": {
                "call": {
                    "start_date": "2023-01-23",
                    "strike": 3950.0,
                    "maturity": "2023-04-28",
                    "units": -0.000995156163567833,
                    "gamma": 0.0008471025015207614,
                    "vega": 800.2744880395427,
                    "tau": 0.2602739726027397,
                    "delta_t_1": 0.6115132132633538,
                    "option_price_t_1": 179.98,
                    "underlying_t_1": 4045.64,
                    "Option_PnL": 0.00649836974809795,
                    "Delta_PnL": -0.0016917721783246303,
                    "Total_PnL": 0.00819014192642258,
                    "delta_t": 0.6173052137777651,
                    "option_price_t": 173.45,
                    "underlying_price_t": 4048.42
                },
                "put": {
                    "start_date": "2023-01-23",
                    "strike": 3950.0,
                    "maturity": "2023-04-28",
                    "units": -0.000995156163567833,
                    "gamma": 0.0008471025015207614,
                    "vega": 800.2744880395427,
                    "tau": 0.2602739726027397,
                    "delta_t_1": -0.38848678673664616,
                    "option_price_t_1": 84.34,
                    "underlying_t_1": 4045.64,
                    "Option_PnL": 0.009264903882816528,
                    "Delta_PnL": 0.0010747619563941447,
                    "Total_PnL": 0.008190141926422383,
                    "delta_t": -0.38269478622223485,
                    "option_price_t": 75.03,
                    "underlying_price_t": 4048.42
                }
            },
            "sv_2023-01-24_2023-04-28": {
                "call": {
                    "start_date": "2023-01-24",
                    "strike": 4000.0,
                    "maturity": "2023-04-28",
                    "units": -0.0009842937544868996,
                    "gamma": 0.0008716139049131928,
                    "vega": 809.665143828125,
                    "tau": 0.25753424657534246,
                    "delta_t_1": 0.5642663482247091,
                    "option_price_t_1": 151.36,
                    "underlying_t_1": 4045.64,
                    "Option_PnL": 0.0069687997817672615,
                    "Delta_PnL": -0.0015440226819408084,
                    "Total_PnL": 0.00851282246370807,
                    "delta_t": 0.5680993203989856,
                    "option_price_t": 144.28,
                    "underlying_price_t": 4048.42
                },
                "put": {
                    "start_date": "2023-01-24",
                    "strike": 4000.0,
                    "maturity": "2023-04-28",
                    "units": -0.0009842937544868996,
                    "gamma": 0.0008716139049131928,
                    "vega": 809.665143828125,
                    "tau": 0.25753424657534246,
                    "delta_t_1": -0.4357336517752909,
                    "option_price_t_1": 105.72,
                    "underlying_t_1": 4045.64,
                    "Option_PnL": 0.00970513641924083,
                    "Delta_PnL": 0.0011923139555329696,
                    "Total_PnL": 0.00851282246370786,
                    "delta_t": -0.4319006796010144,
                    "option_price_t": 95.86,
                    "underlying_price_t": 4048.42
                }
            },
            "sv_2023-01-25_2023-04-28": {
                "call": {
                    "start_date": "2023-01-25",
                    "strike": 4000.0,
                    "maturity": "2023-04-28",
                    "units": -0.0009902947717349397,
                    "gamma": 0.0008824650444362631,
                    "vega": 805.3390782102688,
                    "tau": 0.2547945205479452,
                    "delta_t_1": 0.5643915943168796,
                    "option_price_t_1": 151.36,
                    "underlying_t_1": 4045.64,
                    "Option_PnL": 0.007011286983883386,
                    "Delta_PnL": -0.0015537810452756768,
                    "Total_PnL": 0.008565068029159063,
                    "delta_t": 0.5682541950743991,
                    "option_price_t": 144.28,
                    "underlying_price_t": 4048.42
                },
                "put": {
                    "start_date": "2023-01-25",
                    "strike": 4000.0,
                    "maturity": "2023-04-28",
                    "units": -0.0009902947717349397,
                    "gamma": 0.0008824650444362631,
                    "vega": 805.3390782102688,
                    "tau": 0.2547945205479452,
                    "delta_t_1": -0.4356084056831204,
                    "option_price_t_1": 105.72,
                    "underlying_t_1": 4045.64,
                    "Option_PnL": 0.009764306449306506,
                    "Delta_PnL": 0.0011992384201476535,
                    "Total_PnL": 0.008565068029158853,
                    "delta_t": -0.4317458049256009,
                    "option_price_t": 95.86,
                    "underlying_price_t": 4048.42
                }
            },
            "sv_2023-01-26_2023-04-28": {
                "call": {
                    "start_date": "2023-01-26",
                    "strike": 4000.0,
                    "maturity": "2023-04-28",
                    "units": -0.0009989236238980162,
                    "gamma": 0.0008726735640550211,
                    "vega": 798.5745093049918,
                    "tau": 0.25205479452054796,
                    "delta_t_1": 0.5645200428623725,
                    "option_price_t_1": 151.36,
                    "underlying_t_1": 4045.64,
                    "Option_PnL": 0.007072379257197967,
                    "Delta_PnL": -0.0015676764914021347,
                    "Total_PnL": 0.008640055748600103,
                    "delta_t": 0.5684126975111927,
                    "option_price_t": 144.28,
                    "underlying_price_t": 4048.42
                },
                "put": {
                    "start_date": "2023-01-26",
                    "strike": 4000.0,
                    "maturity": "2023-04-28",
                    "units": -0.0009989236238980162,
                    "gamma": 0.0008726735640550211,
                    "vega": 798.5745093049918,
                    "tau": 0.25205479452054796,
                    "delta_t_1": -0.43547995713762755,
                    "option_price_t_1": 105.72,
                    "underlying_t_1": 4045.64,
                    "Option_PnL": 0.00984938693163444,
                    "Delta_PnL": 0.0012093311830345503,
                    "Total_PnL": 0.00864005574859989,
                    "delta_t": -0.4315873024888073,
                    "option_price_t": 95.86,
                    "underlying_price_t": 4048.42
                }
            },
            "sv_2023-01-27_2023-04-28": {
                "call": {
                    "start_date": "2023-01-27",
                    "strike": 4050.0,
                    "maturity": "2023-04-28",
                    "units": -0.0009894685346989586,
                    "gamma": 0.0008909215131597066,
                    "vega": 806.721856102033,
                    "tau": 0.2493150684931507,
                    "delta_t_1": 0.5159102289494926,
                    "option_price_t_1": 125.86,
                    "underlying_t_1": 4045.64,
                    "Option_PnL": 0.007331961842119279,
                    "Delta_PnL": -0.0014191258884042092,
                    "Total_PnL": 0.008751087730523488,
                    "delta_t": 0.5176821130251006,
                    "option_price_t": 118.45,
                    "underlying_price_t": 4048.42
                },
                "put": {
                    "start_date": "2023-01-27",
                    "strike": 4050.0,
                    "maturity": "2023-04-28",
                    "units": -0.0009894685346989586,
                    "gamma": 0.0008909215131597066,
                    "vega": 806.721856102033,
                    "tau": 0.2493150684931507,
                    "delta_t_1": -0.48408977105050743,
                    "option_price_t_1": 130.22,
                    "underlying_t_1": 4045.64,
                    "Option_PnL": 0.010082684368582385,
                    "Delta_PnL": 0.0013315966380590936,
                    "Total_PnL": 0.00875108773052329,
                    "delta_t": -0.4823178869748994,
                    "option_price_t": 120.03,
                    "underlying_price_t": 4048.42
                }
            },
            "sv_2023-01-30_2023-04-28": {
                "call": {
                    "start_date": "2023-01-30",
                    "strike": 4050.0,
                    "maturity": "2023-04-28",
                    "units": -0.0010148182168233173,
                    "gamma": 0.0009086973304018468,
                    "vega": 786.8929893530313,
                    "tau": 0.2410958904109589,
                    "delta_t_1": 0.5155035201329067,
                    "option_price_t_1": 125.86,
                    "underlying_t_1": 4045.64,
                    "Option_PnL": 0.007519802986660778,
                    "Delta_PnL": -0.0014543357693275307,
                    "Total_PnL": 0.00897413875598831,
                    "delta_t": 0.5173345015301916,
                    "option_price_t": 118.45,
                    "underlying_price_t": 4048.42
                },
                "put": {
                    "start_date": "2023-01-30",
                    "strike": 4050.0,
                    "maturity": "2023-04-28",
                    "units": -0.0010148182168233173,
                    "gamma": 0.0009086973304018468,
                    "vega": 786.8929893530313,
                    "tau": 0.2410958904109589,
                    "delta_t_1": -0.4844964798670933,
                    "option_price_t_1": 130.22,
                    "underlying_t_1": 4045.64,
                    "Option_PnL": 0.010340997629429602,
                    "Delta_PnL": 0.0013668588734414948,
                    "Total_PnL": 0.008974138755988107,
                    "delta_t": -0.48266549846980844,
                    "option_price_t": 120.03,
                    "underlying_price_t": 4048.42
                }
            },
            "sv_2023-01-31_2023-04-28": {
                "call": {
                    "start_date": "2023-01-31",
                    "strike": 4000.0,
                    "maturity": "2023-04-28",
                    "units": -0.0010364952942840287,
                    "gamma": 0.0009267054423775998,
                    "vega": 772.185695739357,
                    "tau": 0.23835616438356164,
                    "delta_t_1": 0.565213740476519,
                    "option_price_t_1": 151.36,
                    "underlying_t_1": 4045.64,
                    "Option_PnL": 0.007338386683530936,
                    "Delta_PnL": -0.0016286390427067865,
                    "Total_PnL": 0.008967025726237723,
                    "delta_t": 0.5692634519902885,
                    "option_price_t": 144.28,
                    "underlying_price_t": 4048.42
                },
                "put": {
                    "start_date": "2023-01-31",
                    "strike": 4000.0,
                    "maturity": "2023-04-28",
                    "units": -0.0010364952942840287,
                    "gamma": 0.0009267054423775998,
                    "vega": 772.185695739357,
                    "tau": 0.23835616438356164,
                    "delta_t_1": -0.43478625952348104,
                    "option_price_t_1": 105.72,
                    "underlying_t_1": 4045.64,
                    "Option_PnL": 0.010219843601640523,
                    "Delta_PnL": 0.0012528178754030205,
                    "Total_PnL": 0.008967025726237502,
                    "delta_t": -0.4307365480097115,
                    "option_price_t": 95.86,
                    "underlying_price_t": 4048.42
                }
            },
            "sv_2023-02-01_2023-04-28": {
                "call": {
                    "start_date": "2023-02-01",
                    "strike": 4100.0,
                    "maturity": "2023-04-28",
                    "units": -0.0010084265309304073,
                    "gamma": 0.0009555285328083696,
                    "vega": 793.9498189000205,
                    "tau": 0.2356164383561644,
                    "delta_t_1": 0.4654649131809798,
                    "option_price_t_1": 103.46,
                    "underlying_t_1": 4045.64,
                    "Option_PnL": 0.007583367512596658,
                    "Delta_PnL": -0.001304896326119688,
                    "Total_PnL": 0.008888263838716347,
                    "delta_t": 0.46509898538922567,
                    "option_price_t": 95.94,
                    "underlying_price_t": 4048.42
                },
                "put": {
                    "start_date": "2023-02-01",
                    "strike": 4100.0,
                    "maturity": "2023-04-28",
                    "units": -0.0010084265309304073,
                    "gamma": 0.0009555285328083696,
                    "vega": 793.9498189000205,
                    "tau": 0.2356164383561644,
                    "delta_t_1": -0.5345350868190202,
                    "option_price_t_1": 157.82,
                    "underlying_t_1": 4045.64,
                    "Option_PnL": 0.010386793268583178,
                    "Delta_PnL": 0.0014985294298670462,
                    "Total_PnL": 0.008888263838716132,
                    "delta_t": -0.5349010146107743,
                    "option_price_t": 147.52,
                    "underlying_price_t": 4048.42
                }
            },
            "sv_2023-02-02_2023-04-28": {
                "call": {
                    "start_date": "2023-02-02",
                    "strike": 4100.0,
                    "maturity": "2023-04-28",
                    "units": -0.0010234464405969792,
                    "gamma": 0.0009233734138097844,
                    "vega": 781.4370123267503,
                    "tau": 0.2328767123287671,
                    "delta_t_1": 0.46503446415771593,
                    "option_price_t_1": 103.46,
                    "underlying_t_1": 4045.64,
                    "Option_PnL": 0.00769631723328928,
                    "Delta_PnL": -0.0013231072705301385,
                    "Total_PnL": 0.009019424503819418,
                    "delta_t": 0.46467625670517376,
                    "option_price_t": 95.94,
                    "underlying_price_t": 4048.42
                },
                "put": {
                    "start_date": "2023-02-02",
                    "strike": 4100.0,
                    "maturity": "2023-04-28",
                    "units": -0.0010234464405969792,
                    "gamma": 0.0009233734138097844,
                    "vega": 781.4370123267503,
                    "tau": 0.2328767123287671,
                    "delta_t_1": -0.534965535842284,
                    "option_price_t_1": 157.82,
                    "underlying_t_1": 4045.64,
                    "Option_PnL": 0.010541498338148868,
                    "Delta_PnL": 0.0015220738343296684,
                    "Total_PnL": 0.0090194245038192,
                    "delta_t": -0.5353237432948262,
                    "option_price_t": 147.52,
                    "underlying_price_t": 4048.42
                }
            },
            "sv_2023-02-03_2023-04-28": {
                "call": {
                    "start_date": "2023-02-03",
                    "strike": 4200.0,
                    "maturity": "2023-04-28",
                    "units": -0.0010148114360437155,
                    "gamma": 0.0009419176816349397,
                    "vega": 787.8120870043329,
                    "tau": 0.23013698630136986,
                    "delta_t_1": 0.36807313010762976,
                    "option_price_t_1": 67.48,
                    "underlying_t_1": 4045.64,
                    "Option_PnL": 0.007195013081549946,
                    "Delta_PnL": -0.0010383990044195636,
                    "Total_PnL": 0.00823341208596951,
                    "delta_t": 0.3635432008158359,
                    "option_price_t": 60.39,
                    "underlying_price_t": 4048.42
                },
                "put": {
                    "start_date": "2023-02-03",
                    "strike": 4200.0,
                    "maturity": "2023-04-28",
                    "units": -0.0010148114360437155,
                    "gamma": 0.0009419176816349397,
                    "vega": 787.8120870043329,
                    "tau": 0.23013698630136986,
                    "delta_t_1": -0.6319268698923702,
                    "option_price_t_1": 221.84,
                    "underlying_t_1": 4045.64,
                    "Option_PnL": 0.010016188873751476,
                    "Delta_PnL": 0.0017827767877821685,
                    "Total_PnL": 0.008233412085969307,
                    "delta_t": -0.6364567991841641,
                    "option_price_t": 211.97,
                    "underlying_price_t": 4048.42
                }
            },
            "sv_2023-02-06_2023-04-28": {
                "call": {
                    "start_date": "2023-02-06",
                    "strike": 4150.0,
                    "maturity": "2023-04-28",
                    "units": -0.0010383243838795024,
                    "gamma": 0.0009786456851643066,
                    "vega": 771.8103648997543,
                    "tau": 0.2219178082191781,
                    "delta_t_1": 0.41319133857158485,
                    "option_price_t_1": 84.05,
                    "underlying_t_1": 4045.64,
                    "Option_PnL": 0.007683600440708309,
                    "Delta_PnL": -0.0011926940648898778,
                    "Total_PnL": 0.008876294505598186,
                    "delta_t": 0.4106464554361577,
                    "option_price_t": 76.65,
                    "underlying_price_t": 4048.42
                },
                "put": {
                    "start_date": "2023-02-06",
                    "strike": 4150.0,
                    "maturity": "2023-04-28",
                    "units": -0.0010383243838795024,
                    "gamma": 0.0009786456851643066,
                    "vega": 771.8103648997543,
                    "tau": 0.2219178082191781,
                    "delta_t_1": -0.5868086614284151,
                    "option_price_t_1": 188.41,
                    "underlying_t_1": 4045.64,
                    "Option_PnL": 0.01057014222789334,
                    "Delta_PnL": 0.0016938477222953466,
                    "Total_PnL": 0.008876294505597994,
                    "delta_t": -0.5893535445638423,
                    "option_price_t": 178.23,
                    "underlying_price_t": 4048.42
                }
            },
            "sv_2023-02-07_2023-04-28": {
                "call": {
                    "start_date": "2023-02-07",
                    "strike": 4100.0,
                    "maturity": "2023-04-28",
                    "units": -0.0010534231845767158,
                    "gamma": 0.000973704994322613,
                    "vega": 760.9067319470277,
                    "tau": 0.2191780821917808,
                    "delta_t_1": 0.4627845302216521,
                    "option_price_t_1": 103.46,
                    "underlying_t_1": 4045.64,
                    "Option_PnL": 0.007921742348016899,
                    "Delta_PnL": -0.001355272111005129,
                    "Total_PnL": 0.009277014459022029,
                    "delta_t": 0.46246613371184825,
                    "option_price_t": 95.94,
                    "underlying_price_t": 4048.42
                },
                "put": {
                    "start_date": "2023-02-07",
                    "strike": 4100.0,
                    "maturity": "2023-04-28",
                    "units": -0.0010534231845767158,
                    "gamma": 0.000973704994322613,
                    "vega": 760.9067319470277,
                    "tau": 0.2191780821917808,
                    "delta_t_1": -0.5372154697783479,
                    "option_price_t_1": 157.82,
                    "underlying_t_1": 4045.64,
                    "Option_PnL": 0.010850258801140156,
                    "Delta_PnL": 0.001573244342118352,
                    "Total_PnL": 0.009277014459021803,
                    "delta_t": -0.5375338662881517,
                    "option_price_t": 147.52,
                    "underlying_price_t": 4048.42
                }
            },
            "sv_2023-02-08_2023-04-28": {
                "call": {
                    "start_date": "2023-02-08",
                    "strike": 4150.0,
                    "maturity": "2023-04-28",
                    "units": -0.0010488368087215813,
                    "gamma": 0.0009901516671293282,
                    "vega": 763.9157401212572,
                    "tau": 0.21643835616438356,
                    "delta_t_1": 0.4116530800421625,
                    "option_price_t_1": 84.05,
                    "underlying_t_1": 4045.64,
                    "Option_PnL": 0.007761392384539692,
                    "Delta_PnL": -0.0012002841897057778,
                    "Total_PnL": 0.00896167657424547,
                    "delta_t": 0.4090984369058807,
                    "option_price_t": 76.65,
                    "underlying_price_t": 4048.42
                },
                "put": {
                    "start_date": "2023-02-08",
                    "strike": 4150.0,
                    "maturity": "2023-04-28",
                    "units": -0.0010488368087215813,
                    "gamma": 0.0009901516671293282,
                    "vega": 763.9157401212572,
                    "tau": 0.21643835616438356,
                    "delta_t_1": -0.5883469199578375,
                    "option_price_t_1": 188.41,
                    "underlying_t_1": 4045.64,
                    "Option_PnL": 0.010677158712785705,
                    "Delta_PnL": 0.0017154821385404282,
                    "Total_PnL": 0.008961676574245276,
                    "delta_t": -0.5909015630941192,
                    "option_price_t": 178.23,
                    "underlying_price_t": 4048.42
                }
            },
            "sv_2023-02-09_2023-04-28": {
                "call": {
                    "start_date": "2023-02-09",
                    "strike": 4100.0,
                    "maturity": "2023-04-28",
                    "units": -0.0010646614005156213,
                    "gamma": 0.0009957966334261542,
                    "vega": 752.7118887141663,
                    "tau": 0.2136986301369863,
                    "delta_t_1": 0.461835298803365,
                    "option_price_t_1": 103.46,
                    "underlying_t_1": 4045.64,
                    "Option_PnL": 0.008006253731877468,
                    "Delta_PnL": -0.0013669210405677823,
                    "Total_PnL": 0.00937317477244525,
                    "delta_t": 0.4615334308442198,
                    "option_price_t": 95.94,
                    "underlying_price_t": 4048.42
                },
                "put": {
                    "start_date": "2023-02-09",
                    "strike": 4100.0,
                    "maturity": "2023-04-28",
                    "units": -0.0010646614005156213,
                    "gamma": 0.0009957966334261542,
                    "vega": 752.7118887141663,
                    "tau": 0.2136986301369863,
                    "delta_t_1": -0.5381647011966351,
                    "option_price_t_1": 157.82,
                    "underlying_t_1": 4045.64,
                    "Option_PnL": 0.010966012425310881,
                    "Delta_PnL": 0.0015928376528658579,
                    "Total_PnL": 0.009373174772445023,
                    "delta_t": -0.5384665691557802,
                    "option_price_t": 147.52,
                    "underlying_price_t": 4048.42
                }
            },
            "sv_2023-02-10_2023-04-28": {
                "call": {
                    "start_date": "2023-02-10",
                    "strike": 4100.0,
                    "maturity": "2023-04-28",
                    "units": -0.0010718604441399362,
                    "gamma": 0.001025640792607014,
                    "vega": 749.3176913185073,
                    "tau": 0.21095890410958903,
                    "delta_t_1": 0.46134926364685785,
                    "option_price_t_1": 103.46,
                    "underlying_t_1": 4045.64,
                    "Option_PnL": 0.008060390539932316,
                    "Delta_PnL": -0.0013747156340486058,
                    "Total_PnL": 0.009435106173980922,
                    "delta_t": 0.4610557987568751,
                    "option_price_t": 95.94,
                    "underlying_price_t": 4048.42
                },
                "put": {
                    "start_date": "2023-02-10",
                    "strike": 4100.0,
                    "maturity": "2023-04-28",
                    "units": -0.0010718604441399362,
                    "gamma": 0.001025640792607014,
                    "vega": 749.3176913185073,
                    "tau": 0.21095890410958903,
                    "delta_t_1": -0.5386507363531421,
                    "option_price_t_1": 157.82,
                    "underlying_t_1": 4045.64,
                    "Option_PnL": 0.011040162574641325,
                    "Delta_PnL": 0.001605056400660631,
                    "Total_PnL": 0.009435106173980693,
                    "delta_t": -0.5389442012431249,
                    "option_price_t": 147.52,
                    "underlying_price_t": 4048.42
                }
            },
            "sv_2023-02-13_2023-04-28": {
                "call": {
                    "start_date": "2023-02-13",
                    "strike": 4100.0,
                    "maturity": "2023-04-28",
                    "units": -0.0010936705632446347,
                    "gamma": 0.001042488184068085,
                    "vega": 735.4445819524359,
                    "tau": 0.20273972602739726,
                    "delta_t_1": 0.4598425618675728,
                    "option_price_t_1": 103.46,
                    "underlying_t_1": 4045.64,
                    "Option_PnL": 0.008224402635599648,
                    "Delta_PnL": -0.0013981072407236487,
                    "Total_PnL": 0.009622509876323296,
                    "delta_t": 0.4595748926206899,
                    "option_price_t": 95.94,
                    "underlying_price_t": 4048.42
                },
                "put": {
                    "start_date": "2023-02-13",
                    "strike": 4100.0,
                    "maturity": "2023-04-28",
                    "units": -0.0010936705632446347,
                    "gamma": 0.001042488184068085,
                    "vega": 735.4445819524359,
                    "tau": 0.20273972602739726,
                    "delta_t_1": -0.5401574381324272,
                    "option_price_t_1": 157.82,
                    "underlying_t_1": 4045.64,
                    "Option_PnL": 0.01126480680141972,
                    "Delta_PnL": 0.0016422969250966546,
                    "Total_PnL": 0.009622509876323064,
                    "delta_t": -0.54042510737931,
                    "option_price_t": 147.52,
                    "underlying_price_t": 4048.42
                }
            },
            "sv_2023-02-14_2023-04-28": {
                "call": {
                    "start_date": "2023-02-14",
                    "strike": 4150.0,
                    "maturity": "2023-04-28",
                    "units": -0.00109094463992268,
                    "gamma": 0.001063339688788734,
                    "vega": 737.9106226881026,
                    "tau": 0.2,
                    "delta_t_1": 0.4067120690139271,
                    "option_price_t_1": 84.05,
                    "underlying_t_1": 4045.64,
                    "Option_PnL": 0.008072990335427823,
                    "Delta_PnL": -0.001233486977677736,
                    "Total_PnL": 0.00930647731310556,
                    "delta_t": 0.40412450631463,
                    "option_price_t": 76.65,
                    "underlying_price_t": 4048.42
                },
                "put": {
                    "start_date": "2023-02-14",
                    "strike": 4150.0,
                    "maturity": "2023-04-28",
                    "units": -0.00109094463992268,
                    "gamma": 0.001063339688788734,
                    "vega": 737.9106226881026,
                    "tau": 0.2,
                    "delta_t_1": -0.5932879309860729,
                    "option_price_t_1": 188.41,
                    "underlying_t_1": 4045.64,
                    "Option_PnL": 0.01110581643441289,
                    "Delta_PnL": 0.0017993391213075329,
                    "Total_PnL": 0.009306477313105358,
                    "delta_t": -0.5958754936853701,
                    "option_price_t": 178.23,
                    "underlying_price_t": 4048.42
                }
            },
            "sv_2023-02-15_2023-04-28": {
                "call": {
                    "start_date": "2023-02-15",
                    "strike": 4150.0,
                    "maturity": "2023-04-28",
                    "units": -0.0010969756764189933,
                    "gamma": 0.0010731639231777491,
                    "vega": 734.35801905153,
                    "tau": 0.19726027397260273,
                    "delta_t_1": 0.4058363220220794,
                    "option_price_t_1": 84.05,
                    "underlying_t_1": 4045.64,
                    "Option_PnL": 0.008117620005500542,
                    "Delta_PnL": -0.0012376353553463651,
                    "Total_PnL": 0.009355255360846908,
                    "delta_t": 0.4032426882640884,
                    "option_price_t": 76.65,
                    "underlying_price_t": 4048.42
                },
                "put": {
                    "start_date": "2023-02-15",
                    "strike": 4150.0,
                    "maturity": "2023-04-28",
                    "units": -0.0010969756764189933,
                    "gamma": 0.0010731639231777491,
                    "vega": 734.35801905153,
                    "tau": 0.19726027397260273,
                    "delta_t_1": -0.5941636779779206,
                    "option_price_t_1": 188.41,
                    "underlying_t_1": 4045.64,
                    "Option_PnL": 0.01116721238594536,
                    "Delta_PnL": 0.0018119570250986557,
                    "Total_PnL": 0.009355255360846705,
                    "delta_t": -0.5967573117359116,
                    "option_price_t": 178.23,
                    "underlying_price_t": 4048.42
                }
            },
            "sv_2023-02-16_2023-04-28": {
                "call": {
                    "start_date": "2023-02-16",
                    "strike": 4150.0,
                    "maturity": "2023-04-28",
                    "units": -0.0011249981990118852,
                    "gamma": 0.0010570206768563157,
                    "vega": 715.2227695366594,
                    "tau": 0.19452054794520549,
                    "delta_t_1": 0.40494432229958977,
                    "option_price_t_1": 84.05,
                    "underlying_t_1": 4045.64,
                    "Option_PnL": 0.008324986672687941,
                    "Delta_PnL": -0.001266461340538304,
                    "Total_PnL": 0.009591448013226245,
                    "delta_t": 0.4023444353084962,
                    "option_price_t": 76.65,
                    "underlying_price_t": 4048.42
                },
                "put": {
                    "start_date": "2023-02-16",
                    "strike": 4150.0,
                    "maturity": "2023-04-28",
                    "units": -0.0011249981990118852,
                    "gamma": 0.0010570206768563157,
                    "vega": 715.2227695366594,
                    "tau": 0.19452054794520549,
                    "delta_t_1": -0.5950556777004102,
                    "option_price_t_1": 188.41,
                    "underlying_t_1": 4045.64,
                    "Option_PnL": 0.011452481665940999,
                    "Delta_PnL": 0.001861033652714962,
                    "Total_PnL": 0.009591448013226037,
                    "delta_t": -0.5976555646915038,
                    "option_price_t": 178.23,
                    "underlying_price_t": 4048.42
                }
            },
            "sv_2023-02-17_2023-04-28": {
                "call": {
                    "start_date": "2023-02-17",
                    "strike": 4100.0,
                    "maturity": "2023-04-28",
                    "units": -0.00113219677712454,
                    "gamma": 0.0010973432364154297,
                    "vega": 712.5909212793119,
                    "tau": 0.1917808219178082,
                    "delta_t_1": 0.4577100603124283,
                    "option_price_t_1": 103.46,
                    "underlying_t_1": 4045.64,
                    "Option_PnL": 0.008514119763976537,
                    "Delta_PnL": -0.001440645637298228,
                    "Total_PnL": 0.009954765401274764,
                    "delta_t": 0.45747826177785894,
                    "option_price_t": 95.94,
                    "underlying_price_t": 4048.42
                },
                "put": {
                    "start_date": "2023-02-17",
                    "strike": 4100.0,
                    "maturity": "2023-04-28",
                    "units": -0.00113219677712454,
                    "gamma": 0.0010973432364154297,
                    "vega": 712.5909212793119,
                    "tau": 0.1917808219178082,
                    "delta_t_1": -0.5422899396875718,
                    "option_price_t_1": 157.82,
                    "underlying_t_1": 4045.64,
                    "Option_PnL": 0.011661626804382744,
                    "Delta_PnL": 0.0017068614031082203,
                    "Total_PnL": 0.009954765401274523,
                    "delta_t": -0.542521738222141,
                    "option_price_t": 147.52,
                    "underlying_price_t": 4048.42
                }
            },
            "sv_2023-02-21_2023-05-19": {
                "call": {
                    "start_date": "2023-02-21",
                    "strike": 4100.0,
                    "maturity": "2023-05-19",
                    "units": -0.0010602629873553851,
                    "gamma": 0.0009793440634234512,
                    "vega": 762.5043557007514,
                    "tau": 0.23835616438356164,
                    "delta_t_1": 0.4658892675819092,
                    "option_price_t_1": 125.41,
                    "underlying_t_1": 4045.64,
                    "Option_PnL": 0.00843969337934886,
                    "Delta_PnL": -0.0013732231076126155,
                    "Total_PnL": 0.009812916486961474,
                    "delta_t": 0.4655156954991929,
                    "option_price_t": 117.45,
                    "underlying_price_t": 4048.42
                },
                "put": {
                    "start_date": "2023-02-21",
                    "strike": 4100.0,
                    "maturity": "2023-05-19",
                    "units": -0.0010602629873553851,
                    "gamma": 0.0009793440634234512,
                    "vega": 762.5043557007514,
                    "tau": 0.23835616438356164,
                    "delta_t_1": -0.5341107324180908,
                    "option_price_t_1": 179.77,
                    "underlying_t_1": 4045.64,
                    "Option_PnL": 0.011387224484196845,
                    "Delta_PnL": 0.0015743079972355674,
                    "Total_PnL": 0.009812916486961278,
                    "delta_t": -0.5344843045008071,
                    "option_price_t": 169.03,
                    "underlying_price_t": 4048.42
                }
            },
            "sv_2023-02-22_2023-05-19": {
                "call": {
                    "start_date": "2023-02-22",
                    "strike": 4000.0,
                    "maturity": "2023-05-19",
                    "units": -0.0010475623421661356,
                    "gamma": 0.0010065594742075755,
                    "vega": 772.5754275754297,
                    "tau": 0.2356164383561644,
                    "delta_t_1": 0.5653635112703892,
                    "option_price_t_1": 173.11,
                    "underlying_t_1": 4045.64,
                    "Option_PnL": 0.007919571306775989,
                    "Delta_PnL": -0.001646464796835987,
                    "Total_PnL": 0.009566036103611975,
                    "delta_t": 0.5694460796258238,
                    "option_price_t": 165.55,
                    "underlying_price_t": 4048.42
                },
                "put": {
                    "start_date": "2023-02-22",
                    "strike": 4000.0,
                    "maturity": "2023-05-19",
                    "units": -0.0010475623421661356,
                    "gamma": 0.0010065594742075755,
                    "vega": 772.5754275754297,
                    "tau": 0.2356164383561644,
                    "delta_t_1": -0.4346364887296108,
                    "option_price_t_1": 127.47,
                    "underlying_t_1": 4045.64,
                    "Option_PnL": 0.010831794617997846,
                    "Delta_PnL": 0.0012657585143860796,
                    "Total_PnL": 0.009566036103611767,
                    "delta_t": -0.43055392037417617,
                    "option_price_t": 117.13,
                    "underlying_price_t": 4048.42
                }
            },
            "sv_2023-02-23_2023-05-19": {
                "call": {
                    "start_date": "2023-02-23",
                    "strike": 4000.0,
                    "maturity": "2023-05-19",
                    "units": -0.0010517918802211113,
                    "gamma": 0.0010064802961507503,
                    "vega": 769.9503093370787,
                    "tau": 0.2328767123287671,
                    "delta_t_1": 0.5655172266224675,
                    "option_price_t_1": 173.11,
                    "underlying_t_1": 4045.64,
                    "Option_PnL": 0.007951546614471604,
                    "Delta_PnL": -0.001653561867301071,
                    "Total_PnL": 0.009605108481772675,
                    "delta_t": 0.5696331653134855,
                    "option_price_t": 165.55,
                    "underlying_price_t": 4048.42
                },
                "put": {
                    "start_date": "2023-02-23",
                    "strike": 4000.0,
                    "maturity": "2023-05-19",
                    "units": -0.0010517918802211113,
                    "gamma": 0.0010064802961507503,
                    "vega": 769.9503093370787,
                    "tau": 0.2328767123287671,
                    "delta_t_1": -0.4344827733775325,
                    "option_price_t_1": 127.47,
                    "underlying_t_1": 4045.64,
                    "Option_PnL": 0.010875528041486294,
                    "Delta_PnL": 0.001270419559713829,
                    "Total_PnL": 0.009605108481772465,
                    "delta_t": -0.4303668346865145,
                    "option_price_t": 117.13,
                    "underlying_price_t": 4048.42
                }
            },
            "sv_2023-02-24_2023-05-19": {
                "call": {
                    "start_date": "2023-02-24",
                    "strike": 4000.0,
                    "maturity": "2023-05-19",
                    "units": -0.001067472583658526,
                    "gamma": 0.001030489010413036,
                    "vega": 759.491869590787,
                    "tau": 0.23013698630136986,
                    "delta_t_1": 0.5656750108956626,
                    "option_price_t_1": 173.11,
                    "underlying_t_1": 4045.64,
                    "Option_PnL": 0.00807009273245846,
                    "Delta_PnL": -0.0016786823317894858,
                    "Total_PnL": 0.009748775064247945,
                    "delta_t": 0.5698248480875178,
                    "option_price_t": 165.55,
                    "underlying_price_t": 4048.42
                },
                "put": {
                    "start_date": "2023-02-24",
                    "strike": 4000.0,
                    "maturity": "2023-05-19",
                    "units": -0.001067472583658526,
                    "gamma": 0.001030489010413036,
                    "vega": 759.491869590787,
                    "tau": 0.23013698630136986,
                    "delta_t_1": -0.43432498910433737,
                    "option_price_t_1": 127.47,
                    "underlying_t_1": 4045.64,
                    "Option_PnL": 0.011037666515029163,
                    "Delta_PnL": 0.0012888914507814305,
                    "Total_PnL": 0.009748775064247733,
                    "delta_t": -0.43017515191248223,
                    "option_price_t": 117.13,
                    "underlying_price_t": 4048.42
                }
            },
            "sv_2023-02-27_2023-05-19": {
                "call": {
                    "start_date": "2023-02-27",
                    "strike": 3950.0,
                    "maturity": "2023-05-19",
                    "units": -0.0010960312954198378,
                    "gamma": 0.001037719198273692,
                    "vega": 741.8298482208786,
                    "tau": 0.2219178082191781,
                    "delta_t_1": 0.6173496214041078,
                    "option_price_t_1": 200.96,
                    "underlying_t_1": 4045.64,
                    "Option_PnL": 0.007792782510435062,
                    "Delta_PnL": -0.0018810439246632195,
                    "Total_PnL": 0.009673826435098282,
                    "delta_t": 0.6237272045549798,
                    "option_price_t": 193.85,
                    "underlying_price_t": 4048.42
                },
                "put": {
                    "start_date": "2023-02-27",
                    "strike": 3950.0,
                    "maturity": "2023-05-19",
                    "units": -0.0010960312954198378,
                    "gamma": 0.001037719198273692,
                    "vega": 741.8298482208786,
                    "tau": 0.2219178082191781,
                    "delta_t_1": -0.38265037859589224,
                    "option_price_t_1": 105.32,
                    "underlying_t_1": 4045.64,
                    "Option_PnL": 0.010839749511702182,
                    "Delta_PnL": 0.001165923076604149,
                    "Total_PnL": 0.009673826435098032,
                    "delta_t": -0.37627279544502024,
                    "option_price_t": 95.43,
                    "underlying_price_t": 4048.42
                }
            },
            "sv_2023-02-28_2023-05-19": {
                "call": {
                    "start_date": "2023-02-28",
                    "strike": 4000.0,
                    "maturity": "2023-05-19",
                    "units": -0.0010983833287256301,
                    "gamma": 0.0010572893230760038,
                    "vega": 741.1430723937467,
                    "tau": 0.2191780821917808,
                    "delta_t_1": 0.5663495178765239,
                    "option_price_t_1": 173.11,
                    "underlying_t_1": 4045.64,
                    "Option_PnL": 0.008303777965165767,
                    "Delta_PnL": -0.0017293514548954187,
                    "Total_PnL": 0.010033129420061185,
                    "delta_t": 0.570640545886214,
                    "option_price_t": 165.55,
                    "underlying_price_t": 4048.42
                },
                "put": {
                    "start_date": "2023-02-28",
                    "strike": 4000.0,
                    "maturity": "2023-05-19",
                    "units": -0.0010983833287256301,
                    "gamma": 0.0010572893230760038,
                    "vega": 741.1430723937467,
                    "tau": 0.2191780821917808,
                    "delta_t_1": -0.4336504821234761,
                    "option_price_t_1": 127.47,
                    "underlying_t_1": 4045.64,
                    "Option_PnL": 0.01135728361902302,
                    "Delta_PnL": 0.0013241541989620527,
                    "Total_PnL": 0.010033129420060967,
                    "delta_t": -0.42935945411378595,
                    "option_price_t": 117.13,
                    "underlying_price_t": 4048.42
                }
            },
            "sv_2023-03-01_2023-05-19": {
                "call": {
                    "start_date": "2023-03-01",
                    "strike": 3950.0,
                    "maturity": "2023-05-19",
                    "units": -0.001112407388283498,
                    "gamma": 0.0010658024312962362,
                    "vega": 732.4226901433753,
                    "tau": 0.21643835616438356,
                    "delta_t_1": 0.6183271385416468,
                    "option_price_t_1": 200.96,
                    "underlying_t_1": 4045.64,
                    "Option_PnL": 0.007909216530695685,
                    "Delta_PnL": -0.0019121720628661205,
                    "Total_PnL": 0.009821388593561806,
                    "delta_t": 0.6247991015057663,
                    "option_price_t": 193.85,
                    "underlying_price_t": 4048.42
                },
                "put": {
                    "start_date": "2023-03-01",
                    "strike": 3950.0,
                    "maturity": "2023-05-19",
                    "units": -0.001112407388283498,
                    "gamma": 0.0010658024312962362,
                    "vega": 732.4226901433753,
                    "tau": 0.21643835616438356,
                    "delta_t_1": -0.3816728614583532,
                    "option_price_t_1": 105.32,
                    "underlying_t_1": 4045.64,
                    "Option_PnL": 0.01100170907012378,
                    "Delta_PnL": 0.0011803204765622262,
                    "Total_PnL": 0.009821388593561554,
                    "delta_t": -0.37520089849423366,
                    "option_price_t": 95.43,
                    "underlying_price_t": 4048.42
                }
            },
            "sv_2023-03-02_2023-05-19": {
                "call": {
                    "start_date": "2023-03-02",
                    "strike": 3950.0,
                    "maturity": "2023-05-19",
                    "units": -0.0011223984078945395,
                    "gamma": 0.0010842666925161366,
                    "vega": 727.8671389119224,
                    "tau": 0.2136986301369863,
                    "delta_t_1": 0.6188318140594063,
                    "option_price_t_1": 200.96,
                    "underlying_t_1": 4045.64,
                    "Option_PnL": 0.00798025268013019,
                    "Delta_PnL": -0.0019309208431363923,
                    "Total_PnL": 0.009911173523266582,
                    "delta_t": 0.6253521367192327,
                    "option_price_t": 193.85,
                    "underlying_price_t": 4048.42
                },
                "put": {
                    "start_date": "2023-03-02",
                    "strike": 3950.0,
                    "maturity": "2023-05-19",
                    "units": -0.0011223984078945395,
                    "gamma": 0.0010842666925161366,
                    "vega": 727.8671389119224,
                    "tau": 0.2136986301369863,
                    "delta_t_1": -0.38116818594059365,
                    "option_price_t_1": 105.32,
                    "underlying_t_1": 4045.64,
                    "Option_PnL": 0.01110052025407698,
                    "Delta_PnL": 0.001189346730810652,
                    "Total_PnL": 0.009911173523266328,
                    "delta_t": -0.37464786328076727,
                    "option_price_t": 95.43,
                    "underlying_price_t": 4048.42
                }
            },
            "sv_2023-03-03_2023-05-19": {
                "call": {
                    "start_date": "2023-03-03",
                    "strike": 4000.0,
                    "maturity": "2023-05-19",
                    "units": -0.001113030982510086,
                    "gamma": 0.001045472494606767,
                    "vega": 730.8544955364597,
                    "tau": 0.21095890410958903,
                    "delta_t_1": 0.5669050783730573,
                    "option_price_t_1": 173.11,
                    "underlying_t_1": 3981.35,
                    "delta_t": 0.5713083609365472,
                    "option_price_t": 165.55,
                    "underlying_price_t": 4048.42,
                    "Option_PnL": 0.008414514227776252,
                    "Delta_PnL": -0.04232002420103803,
                    "Total_PnL": 0.050734538428814285
                },
                "put": {
                    "start_date": "2023-03-03",
                    "strike": 4000.0,
                    "maturity": "2023-05-19",
                    "units": -0.001113030982510086,
                    "gamma": 0.001045472494606767,
                    "vega": 730.8544955364597,
                    "tau": 0.21095890410958903,
                    "delta_t_1": -0.43309492162694274,
                    "option_price_t_1": 127.47,
                    "underlying_t_1": 3981.35,
                    "delta_t": -0.42869163906345276,
                    "option_price_t": 117.13,
                    "underlying_price_t": 4048.42,
                    "Option_PnL": 0.011508740359154293,
                    "Delta_PnL": 0.03233096379591362,
                    "Total_PnL": -0.020822223436759324
                }
            },
            "sv_2023-03-06_2023-05-19": {
                "call": {
                    "start_date": "2023-03-06",
                    "strike": 4050.0,
                    "maturity": "2023-05-19",
                    "units": -0.0011273465019764576,
                    "delta_t": 0.5156130639340685,
                    "gamma": 0.0011287204799282293,
                    "vega": 726.6617397020293,
                    "tau": 0.20273972602739726,
                    "option_price_t": 140.09,
                    "underlying_price_t": 4045.64
                },
                "put": {
                    "start_date": "2023-03-06",
                    "strike": 4050.0,
                    "maturity": "2023-05-19",
                    "units": -0.0011273465019764576,
                    "delta_t": -0.48438693606593153,
                    "gamma": 0.0011287204799282293,
                    "vega": 726.6617397020293,
                    "tau": 0.20273972602739726,
                    "option_price_t": 141.67,
                    "underlying_price_t": 4045.64
                }
            }
        }
    }
}