{
    "spx_strategy": {
        "date": "2023-03-30",
        "index_levels": 103.986318865149,
        "result": {
            "sv_2023-01-23_2023-04-28": {
                "call": {
                    "start_date": "2023-01-23",
                    "strike": 3950.0,
                    "maturity": "2023-04-28",
                    "units": -0.000995156163567833,
                    "gamma": 0.0008471025015207614,
                    "vega": 800.2744880395427,
                    "tau": 0.2602739726027397,
                    "delta_t_1": 0.5926828090788614,
                    "option_price_t_1": 140.54,
                    "underlying_t_1": 4027.81,
                    "Option_PnL": -0.013822719111957215,
                    "Delta_PnL": -0.013577471100407001,
                    "Total_PnL": -0.0002452480115502139,
                    "delta_t": 0.6127598301213839,
                    "option_price_t": 154.43,
                    "underlying_price_t": 4050.83
                },
                "put": {
                    "start_date": "2023-01-23",
                    "strike": 3950.0,
                    "maturity": "2023-04-28",
                    "units": -0.000995156163567833,
                    "gamma": 0.0008471025015207614,
                    "vega": 800.2744880395427,
                    "tau": 0.2602739726027397,
                    "delta_t_1": -0.4073171909211386,
                    "option_price_t_1": 62.73,
                    "underlying_t_1": 4027.81,
                    "Option_PnL": 0.00908577577337431,
                    "Delta_PnL": 0.009331023784924496,
                    "Total_PnL": -0.00024524801155018615,
                    "delta_t": -0.3872401698786161,
                    "option_price_t": 53.6,
                    "underlying_price_t": 4050.83
                }
            },
            "sv_2023-01-24_2023-04-28": {
                "call": {
                    "start_date": "2023-01-24",
                    "strike": 4000.0,
                    "maturity": "2023-04-28",
                    "units": -0.0009842937544868996,
                    "gamma": 0.0008716139049131928,
                    "vega": 809.665143828125,
                    "tau": 0.25753424657534246,
                    "delta_t_1": 0.5470426984837635,
                    "option_price_t_1": 111.84,
                    "underlying_t_1": 4027.81,
                    "Option_PnL": -0.011791839178753047,
                    "Delta_PnL": -0.012395135380001351,
                    "Total_PnL": 0.0006032962012483042,
                    "delta_t": 0.5678671877443666,
                    "option_price_t": 123.82,
                    "underlying_price_t": 4050.83
                },
                "put": {
                    "start_date": "2023-01-24",
                    "strike": 4000.0,
                    "maturity": "2023-04-28",
                    "units": -0.0009842937544868996,
                    "gamma": 0.0008716139049131928,
                    "vega": 809.665143828125,
                    "tau": 0.25753424657534246,
                    "delta_t_1": -0.4529573015162365,
                    "option_price_t_1": 84.03,
                    "underlying_t_1": 4027.81,
                    "Option_PnL": 0.010866603049535378,
                    "Delta_PnL": 0.010263306848287058,
                    "Total_PnL": 0.0006032962012483198,
                    "delta_t": -0.4321328122556334,
                    "option_price_t": 72.99,
                    "underlying_price_t": 4050.83
                }
            },
            "sv_2023-01-25_2023-04-28": {
                "call": {
                    "start_date": "2023-01-25",
                    "strike": 4000.0,
                    "maturity": "2023-04-28",
                    "units": -0.0009902947717349397,
                    "gamma": 0.0008824650444362631,
                    "vega": 805.3390782102688,
                    "tau": 0.2547945205479452,
                    "delta_t_1": 0.547065862564394,
                    "option_price_t_1": 111.84,
                    "underlying_t_1": 4027.81,
                    "Option_PnL": -0.011863731365384567,
                    "Delta_PnL": -0.012471233789590077,
                    "Total_PnL": 0.0006075024242055103,
                    "delta_t": 0.5680005822492388,
                    "option_price_t": 123.82,
                    "underlying_price_t": 4050.83
                },
                "put": {
                    "start_date": "2023-01-25",
                    "strike": 4000.0,
                    "maturity": "2023-04-28",
                    "units": -0.0009902947717349397,
                    "gamma": 0.0008824650444362631,
                    "vega": 805.3390782102688,
                    "tau": 0.2547945205479452,
                    "delta_t_1": -0.45293413743560595,
                    "option_price_t_1": 84.03,
                    "underlying_t_1": 4027.81,
                    "Option_PnL": 0.010932854279953741,
                    "Delta_PnL": 0.010325351855748217,
                    "Total_PnL": 0.0006075024242055242,
                    "delta_t": -0.4319994177507612,
                    "option_price_t": 72.99,
                    "underlying_price_t": 4050.83
                }
            },
            "sv_2023-01-26_2023-04-28": {
                "call": {
                    "start_date": "2023-01-26",
                    "strike": 4000.0,
                    "maturity": "2023-04-28",
                    "units": -0.0009989236238980162,
                    "gamma": 0.0008726735640550211,
                    "vega": 798.5745093049918,
                    "tau": 0.25205479452054796,
                    "delta_t_1": 0.5470906384037559,
                    "option_price_t_1": 111.84,
                    "underlying_t_1": 4027.81,
                    "Option_PnL": -0.011967105014298225,
                    "Delta_PnL": -0.01258047058690635,
                    "Total_PnL": 0.0006133655726081252,
                    "delta_t": 0.5681373679393309,
                    "option_price_t": 123.82,
                    "underlying_price_t": 4050.83
                },
                "put": {
                    "start_date": "2023-01-26",
                    "strike": 4000.0,
                    "maturity": "2023-04-28",
                    "units": -0.0009989236238980162,
                    "gamma": 0.0008726735640550211,
                    "vega": 798.5745093049918,
                    "tau": 0.25205479452054796,
                    "delta_t_1": -0.45290936159624406,
                    "option_price_t_1": 84.03,
                    "underlying_t_1": 4027.81,
                    "Option_PnL": 0.011028116807834106,
                    "Delta_PnL": 0.010414751235225967,
                    "Total_PnL": 0.0006133655726081391,
                    "delta_t": -0.4318626320606691,
                    "option_price_t": 72.99,
                    "underlying_price_t": 4050.83
                }
            },
            "sv_2023-01-27_2023-04-28": {
                "call": {
                    "start_date": "2023-01-27",
                    "strike": 4050.0,
                    "maturity": "2023-04-28",
                    "units": -0.0009894685346989586,
                    "gamma": 0.0008909215131597066,
                    "vega": 806.721856102033,
                    "tau": 0.2493150684931507,
                    "delta_t_1": 0.500405096251299,
                    "option_price_t_1": 87.21,
                    "underlying_t_1": 4027.81,
                    "Option_PnL": -0.009973842829765515,
                    "Delta_PnL": -0.01139800994085114,
                    "Total_PnL": 0.0014241671110856256,
                    "delta_t": 0.5219461172626814,
                    "option_price_t": 97.29,
                    "underlying_price_t": 4050.83
                },
                "put": {
                    "start_date": "2023-01-27",
                    "strike": 4050.0,
                    "maturity": "2023-04-28",
                    "units": -0.0009894685346989586,
                    "gamma": 0.0008909215131597066,
                    "vega": 806.721856102033,
                    "tau": 0.2493150684931507,
                    "delta_t_1": -0.49959490374870097,
                    "option_price_t_1": 109.4,
                    "underlying_t_1": 4027.81,
                    "Option_PnL": 0.012803722839004536,
                    "Delta_PnL": 0.011379555727918867,
                    "Total_PnL": 0.001424167111085669,
                    "delta_t": -0.47805388273731864,
                    "option_price_t": 96.46,
                    "underlying_price_t": 4050.83
                }
            },
            "sv_2023-01-30_2023-04-28": {
                "call": {
                    "start_date": "2023-01-30",
                    "strike": 4050.0,
                    "maturity": "2023-04-28",
                    "units": -0.0010148182168233173,
                    "gamma": 0.0009086973304018468,
                    "vega": 786.8929893530313,
                    "tau": 0.2410958904109589,
                    "delta_t_1": 0.49970414675512953,
                    "option_price_t_1": 87.21,
                    "underlying_t_1": 4027.81,
                    "Option_PnL": -0.010229367625579052,
                    "Delta_PnL": -0.011673646213855905,
                    "Total_PnL": 0.0014442785882768528,
                    "delta_t": 0.5216074593250922,
                    "option_price_t": 97.29,
                    "underlying_price_t": 4050.83
                },
                "put": {
                    "start_date": "2023-01-30",
                    "strike": 4050.0,
                    "maturity": "2023-04-28",
                    "units": -0.0010148182168233173,
                    "gamma": 0.0009086973304018468,
                    "vega": 786.8929893530313,
                    "tau": 0.2410958904109589,
                    "delta_t_1": -0.5002958532448705,
                    "option_price_t_1": 109.4,
                    "underlying_t_1": 4027.81,
                    "Option_PnL": 0.013131747725693739,
                    "Delta_PnL": 0.01168746913741684,
                    "Total_PnL": 0.001444278588276898,
                    "delta_t": -0.4783925406749078,
                    "option_price_t": 96.46,
                    "underlying_price_t": 4050.83
                }
            },
            "sv_2023-01-31_2023-04-28": {
                "call": {
                    "start_date": "2023-01-31",
                    "strike": 4000.0,
                    "maturity": "2023-04-28",
                    "units": -0.0010364952942840287,
                    "gamma": 0.0009267054423775998,
                    "vega": 772.185695739357,
                    "tau": 0.23835616438356164,
                    "delta_t_1": 0.5472405505705259,
                    "option_price_t_1": 111.84,
                    "underlying_t_1": 4027.81,
                    "Option_PnL": -0.012417213625522653,
                    "Delta_PnL": -0.01305722612178842,
                    "Total_PnL": 0.0006400124962657669,
                    "delta_t": 0.5688757795936837,
                    "option_price_t": 123.82,
                    "underlying_price_t": 4050.83
                },
                "put": {
                    "start_date": "2023-01-31",
                    "strike": 4000.0,
                    "maturity": "2023-04-28",
                    "units": -0.0010364952942840287,
                    "gamma": 0.0009267054423775998,
                    "vega": 772.185695739357,
                    "tau": 0.23835616438356164,
                    "delta_t_1": -0.4527594494294741,
                    "option_price_t_1": 84.03,
                    "underlying_t_1": 4027.81,
                    "Option_PnL": 0.011442908048895683,
                    "Delta_PnL": 0.010802895552629902,
                    "Total_PnL": 0.0006400124962657808,
                    "delta_t": -0.43112422040631626,
                    "option_price_t": 72.99,
                    "underlying_price_t": 4050.83
                }
            },
            "sv_2023-02-01_2023-04-28": {
                "call": {
                    "start_date": "2023-02-01",
                    "strike": 4100.0,
                    "maturity": "2023-04-28",
                    "units": -0.0010084265309304073,
                    "gamma": 0.0009555285328083696,
                    "vega": 793.9498189000205,
                    "tau": 0.2356164383561644,
                    "delta_t_1": 0.4517685558245972,
                    "option_price_t_1": 66.6,
                    "underlying_t_1": 4027.81,
                    "Option_PnL": -0.008329603145485169,
                    "Delta_PnL": -0.010487345651224353,
                    "Total_PnL": 0.002157742505739184,
                    "delta_t": 0.4740019047069532,
                    "option_price_t": 74.86,
                    "underlying_price_t": 4050.83
                },
                "put": {
                    "start_date": "2023-02-01",
                    "strike": 4100.0,
                    "maturity": "2023-04-28",
                    "units": -0.0010084265309304073,
                    "gamma": 0.0009555285328083696,
                    "vega": 793.9498189000205,
                    "tau": 0.2356164383561644,
                    "delta_t_1": -0.5482314441754028,
                    "option_price_t_1": 138.79,
                    "underlying_t_1": 4027.81,
                    "Option_PnL": 0.014884375596532802,
                    "Delta_PnL": 0.012726633090793605,
                    "Total_PnL": 0.0021577425057391977,
                    "delta_t": -0.5259980952930468,
                    "option_price_t": 124.03,
                    "underlying_price_t": 4050.83
                }
            },
            "sv_2023-02-02_2023-04-28": {
                "call": {
                    "start_date": "2023-02-02",
                    "strike": 4100.0,
                    "maturity": "2023-04-28",
                    "units": -0.0010234464405969792,
                    "gamma": 0.0009233734138097844,
                    "vega": 781.4370123267503,
                    "tau": 0.2328767123287671,
                    "delta_t_1": 0.4512487917008327,
                    "option_price_t_1": 66.6,
                    "underlying_t_1": 4027.81,
                    "Option_PnL": -0.008453667599331053,
                    "Delta_PnL": -0.010631302882261603,
                    "Total_PnL": 0.0021776352829305495,
                    "delta_t": 0.4736092546291793,
                    "option_price_t": 74.86,
                    "underlying_price_t": 4050.83
                },
                "put": {
                    "start_date": "2023-02-02",
                    "strike": 4100.0,
                    "maturity": "2023-04-28",
                    "units": -0.0010234464405969792,
                    "gamma": 0.0009233734138097844,
                    "vega": 781.4370123267503,
                    "tau": 0.2328767123287671,
                    "delta_t_1": -0.5487512082991672,
                    "option_price_t_1": 138.79,
                    "underlying_t_1": 4027.81,
                    "Option_PnL": 0.015106069463211403,
                    "Delta_PnL": 0.012928434180280838,
                    "Total_PnL": 0.002177635282930565,
                    "delta_t": -0.5263907453708208,
                    "option_price_t": 124.03,
                    "underlying_price_t": 4050.83
                }
            },
            "sv_2023-02-03_2023-04-28": {
                "call": {
                    "start_date": "2023-02-03",
                    "strike": 4200.0,
                    "maturity": "2023-04-28",
                    "units": -0.0010148114360437155,
                    "gamma": 0.0009419176816349397,
                    "vega": 787.8120870043329,
                    "tau": 0.23013698630136986,
                    "delta_t_1": 0.3591227913837731,
                    "option_price_t_1": 36.39,
                    "underlying_t_1": 4027.81,
                    "Option_PnL": -0.0051856864381833855,
                    "Delta_PnL": -0.00838945289803727,
                    "Total_PnL": 0.0032037664598538844,
                    "delta_t": 0.38081861413558715,
                    "option_price_t": 41.5,
                    "underlying_price_t": 4050.83
                },
                "put": {
                    "start_date": "2023-02-03",
                    "strike": 4200.0,
                    "maturity": "2023-04-28",
                    "units": -0.0010148114360437155,
                    "gamma": 0.0009419176816349397,
                    "vega": 787.8120870043329,
                    "tau": 0.23013698630136986,
                    "delta_t_1": -0.6408772086162269,
                    "option_price_t_1": 208.58,
                    "underlying_t_1": 4027.81,
                    "Option_PnL": 0.01817527281954297,
                    "Delta_PnL": 0.014971506359689043,
                    "Total_PnL": 0.0032037664598539278,
                    "delta_t": -0.6191813858644128,
                    "option_price_t": 190.67,
                    "underlying_price_t": 4050.83
                }
            },
            "sv_2023-02-06_2023-04-28": {
                "call": {
                    "start_date": "2023-02-06",
                    "strike": 4150.0,
                    "maturity": "2023-04-28",
                    "units": -0.0010383243838795024,
                    "gamma": 0.0009786456851643066,
                    "vega": 771.8103648997543,
                    "tau": 0.2219178082191781,
                    "delta_t_1": 0.40154709504630226,
                    "option_price_t_1": 49.77,
                    "underlying_t_1": 4027.81,
                    "Option_PnL": -0.006842557689765917,
                    "Delta_PnL": -0.009597869944240027,
                    "Total_PnL": 0.0027553122544741095,
                    "delta_t": 0.42416653585024056,
                    "option_price_t": 56.36,
                    "underlying_price_t": 4050.83
                },
                "put": {
                    "start_date": "2023-02-06",
                    "strike": 4150.0,
                    "maturity": "2023-04-28",
                    "units": -0.0010383243838795024,
                    "gamma": 0.0009786456851643066,
                    "vega": 771.8103648997543,
                    "tau": 0.2219178082191781,
                    "delta_t_1": -0.5984529049536977,
                    "option_price_t_1": 171.96,
                    "underlying_t_1": 4027.81,
                    "Option_PnL": 0.01705966962714023,
                    "Delta_PnL": 0.014304357372666098,
                    "Total_PnL": 0.002755312254474134,
                    "delta_t": -0.5758334641497594,
                    "option_price_t": 155.53,
                    "underlying_price_t": 4050.83
                }
            },
            "sv_2023-02-07_2023-04-28": {
                "call": {
                    "start_date": "2023-02-07",
                    "strike": 4100.0,
                    "maturity": "2023-04-28",
                    "units": -0.0010534231845767158,
                    "gamma": 0.000973704994322613,
                    "vega": 760.9067319470277,
                    "tau": 0.2191780821917808,
                    "delta_t_1": 0.44852907218192006,
                    "option_price_t_1": 66.6,
                    "underlying_t_1": 4027.81,
                    "Option_PnL": -0.008701275504603678,
                    "Delta_PnL": -0.010876741061113564,
                    "Total_PnL": 0.0021754655565098865,
                    "delta_t": 0.471559694210954,
                    "option_price_t": 74.86,
                    "underlying_price_t": 4050.83
                },
                "put": {
                    "start_date": "2023-02-07",
                    "strike": 4100.0,
                    "maturity": "2023-04-28",
                    "units": -0.0010534231845767158,
                    "gamma": 0.000973704994322613,
                    "vega": 760.9067319470277,
                    "tau": 0.2191780821917808,
                    "delta_t_1": -0.5514709278180799,
                    "option_price_t_1": 138.79,
                    "underlying_t_1": 4027.81,
                    "Option_PnL": 0.015548526204352316,
                    "Delta_PnL": 0.013373060647842414,
                    "Total_PnL": 0.002175465556509902,
                    "delta_t": -0.528440305789046,
                    "option_price_t": 124.03,
                    "underlying_price_t": 4050.83
                }
            },
            "sv_2023-02-08_2023-04-28": {
                "call": {
                    "start_date": "2023-02-08",
                    "strike": 4150.0,
                    "maturity": "2023-04-28",
                    "units": -0.0010488368087215813,
                    "gamma": 0.0009901516671293282,
                    "vega": 763.9157401212572,
                    "tau": 0.21643835616438356,
                    "delta_t_1": 0.39985225632557175,
                    "option_price_t_1": 49.77,
                    "underlying_t_1": 4027.81,
                    "Option_PnL": -0.0069118345694752165,
                    "Delta_PnL": -0.009654122178436322,
                    "Total_PnL": 0.002742287608961106,
                    "delta_t": 0.42273397507724325,
                    "option_price_t": 56.36,
                    "underlying_price_t": 4050.83
                },
                "put": {
                    "start_date": "2023-02-08",
                    "strike": 4150.0,
                    "maturity": "2023-04-28",
                    "units": -0.0010488368087215813,
                    "gamma": 0.0009901516671293282,
                    "vega": 763.9157401212572,
                    "tau": 0.21643835616438356,
                    "delta_t_1": -0.6001477436744282,
                    "option_price_t_1": 171.96,
                    "underlying_t_1": 4027.81,
                    "Option_PnL": 0.017232388767295586,
                    "Delta_PnL": 0.014490101158334458,
                    "Total_PnL": 0.0027422876089611276,
                    "delta_t": -0.5772660249227568,
                    "option_price_t": 155.53,
                    "underlying_price_t": 4050.83
                }
            },
            "sv_2023-02-09_2023-04-28": {
                "call": {
                    "start_date": "2023-02-09",
                    "strike": 4100.0,
                    "maturity": "2023-04-28",
                    "units": -0.0010646614005156213,
                    "gamma": 0.0009957966334261542,
                    "vega": 752.7118887141663,
                    "tau": 0.2136986301369863,
                    "delta_t_1": 0.4473802099558412,
                    "option_price_t_1": 66.6,
                    "underlying_t_1": 4027.81,
                    "Option_PnL": -0.008794103168259038,
                    "Delta_PnL": -0.01096462030939273,
                    "Total_PnL": 0.002170517141133692,
                    "delta_t": 0.4706963723121927,
                    "option_price_t": 74.86,
                    "underlying_price_t": 4050.83
                },
                "put": {
                    "start_date": "2023-02-09",
                    "strike": 4100.0,
                    "maturity": "2023-04-28",
                    "units": -0.0010646614005156213,
                    "gamma": 0.0009957966334261542,
                    "vega": 752.7118887141663,
                    "tau": 0.2136986301369863,
                    "delta_t_1": -0.5526197900441587,
                    "option_price_t_1": 138.79,
                    "underlying_t_1": 4027.81,
                    "Option_PnL": 0.01571440227161056,
                    "Delta_PnL": 0.01354388513047685,
                    "Total_PnL": 0.002170517141133709,
                    "delta_t": -0.5293036276878074,
                    "option_price_t": 124.03,
                    "underlying_price_t": 4050.83
                }
            },
            "sv_2023-02-10_2023-04-28": {
                "call": {
                    "start_date": "2023-02-10",
                    "strike": 4100.0,
                    "maturity": "2023-04-28",
                    "units": -0.0010718604441399362,
                    "gamma": 0.001025640792607014,
                    "vega": 749.3176913185073,
                    "tau": 0.21095890410958903,
                    "delta_t_1": 0.446791640347876,
                    "option_price_t_1": 66.6,
                    "underlying_t_1": 4027.81,
                    "Option_PnL": -0.008853567268595878,
                    "Delta_PnL": -0.011024238545130773,
                    "Total_PnL": 0.0021706712765348947,
                    "delta_t": 0.4702546323471743,
                    "option_price_t": 74.86,
                    "underlying_price_t": 4050.83
                },
                "put": {
                    "start_date": "2023-02-10",
                    "strike": 4100.0,
                    "maturity": "2023-04-28",
                    "units": -0.0010718604441399362,
                    "gamma": 0.001025640792607014,
                    "vega": 749.3176913185073,
                    "tau": 0.21095890410958903,
                    "delta_t_1": -0.553208359652124,
                    "option_price_t_1": 138.79,
                    "underlying_t_1": 4027.81,
                    "Option_PnL": 0.01582066015550545,
                    "Delta_PnL": 0.01364998887897054,
                    "Total_PnL": 0.0021706712765349086,
                    "delta_t": -0.5297453676528256,
                    "option_price_t": 124.03,
                    "underlying_price_t": 4050.83
                }
            },
            "sv_2023-02-13_2023-04-28": {
                "call": {
                    "start_date": "2023-02-13",
                    "strike": 4100.0,
                    "maturity": "2023-04-28",
                    "units": -0.0010936705632446347,
                    "gamma": 0.001042488184068085,
                    "vega": 735.4445819524359,
                    "tau": 0.20273972602739726,
                    "delta_t_1": 0.44496575592250825,
                    "option_price_t_1": 66.6,
                    "underlying_t_1": 4027.81,
                    "Option_PnL": -0.009033718852400688,
                    "Delta_PnL": -0.011202589743777996,
                    "Total_PnL": 0.0021688708913773086,
                    "delta_t": 0.4688865368369213,
                    "option_price_t": 74.86,
                    "underlying_price_t": 4050.83
                },
                "put": {
                    "start_date": "2023-02-13",
                    "strike": 4100.0,
                    "maturity": "2023-04-28",
                    "units": -0.0010936705632446347,
                    "gamma": 0.001042488184068085,
                    "vega": 735.4445819524359,
                    "tau": 0.20273972602739726,
                    "delta_t_1": -0.5550342440774918,
                    "option_price_t_1": 138.79,
                    "underlying_t_1": 4027.81,
                    "Option_PnL": 0.016142577513490797,
                    "Delta_PnL": 0.013973706622113476,
                    "Total_PnL": 0.0021688708913773207,
                    "delta_t": -0.5311134631630787,
                    "option_price_t": 124.03,
                    "underlying_price_t": 4050.83
                }
            },
            "sv_2023-02-14_2023-04-28": {
                "call": {
                    "start_date": "2023-02-14",
                    "strike": 4150.0,
                    "maturity": "2023-04-28",
                    "units": -0.00109094463992268,
                    "gamma": 0.001063339688788734,
                    "vega": 737.9106226881026,
                    "tau": 0.2,
                    "delta_t_1": 0.3944086211816702,
                    "option_price_t_1": 49.77,
                    "underlying_t_1": 4027.81,
                    "Option_PnL": -0.007189325177090458,
                    "Delta_PnL": -0.009904998897425413,
                    "Total_PnL": 0.002715673720334956,
                    "delta_t": 0.41813556075769465,
                    "option_price_t": 56.36,
                    "underlying_price_t": 4050.83
                },
                "put": {
                    "start_date": "2023-02-14",
                    "strike": 4150.0,
                    "maturity": "2023-04-28",
                    "units": -0.00109094463992268,
                    "gamma": 0.001063339688788734,
                    "vega": 737.9106226881026,
                    "tau": 0.2,
                    "delta_t_1": -0.6055913788183298,
                    "option_price_t_1": 171.96,
                    "underlying_t_1": 4027.81,
                    "Option_PnL": 0.017924220433929643,
                    "Delta_PnL": 0.015208546713594662,
                    "Total_PnL": 0.002715673720334981,
                    "delta_t": -0.5818644392423054,
                    "option_price_t": 155.53,
                    "underlying_price_t": 4050.83
                }
            },
            "sv_2023-02-15_2023-04-28": {
                "call": {
                    "start_date": "2023-02-15",
                    "strike": 4150.0,
                    "maturity": "2023-04-28",
                    "units": -0.0010969756764189933,
                    "gamma": 0.0010731639231777491,
                    "vega": 734.35801905153,
                    "tau": 0.19726027397260273,
                    "delta_t_1": 0.3934438672993135,
                    "option_price_t_1": 49.77,
                    "underlying_t_1": 4027.81,
                    "Option_PnL": -0.007229069707601162,
                    "Delta_PnL": -0.009935394073711353,
                    "Total_PnL": 0.002706324366110191,
                    "delta_t": 0.4173209904648828,
                    "option_price_t": 56.36,
                    "underlying_price_t": 4050.83
                },
                "put": {
                    "start_date": "2023-02-15",
                    "strike": 4150.0,
                    "maturity": "2023-04-28",
                    "units": -0.0010969756764189933,
                    "gamma": 0.0010731639231777491,
                    "vega": 734.35801905153,
                    "tau": 0.19726027397260273,
                    "delta_t_1": -0.6065561327006865,
                    "option_price_t_1": 171.96,
                    "underlying_t_1": 4027.81,
                    "Option_PnL": 0.01802331036356407,
                    "Delta_PnL": 0.015316985997453856,
                    "Total_PnL": 0.002706324366110213,
                    "delta_t": -0.5826790095351172,
                    "option_price_t": 155.53,
                    "underlying_price_t": 4050.83
                }
            },
            "sv_2023-02-16_2023-04-28": {
                "call": {
                    "start_date": "2023-02-16",
                    "strike": 4150.0,
                    "maturity": "2023-04-28",
                    "units": -0.0011249981990118852,
                    "gamma": 0.0010570206768563157,
                    "vega": 715.2227695366594,
                    "tau": 0.19452054794520549,
                    "delta_t_1": 0.3924612405702146,
                    "option_price_t_1": 49.77,
                    "underlying_t_1": 4027.81,
                    "Option_PnL": -0.007413738131488319,
                    "Delta_PnL": -0.01016374870671608,
                    "Total_PnL": 0.002750010575227761,
                    "delta_t": 0.4164914335172183,
                    "option_price_t": 56.36,
                    "underlying_price_t": 4050.83
                },
                "put": {
                    "start_date": "2023-02-16",
                    "strike": 4150.0,
                    "maturity": "2023-04-28",
                    "units": -0.0011249981990118852,
                    "gamma": 0.0010570206768563157,
                    "vega": 715.2227695366594,
                    "tau": 0.19452054794520549,
                    "delta_t_1": -0.6075387594297854,
                    "option_price_t_1": 171.96,
                    "underlying_t_1": 4027.81,
                    "Option_PnL": 0.018483720409765283,
                    "Delta_PnL": 0.0157337098345375,
                    "Total_PnL": 0.0027500105752277827,
                    "delta_t": -0.5835085664827817,
                    "option_price_t": 155.53,
                    "underlying_price_t": 4050.83
                }
            },
            "sv_2023-02-17_2023-04-28": {
                "call": {
                    "start_date": "2023-02-17",
                    "strike": 4100.0,
                    "maturity": "2023-04-28",
                    "units": -0.00113219677712454,
                    "gamma": 0.0010973432364154297,
                    "vega": 712.5909212793119,
                    "tau": 0.1917808219178082,
                    "delta_t_1": 0.4423782102624861,
                    "option_price_t_1": 66.6,
                    "underlying_t_1": 4027.81,
                    "Option_PnL": -0.009351945379048708,
                    "Delta_PnL": -0.011529778414052682,
                    "Total_PnL": 0.0021778330350039742,
                    "delta_t": 0.4669534451156658,
                    "option_price_t": 74.86,
                    "underlying_price_t": 4050.83
                },
                "put": {
                    "start_date": "2023-02-17",
                    "strike": 4100.0,
                    "maturity": "2023-04-28",
                    "units": -0.00113219677712454,
                    "gamma": 0.0010973432364154297,
                    "vega": 712.5909212793119,
                    "tau": 0.1917808219178082,
                    "delta_t_1": -0.557621789737514,
                    "option_price_t_1": 138.79,
                    "underlying_t_1": 4027.81,
                    "Option_PnL": 0.0167112244303582,
                    "Delta_PnL": 0.014533391395354213,
                    "Total_PnL": 0.002177833035003988,
                    "delta_t": -0.5330465548843342,
                    "option_price_t": 124.03,
                    "underlying_price_t": 4050.83
                }
            },
            "sv_2023-02-21_2023-05-19": {
                "call": {
                    "start_date": "2023-02-21",
                    "strike": 4100.0,
                    "maturity": "2023-05-19",
                    "units": -0.0010602629873553851,
                    "gamma": 0.0009793440634234512,
                    "vega": 762.5043557007514,
                    "tau": 0.23835616438356164,
                    "delta_t_1": 0.4522807788510227,
                    "option_price_t_1": 95.55,
                    "underlying_t_1": 4027.81,
                    "Option_PnL": -0.0099028563018993,
                    "Delta_PnL": -0.011038931834678281,
                    "Total_PnL": 0.001136075532778981,
                    "delta_t": 0.4743891675697114,
                    "option_price_t": 104.89,
                    "underlying_price_t": 4050.83
                },
                "put": {
                    "start_date": "2023-02-21",
                    "strike": 4100.0,
                    "maturity": "2023-05-19",
                    "units": -0.0010602629873553851,
                    "gamma": 0.0009793440634234512,
                    "vega": 762.5043557007514,
                    "tau": 0.23835616438356164,
                    "delta_t_1": -0.5477192211489773,
                    "option_price_t_1": 167.74,
                    "underlying_t_1": 4027.81,
                    "Option_PnL": 0.014504397667021676,
                    "Delta_PnL": 0.013368322134242666,
                    "Total_PnL": 0.0011360755327790104,
                    "delta_t": -0.5256108324302886,
                    "option_price_t": 154.06,
                    "underlying_price_t": 4050.83
                }
            },
            "sv_2023-02-22_2023-05-19": {
                "call": {
                    "start_date": "2023-02-22",
                    "strike": 4000.0,
                    "maturity": "2023-05-19",
                    "units": -0.0010475623421661356,
                    "gamma": 0.0010065594742075755,
                    "vega": 772.5754275754297,
                    "tau": 0.2356164383561644,
                    "delta_t_1": 0.5472761426255085,
                    "option_price_t_1": 141.24,
                    "underlying_t_1": 4027.81,
                    "Option_PnL": -0.012780260574426843,
                    "Delta_PnL": -0.013197501306505391,
                    "Total_PnL": 0.0004172407320785481,
                    "delta_t": 0.5690351415522756,
                    "option_price_t": 153.44,
                    "underlying_price_t": 4050.83
                },
                "put": {
                    "start_date": "2023-02-22",
                    "strike": 4000.0,
                    "maturity": "2023-05-19",
                    "units": -0.0010475623421661356,
                    "gamma": 0.0010065594742075755,
                    "vega": 772.5754275754297,
                    "tau": 0.2356164383561644,
                    "delta_t_1": -0.4527238573744915,
                    "option_price_t_1": 113.43,
                    "underlying_t_1": 4027.81,
                    "Option_PnL": 0.011334624542237595,
                    "Delta_PnL": 0.010917383810159033,
                    "Total_PnL": 0.000417240732078562,
                    "delta_t": -0.43096485844772436,
                    "option_price_t": 102.61,
                    "underlying_price_t": 4050.83
                }
            },
            "sv_2023-02-23_2023-05-19": {
                "call": {
                    "start_date": "2023-02-23",
                    "strike": 4000.0,
                    "maturity": "2023-05-19",
                    "units": -0.0010517918802211113,
                    "gamma": 0.0010064802961507503,
                    "vega": 769.9503093370787,
                    "tau": 0.2328767123287671,
                    "delta_t_1": 0.5473137504973157,
                    "option_price_t_1": 141.24,
                    "underlying_t_1": 4027.81,
                    "Option_PnL": -0.012831860938697546,
                    "Delta_PnL": -0.013251696853422236,
                    "Total_PnL": 0.00041983591472469044,
                    "delta_t": 0.5691986795959907,
                    "option_price_t": 153.44,
                    "underlying_price_t": 4050.83
                },
                "put": {
                    "start_date": "2023-02-23",
                    "strike": 4000.0,
                    "maturity": "2023-05-19",
                    "units": -0.0010517918802211113,
                    "gamma": 0.0010064802961507503,
                    "vega": 769.9503093370787,
                    "tau": 0.2328767123287671,
                    "delta_t_1": -0.4526862495026843,
                    "option_price_t_1": 113.43,
                    "underlying_t_1": 4027.81,
                    "Option_PnL": 0.011380388143992433,
                    "Delta_PnL": 0.010960552229267728,
                    "Total_PnL": 0.0004198359147247043,
                    "delta_t": -0.4308013204040093,
                    "option_price_t": 102.61,
                    "underlying_price_t": 4050.83
                }
            },
            "sv_2023-02-24_2023-05-19": {
                "call": {
                    "start_date": "2023-02-24",
                    "strike": 4000.0,
                    "maturity": "2023-05-19",
                    "units": -0.001067472583658526,
                    "gamma": 0.001030489010413036,
                    "vega": 759.491869590787,
                    "tau": 0.23013698630136986,
                    "delta_t_1": 0.5473534421949315,
                    "option_price_t_1": 141.24,
                    "underlying_t_1": 4027.81,
                    "Option_PnL": -0.013023165520634006,
                    "Delta_PnL": -0.013450235937489133,
                    "Total_PnL": 0.0004270704168551267,
                    "delta_t": 0.5693665252439047,
                    "option_price_t": 153.44,
                    "underlying_price_t": 4050.83
                },
                "put": {
                    "start_date": "2023-02-24",
                    "strike": 4000.0,
                    "maturity": "2023-05-19",
                    "units": -0.001067472583658526,
                    "gamma": 0.001030489010413036,
                    "vega": 759.491869590787,
                    "tau": 0.23013698630136986,
                    "delta_t_1": -0.45264655780506846,
                    "option_price_t_1": 113.43,
                    "underlying_t_1": 4027.81,
                    "Option_PnL": 0.01155005335518526,
                    "Delta_PnL": 0.011122982938330118,
                    "Total_PnL": 0.0004270704168551423,
                    "delta_t": -0.43063347475609526,
                    "option_price_t": 102.61,
                    "underlying_price_t": 4050.83
                }
            },
            "sv_2023-02-27_2023-05-19": {
                "call": {
                    "start_date": "2023-02-27",
                    "strike": 3950.0,
                    "maturity": "2023-05-19",
                    "units": -0.0010960312954198378,
                    "gamma": 0.001037719198273692,
                    "vega": 741.8298482208786,
                    "tau": 0.2219178082191781,
                    "delta_t_1": 0.5968785901026357,
                    "option_price_t_1": 168.77,
                    "underlying_t_1": 4027.81,
                    "Option_PnL": -0.01496082718248076,
                    "Delta_PnL": -0.015059629081613197,
                    "Total_PnL": 9.880189913243596e-05,
                    "delta_t": 0.6185343062473119,
                    "option_price_t": 182.42,
                    "underlying_price_t": 4050.83
                },
                "put": {
                    "start_date": "2023-02-27",
                    "strike": 3950.0,
                    "maturity": "2023-05-19",
                    "units": -0.0010960312954198378,
                    "gamma": 0.001037719198273692,
                    "vega": 741.8298482208786,
                    "tau": 0.2219178082191781,
                    "delta_t_1": -0.40312140989736434,
                    "option_price_t_1": 90.96,
                    "underlying_t_1": 4027.81,
                    "Option_PnL": 0.01026981323808387,
                    "Delta_PnL": 0.010171011338951451,
                    "Total_PnL": 9.880189913241862e-05,
                    "delta_t": -0.38146569375268813,
                    "option_price_t": 81.59,
                    "underlying_price_t": 4050.83
                }
            },
            "sv_2023-02-28_2023-05-19": {
                "call": {
                    "start_date": "2023-02-28",
                    "strike": 4000.0,
                    "maturity": "2023-05-19",
                    "units": -0.0010983833287256301,
                    "gamma": 0.0010572893230760038,
                    "vega": 741.1430723937467,
                    "tau": 0.2191780821917808,
                    "delta_t_1": 0.5475345161722323,
                    "option_price_t_1": 141.24,
                    "underlying_t_1": 4027.81,
                    "Option_PnL": -0.013400276610452675,
                    "Delta_PnL": -0.013844292098394276,
                    "Total_PnL": 0.00044401548794160105,
                    "delta_t": 0.5700838186437469,
                    "option_price_t": 153.44,
                    "underlying_price_t": 4050.83
                },
                "put": {
                    "start_date": "2023-02-28",
                    "strike": 4000.0,
                    "maturity": "2023-05-19",
                    "units": -0.0010983833287256301,
                    "gamma": 0.0010572893230760038,
                    "vega": 741.1430723937467,
                    "tau": 0.2191780821917808,
                    "delta_t_1": -0.45246548382776774,
                    "option_price_t_1": 113.43,
                    "underlying_t_1": 4027.81,
                    "Option_PnL": 0.011884507616811327,
                    "Delta_PnL": 0.01144049212886971,
                    "Total_PnL": 0.00044401548794161666,
                    "delta_t": -0.4299161813562531,
                    "option_price_t": 102.61,
                    "underlying_price_t": 4050.83
                }
            },
            "sv_2023-03-01_2023-05-19": {
                "call": {
                    "start_date": "2023-03-01",
                    "strike": 3950.0,
                    "maturity": "2023-05-19",
                    "units": -0.001112407388283498,
                    "gamma": 0.0010658024312962362,
                    "vega": 732.4226901433753,
                    "tau": 0.21643835616438356,
                    "delta_t_1": 0.5975895727715652,
                    "option_price_t_1": 168.77,
                    "underlying_t_1": 4027.81,
                    "Option_PnL": -0.015184360850069722,
                    "Delta_PnL": -0.015302845547100402,
                    "Total_PnL": 0.00011848469703068,
                    "delta_t": 0.6195027648837452,
                    "option_price_t": 182.42,
                    "underlying_price_t": 4050.83
                },
                "put": {
                    "start_date": "2023-03-01",
                    "strike": 3950.0,
                    "maturity": "2023-05-19",
                    "units": -0.001112407388283498,
                    "gamma": 0.0010658024312962362,
                    "vega": 732.4226901433753,
                    "tau": 0.21643835616438356,
                    "delta_t_1": -0.4024104272284348,
                    "option_price_t_1": 90.96,
                    "underlying_t_1": 4027.81,
                    "Option_PnL": 0.010423257228216366,
                    "Delta_PnL": 0.0103047725311857,
                    "Total_PnL": 0.00011848469703066612,
                    "delta_t": -0.3804972351162548,
                    "option_price_t": 81.59,
                    "underlying_price_t": 4050.83
                }
            },
            "sv_2023-03-02_2023-05-19": {
                "call": {
                    "start_date": "2023-03-02",
                    "strike": 3950.0,
                    "maturity": "2023-05-19",
                    "units": -0.0011223984078945395,
                    "gamma": 0.0010842666925161366,
                    "vega": 727.8671389119224,
                    "tau": 0.2136986301369863,
                    "delta_t_1": 0.5979574570882933,
                    "option_price_t_1": 168.77,
                    "underlying_t_1": 4027.81,
                    "Option_PnL": -0.015320738267760437,
                    "Delta_PnL": -0.015449792379921537,
                    "Total_PnL": 0.00012905411216109983,
                    "delta_t": 0.6200028911763618,
                    "option_price_t": 182.42,
                    "underlying_price_t": 4050.83
                },
                "put": {
                    "start_date": "2023-03-02",
                    "strike": 3950.0,
                    "maturity": "2023-05-19",
                    "units": -0.0011223984078945395,
                    "gamma": 0.0010842666925161366,
                    "vega": 727.8671389119224,
                    "tau": 0.2136986301369863,
                    "delta_t_1": -0.4020425429117067,
                    "option_price_t_1": 90.96,
                    "underlying_t_1": 4027.81,
                    "Option_PnL": 0.010516873081971825,
                    "Delta_PnL": 0.01038781896981074,
                    "Total_PnL": 0.00012905411216108421,
                    "delta_t": -0.37999710882363824,
                    "option_price_t": 81.59,
                    "underlying_price_t": 4050.83
                }
            },
            "sv_2023-03-03_2023-05-19": {
                "call": {
                    "start_date": "2023-03-03",
                    "strike": 4000.0,
                    "maturity": "2023-05-19",
                    "units": -0.001113030982510086,
                    "gamma": 0.001045472494606767,
                    "vega": 730.8544955364597,
                    "tau": 0.21095890410958903,
                    "delta_t_1": 0.5476960197515224,
                    "option_price_t_1": 141.24,
                    "underlying_t_1": 4027.81,
                    "Option_PnL": -0.013578977986623036,
                    "Delta_PnL": -0.014033052749340316,
                    "Total_PnL": 0.00045407476271728045,
                    "delta_t": 0.5706743746648737,
                    "option_price_t": 153.44,
                    "underlying_price_t": 4050.83
                },
                "put": {
                    "start_date": "2023-03-03",
                    "strike": 4000.0,
                    "maturity": "2023-05-19",
                    "units": -0.001113030982510086,
                    "gamma": 0.001045472494606767,
                    "vega": 730.8544955364597,
                    "tau": 0.21095890410958903,
                    "delta_t_1": -0.4523039802484776,
                    "option_price_t_1": 113.43,
                    "underlying_t_1": 4027.81,
                    "Option_PnL": 0.012042995230759138,
                    "Delta_PnL": 0.011588920468041844,
                    "Total_PnL": 0.00045407476271729433,
                    "delta_t": -0.4293256253351263,
                    "option_price_t": 102.61,
                    "underlying_price_t": 4050.83
                }
            },
            "sv_2023-03-06_2023-05-19": {
                "call": {
                    "start_date": "2023-03-06",
                    "strike": 4050.0,
                    "maturity": "2023-05-19",
                    "units": -0.0011273465019764576,
                    "gamma": 0.0011287204799282293,
                    "vega": 726.6617397020293,
                    "tau": 0.20273972602739726,
                    "delta_t_1": 0.4960754592641311,
                    "option_price_t_1": 116.85,
                    "underlying_t_1": 4027.81,
                    "Option_PnL": -0.01213024836126669,
                    "Delta_PnL": -0.012873910454183353,
                    "Total_PnL": 0.000743662092916663,
                    "delta_t": 0.5199514311257605,
                    "option_price_t": 127.61,
                    "underlying_price_t": 4050.83
                },
                "put": {
                    "start_date": "2023-03-06",
                    "strike": 4050.0,
                    "maturity": "2023-05-19",
                    "units": -0.0011273465019764576,
                    "gamma": 0.0011287204799282293,
                    "vega": 726.6617397020293,
                    "tau": 0.20273972602739726,
                    "delta_t_1": -0.5039245407358689,
                    "option_price_t_1": 139.04,
                    "underlying_t_1": 4027.81,
                    "Option_PnL": 0.01382126811423136,
                    "Delta_PnL": 0.013077606021314681,
                    "Total_PnL": 0.0007436620929166787,
                    "delta_t": -0.4800485688742395,
                    "option_price_t": 126.78,
                    "underlying_price_t": 4050.83
                }
            },
            "sv_2023-03-07_2023-05-19": {
                "call": {
                    "start_date": "2023-03-07",
                    "strike": 4050.0,
                    "maturity": "2023-05-19",
                    "units": -0.001162423058152961,
                    "gamma": 0.001126696743049381,
                    "vega": 704.6768803899713,
                    "tau": 0.2,
                    "delta_t_1": 0.4957896444706483,
                    "option_price_t_1": 116.85,
                    "underlying_t_1": 4027.81,
                    "Option_PnL": -0.012507672105725866,
                    "Delta_PnL": -0.01326682458499574,
                    "Total_PnL": 0.0007591524792698728,
                    "delta_t": 0.5198278751945067,
                    "option_price_t": 127.61,
                    "underlying_price_t": 4050.83
                },
                "put": {
                    "start_date": "2023-03-07",
                    "strike": 4050.0,
                    "maturity": "2023-05-19",
                    "units": -0.001162423058152961,
                    "gamma": 0.001126696743049381,
                    "vega": 704.6768803899713,
                    "tau": 0.2,
                    "delta_t_1": -0.5042103555293517,
                    "option_price_t_1": 139.04,
                    "underlying_t_1": 4027.81,
                    "Option_PnL": 0.014251306692955292,
                    "Delta_PnL": 0.013492154213685402,
                    "Total_PnL": 0.0007591524792698902,
                    "delta_t": -0.4801721248054933,
                    "option_price_t": 126.78,
                    "underlying_price_t": 4050.83
                }
            },
            "sv_2023-03-08_2023-05-19": {
                "call": {
                    "start_date": "2023-03-08",
                    "strike": 4000.0,
                    "maturity": "2023-05-19",
                    "units": -0.001159653232316576,
                    "gamma": 0.0011427522680107452,
                    "vega": 707.175376111955,
                    "tau": 0.19726027397260273,
                    "delta_t_1": 0.5480217072007716,
                    "option_price_t_1": 141.24,
                    "underlying_t_1": 4027.81,
                    "Option_PnL": -0.014147769434262214,
                    "Delta_PnL": -0.014629558617988217,
                    "Total_PnL": 0.000481789183726003,
                    "delta_t": 0.5717733035920373,
                    "option_price_t": 153.44,
                    "underlying_price_t": 4050.83
                },
                "put": {
                    "start_date": "2023-03-08",
                    "strike": 4000.0,
                    "maturity": "2023-05-19",
                    "units": -0.001159653232316576,
                    "gamma": 0.0011427522680107452,
                    "vega": 707.175376111955,
                    "tau": 0.19726027397260273,
                    "delta_t_1": -0.4519782927992284,
                    "option_price_t_1": 113.43,
                    "underlying_t_1": 4027.81,
                    "Option_PnL": 0.01254744797366536,
                    "Delta_PnL": 0.01206565878993934,
                    "Total_PnL": 0.00048178918372602034,
                    "delta_t": -0.42822669640796274,
                    "option_price_t": 102.61,
                    "underlying_price_t": 4050.83
                }
            },
            "sv_2023-03-09_2023-05-19": {
                "call": {
                    "start_date": "2023-03-09",
                    "strike": 4000.0,
                    "maturity": "2023-05-19",
                    "units": -0.001203449400592747,
                    "gamma": 0.0011038316539982687,
                    "vega": 678.1030389722147,
                    "tau": 0.19452054794520549,
                    "delta_t_1": 0.5480963144202898,
                    "option_price_t_1": 141.24,
                    "underlying_t_1": 4027.81,
                    "Option_PnL": -0.0146820826872315,
                    "Delta_PnL": -0.015184134287913518,
                    "Total_PnL": 0.0005020516006820179,
                    "delta_t": 0.5720121853325426,
                    "option_price_t": 153.44,
                    "underlying_price_t": 4050.83
                },
                "put": {
                    "start_date": "2023-03-09",
                    "strike": 4000.0,
                    "maturity": "2023-05-19",
                    "units": -0.001203449400592747,
                    "gamma": 0.0011038316539982687,
                    "vega": 678.1030389722147,
                    "tau": 0.19452054794520549,
                    "delta_t_1": -0.45190368557971017,
                    "option_price_t_1": 113.43,
                    "underlying_t_1": 4027.81,
                    "Option_PnL": 0.013021322514413531,
                    "Delta_PnL": 0.012519270913731496,
                    "Total_PnL": 0.0005020516006820352,
                    "delta_t": -0.4279878146674574,
                    "option_price_t": 102.61,
                    "underlying_price_t": 4050.83
                }
            },
            "sv_2023-03-10_2023-05-19": {
                "call": {
                    "start_date": "2023-03-10",
                    "strike": 3900.0,
                    "maturity": "2023-05-19",
                    "units": -0.0012093045700568247,
                    "gamma": 0.001140282094708455,
                    "vega": 673.2588517643939,
                    "tau": 0.1917808219178082,
                    "delta_t_1": 0.653127318133861,
                    "option_price_t_1": 199.4,
                    "underlying_t_1": 4027.81,
                    "Option_PnL": -0.01822421987075634,
                    "Delta_PnL": -0.018181883161922374,
                    "Total_PnL": -4.2336708833964204e-05,
                    "delta_t": 0.6750470474972522,
                    "option_price_t": 214.47,
                    "underlying_price_t": 4050.83
                },
                "put": {
                    "start_date": "2023-03-10",
                    "strike": 3900.0,
                    "maturity": "2023-05-19",
                    "units": -0.0012093045700568247,
                    "gamma": 0.001140282094708455,
                    "vega": 673.2588517643939,
                    "tau": 0.1917808219178082,
                    "delta_t_1": -0.34687268186613895,
                    "option_price_t_1": 71.59,
                    "underlying_t_1": 4027.81,
                    "Option_PnL": 0.00961397133195176,
                    "Delta_PnL": 0.009656308040785709,
                    "Total_PnL": -4.233670883394859e-05,
                    "delta_t": -0.3249529525027478,
                    "option_price_t": 63.64,
                    "underlying_price_t": 4050.83
                }
            },
            "sv_2023-03-13_2023-05-19": {
                "call": {
                    "start_date": "2023-03-13",
                    "strike": 3850.0,
                    "maturity": "2023-05-19",
                    "units": -0.001242967788441457,
                    "gamma": 0.0011701729135428266,
                    "vega": 657.811178086514,
                    "tau": 0.18356164383561643,
                    "delta_t_1": 0.7062762818793564,
                    "option_price_t_1": 233.05,
                    "underlying_t_1": 4027.81,
                    "Option_PnL": -0.020397101408324306,
                    "Delta_PnL": -0.0202087669400358,
                    "Total_PnL": -0.000188334468288507,
                    "delta_t": 0.726904628536408,
                    "option_price_t": 249.46,
                    "underlying_price_t": 4050.83
                },
                "put": {
                    "start_date": "2023-03-13",
                    "strike": 3850.0,
                    "maturity": "2023-05-19",
                    "units": -0.001242967788441457,
                    "gamma": 0.0011701729135428266,
                    "vega": 657.811178086514,
                    "tau": 0.18356164383561643,
                    "delta_t_1": -0.2937237181206436,
                    "option_price_t_1": 55.24,
                    "underlying_t_1": 4027.81,
                    "Option_PnL": 0.008216017081598031,
                    "Delta_PnL": 0.008404351549886517,
                    "Total_PnL": -0.00018833446828848618,
                    "delta_t": -0.273095371463592,
                    "option_price_t": 48.63,
                    "underlying_price_t": 4050.83
                }
            },
            "sv_2023-03-14_2023-05-19": {
                "call": {
                    "start_date": "2023-03-14",
                    "strike": 3850.0,
                    "maturity": "2023-05-19",
                    "units": -0.0012674134114874812,
                    "gamma": 0.001103868621130672,
                    "vega": 645.3729143752997,
                    "tau": 0.18082191780821918,
                    "delta_t_1": 0.707450029737593,
                    "option_price_t_1": 233.05,
                    "underlying_t_1": 4027.81,
                    "Option_PnL": -0.020798254082509564,
                    "Delta_PnL": -0.0206404607129857,
                    "Total_PnL": -0.00015779336952386272,
                    "delta_t": 0.7281897811988629,
                    "option_price_t": 249.46,
                    "underlying_price_t": 4050.83
                },
                "put": {
                    "start_date": "2023-03-14",
                    "strike": 3850.0,
                    "maturity": "2023-05-19",
                    "units": -0.0012674134114874812,
                    "gamma": 0.001103868621130672,
                    "vega": 645.3729143752997,
                    "tau": 0.18082191780821918,
                    "delta_t_1": -0.29254997026240703,
                    "option_price_t_1": 55.24,
                    "underlying_t_1": 4027.81,
                    "Option_PnL": 0.00837760264993225,
                    "Delta_PnL": 0.008535396019456095,
                    "Total_PnL": -0.00015779336952384537,
                    "delta_t": -0.2718102188011371,
                    "option_price_t": 48.63,
                    "underlying_price_t": 4050.83
                }
            },
            "sv_2023-03-15_2023-05-19": {
                "call": {
                    "start_date": "2023-03-15",
                    "strike": 3900.0,
                    "maturity": "2023-05-19",
                    "units": -0.0012524205026246279,
                    "gamma": 0.001184898657671764,
                    "vega": 655.0952660554306,
                    "tau": 0.1780821917808219,
                    "delta_t_1": 0.6573353269808665,
                    "option_price_t_1": 199.4,
                    "underlying_t_1": 4027.81,
                    "Option_PnL": -0.018873976974553133,
                    "Delta_PnL": -0.018951450738849112,
                    "Total_PnL": 7.747376429597871e-05,
                    "delta_t": 0.6799554403737719,
                    "option_price_t": 214.47,
                    "underlying_price_t": 4050.83
                },
                "put": {
                    "start_date": "2023-03-15",
                    "strike": 3900.0,
                    "maturity": "2023-05-19",
                    "units": -0.0012524205026246279,
                    "gamma": 0.001184898657671764,
                    "vega": 655.0952660554306,
                    "tau": 0.1780821917808219,
                    "delta_t_1": -0.3426646730191335,
                    "option_price_t_1": 71.59,
                    "underlying_t_1": 4027.81,
                    "Option_PnL": 0.009956742995865795,
                    "Delta_PnL": 0.009879269231569798,
                    "Total_PnL": 7.74737642959978e-05,
                    "delta_t": -0.32004455962622813,
                    "option_price_t": 63.64,
                    "underlying_price_t": 4050.83
                }
            },
            "sv_2023-03-16_2023-05-19": {
                "call": {
                    "start_date": "2023-03-16",
                    "strike": 3900.0,
                    "maturity": "2023-05-19",
                    "units": -0.001266936764397476,
                    "gamma": 0.0011158341941000362,
                    "vega": 646.0314377949514,
                    "tau": 0.17534246575342466,
                    "delta_t_1": 0.65823888670284,
                    "option_price_t_1": 199.4,
                    "underlying_t_1": 4027.81,
                    "Option_PnL": -0.019092737039469957,
                    "Delta_PnL": -0.01919746098326392,
                    "Total_PnL": 0.00010472394379396413,
                    "delta_t": 0.6810071694006293,
                    "option_price_t": 214.47,
                    "underlying_price_t": 4050.83
                },
                "put": {
                    "start_date": "2023-03-16",
                    "strike": 3900.0,
                    "maturity": "2023-05-19",
                    "units": -0.001266936764397476,
                    "gamma": 0.0011158341941000362,
                    "vega": 646.0314377949514,
                    "tau": 0.17534246575342466,
                    "delta_t_1": -0.34176111329715997,
                    "option_price_t_1": 71.59,
                    "underlying_t_1": 4027.81,
                    "Option_PnL": 0.010072147276959938,
                    "Delta_PnL": 0.009967423333165954,
                    "Total_PnL": 0.00010472394379398321,
                    "delta_t": -0.31899283059937067,
                    "option_price_t": 63.64,
                    "underlying_price_t": 4050.83
                }
            },
            "sv_2023-03-17_2023-05-19": {
                "call": {
                    "start_date": "2023-03-17",
                    "strike": 3950.0,
                    "maturity": "2023-05-19",
                    "units": -0.001263101453492699,
                    "gamma": 0.0011888765858914284,
                    "vega": 648.1227646430003,
                    "tau": 0.1726027397260274,
                    "delta_t_1": 0.6047015369351673,
                    "option_price_t_1": 168.77,
                    "underlying_t_1": 4027.81,
                    "Option_PnL": -0.017241334840175315,
                    "Delta_PnL": -0.01758266196314244,
                    "Total_PnL": 0.000341327122967125,
                    "delta_t": 0.6290713321418275,
                    "option_price_t": 182.42,
                    "underlying_price_t": 4050.83
                },
                "put": {
                    "start_date": "2023-03-17",
                    "strike": 3950.0,
                    "maturity": "2023-05-19",
                    "units": -0.001263101453492699,
                    "gamma": 0.0011888765858914284,
                    "vega": 648.1227646430003,
                    "tau": 0.1726027397260274,
                    "delta_t_1": -0.39529846306483274,
                    "option_price_t_1": 90.96,
                    "underlying_t_1": 4027.81,
                    "Option_PnL": 0.011835260619226578,
                    "Delta_PnL": 0.011493933496259469,
                    "Total_PnL": 0.00034132712296710936,
                    "delta_t": -0.37092866785817247,
                    "option_price_t": 81.59,
                    "underlying_price_t": 4050.83
                }
            },
            "sv_2023-03-20_2023-06-16": {
                "call": {
                    "start_date": "2023-03-20",
                    "strike": 3900.0,
                    "maturity": "2023-06-16",
                    "units": -0.0010777792477548146,
                    "gamma": 0.0009773923533955842,
                    "vega": 761.6115961030035,
                    "tau": 0.2410958904109589,
                    "delta_t_1": 0.6412673165770142,
                    "option_price_t_1": 228.05,
                    "underlying_t_1": 4027.81,
                    "Option_PnL": -0.015864910526950868,
                    "Delta_PnL": -0.015910148831734215,
                    "Total_PnL": 4.5238304783347394e-05,
                    "delta_t": 0.661112734357207,
                    "option_price_t": 242.77,
                    "underlying_price_t": 4050.83
                },
                "put": {
                    "start_date": "2023-03-20",
                    "strike": 3900.0,
                    "maturity": "2023-06-16",
                    "units": -0.0010777792477548146,
                    "gamma": 0.0009773923533955842,
                    "vega": 761.6115961030035,
                    "tau": 0.2410958904109589,
                    "delta_t_1": -0.3587326834229858,
                    "option_price_t_1": 100.24,
                    "underlying_t_1": 4027.81,
                    "Option_PnL": 0.008945567756364958,
                    "Delta_PnL": 0.008900329451581595,
                    "Total_PnL": 4.5238304783363006e-05,
                    "delta_t": -0.33888726564279303,
                    "option_price_t": 91.94,
                    "underlying_price_t": 4050.83
                }
            },
            "sv_2023-03-21_2023-06-16": {
                "call": {
                    "start_date": "2023-03-21",
                    "strike": 3950.0,
                    "maturity": "2023-06-16",
                    "units": -0.0010689044673254002,
                    "gamma": 0.0009497855738619657,
                    "vega": 767.0563091766749,
                    "tau": 0.23835616438356164,
                    "delta_t_1": 0.5949262383329501,
                    "option_price_t_1": 198.83,
                    "underlying_t_1": 4027.81,
                    "Option_PnL": -0.014526411710952163,
                    "Delta_PnL": -0.014638862605590934,
                    "Total_PnL": 0.0001124508946387711,
                    "delta_t": 0.6158609497970892,
                    "option_price_t": 212.42,
                    "underlying_price_t": 4050.83
                },
                "put": {
                    "start_date": "2023-03-21",
                    "strike": 3950.0,
                    "maturity": "2023-06-16",
                    "units": -0.0010689044673254002,
                    "gamma": 0.0009497855738619657,
                    "vega": 767.0563091766749,
                    "tau": 0.23835616438356164,
                    "delta_t_1": -0.4050737616670499,
                    "option_price_t_1": 121.02,
                    "underlying_t_1": 4027.81,
                    "Option_PnL": 0.010079769126878517,
                    "Delta_PnL": 0.009967318232239761,
                    "Total_PnL": 0.00011245089463875549,
                    "delta_t": -0.38413905020291084,
                    "option_price_t": 111.59,
                    "underlying_price_t": 4050.83
                }
            },
            "sv_2023-03-22_2023-06-16": {
                "call": {
                    "start_date": "2023-03-22",
                    "strike": 4000.0,
                    "maturity": "2023-06-16",
                    "units": -0.0010782542096399155,
                    "gamma": 0.0009784130190006633,
                    "vega": 758.3795352773161,
                    "tau": 0.2356164383561644,
                    "delta_t_1": 0.5472761426255085,
                    "option_price_t_1": 172.15,
                    "underlying_t_1": 4027.81,
                    "Option_PnL": -0.013391917283727737,
                    "Delta_PnL": -0.013584166562385752,
                    "Total_PnL": 0.0001922492786580153,
                    "delta_t": 0.5690351415522756,
                    "option_price_t": 184.57,
                    "underlying_price_t": 4050.83
                },
                "put": {
                    "start_date": "2023-03-22",
                    "strike": 4000.0,
                    "maturity": "2023-06-16",
                    "units": -0.0010782542096399155,
                    "gamma": 0.0009784130190006633,
                    "vega": 758.3795352773161,
                    "tau": 0.2356164383561644,
                    "delta_t_1": -0.4527238573744915,
                    "option_price_t_1": 144.34,
                    "underlying_t_1": 4027.81,
                    "Option_PnL": 0.011429494622183099,
                    "Delta_PnL": 0.011237245343525082,
                    "Total_PnL": 0.00019224927865801704,
                    "delta_t": -0.43096485844772436,
                    "option_price_t": 133.74,
                    "underlying_price_t": 4050.83
                }
            },
            "sv_2023-03-23_2023-06-16": {
                "call": {
                    "start_date": "2023-03-23",
                    "strike": 3950.0,
                    "maturity": "2023-06-16",
                    "units": -0.001079294758347358,
                    "gamma": 0.0009934954671887838,
                    "vega": 759.3420961720451,
                    "tau": 0.2328767123287671,
                    "delta_t_1": 0.5955487459018047,
                    "option_price_t_1": 198.83,
                    "underlying_t_1": 4027.81,
                    "Option_PnL": -0.014667615765940568,
                    "Delta_PnL": -0.014796626168015522,
                    "Total_PnL": 0.00012901040207495378,
                    "delta_t": 0.6167157020185865,
                    "option_price_t": 212.42,
                    "underlying_price_t": 4050.83
                },
                "put": {
                    "start_date": "2023-03-23",
                    "strike": 3950.0,
                    "maturity": "2023-06-16",
                    "units": -0.001079294758347358,
                    "gamma": 0.0009934954671887838,
                    "vega": 759.3420961720451,
                    "tau": 0.2328767123287671,
                    "delta_t_1": -0.40445125409819527,
                    "option_price_t_1": 121.02,
                    "underlying_t_1": 4027.81,
                    "Option_PnL": 0.010177749571215578,
                    "Delta_PnL": 0.01004873916914064,
                    "Total_PnL": 0.00012901040207493816,
                    "delta_t": -0.3832842979814135,
                    "option_price_t": 111.59,
                    "underlying_price_t": 4050.83
                }
            },
            "sv_2023-03-24_2023-06-16": {
                "call": {
                    "start_date": "2023-03-24",
                    "strike": 3950.0,
                    "maturity": "2023-06-16",
                    "units": -0.0010859010438367326,
                    "gamma": 0.0009912747879510858,
                    "vega": 755.9609364072736,
                    "tau": 0.23013698630136986,
                    "delta_t_1": 0.5958702793887373,
                    "option_price_t_1": 198.83,
                    "underlying_t_1": 4027.81,
                    "Option_PnL": -0.01475739518574117,
                    "Delta_PnL": -0.01489523276589643,
                    "Total_PnL": 0.00013783758015525893,
                    "delta_t": 0.6171563060608479,
                    "option_price_t": 212.42,
                    "underlying_price_t": 4050.83
                },
                "put": {
                    "start_date": "2023-03-24",
                    "strike": 3950.0,
                    "maturity": "2023-06-16",
                    "units": -0.0010859010438367326,
                    "gamma": 0.0009912747879510858,
                    "vega": 755.9609364072736,
                    "tau": 0.23013698630136986,
                    "delta_t_1": -0.40412972061126273,
                    "option_price_t_1": 121.02,
                    "underlying_t_1": 4027.81,
                    "Option_PnL": 0.01024004684338038,
                    "Delta_PnL": 0.010102209263225135,
                    "Total_PnL": 0.00013783758015524505,
                    "delta_t": -0.3828436939391521,
                    "option_price_t": 111.59,
                    "underlying_price_t": 4050.83
                }
            },
            "sv_2023-03-27_2023-06-16": {
                "call": {
                    "start_date": "2023-03-27",
                    "strike": 3950.0,
                    "maturity": "2023-06-16",
                    "units": -0.0011100590246826713,
                    "gamma": 0.0010063153050965917,
                    "vega": 742.1815219860355,
                    "tau": 0.2219178082191781,
                    "delta_t_1": 0.5968785901026357,
                    "option_price_t_1": 198.83,
                    "underlying_t_1": 4027.81,
                    "Option_PnL": -0.015085702145437476,
                    "Delta_PnL": -0.015252372117727547,
                    "Total_PnL": 0.00016666997229007087,
                    "delta_t": 0.6185343062473119,
                    "option_price_t": 212.42,
                    "underlying_price_t": 4050.83
                },
                "put": {
                    "start_date": "2023-03-27",
                    "strike": 3950.0,
                    "maturity": "2023-06-16",
                    "units": -0.0011100590246826713,
                    "gamma": 0.0010063153050965917,
                    "vega": 742.1815219860355,
                    "tau": 0.2219178082191781,
                    "delta_t_1": -0.40312140989736434,
                    "option_price_t_1": 121.02,
                    "underlying_t_1": 4027.81,
                    "Option_PnL": 0.010467856602757583,
                    "Delta_PnL": 0.010301186630467526,
                    "Total_PnL": 0.000166669972290057,
                    "delta_t": -0.38146569375268813,
                    "option_price_t": 111.59,
                    "underlying_price_t": 4050.83
                }
            },
            "sv_2023-03-28_2023-06-16": {
                "call": {
                    "start_date": "2023-03-28",
                    "strike": 4000.0,
                    "maturity": "2023-06-16",
                    "units": -0.0011145040542978985,
                    "gamma": 0.0010412163610418821,
                    "vega": 741.455956544214,
                    "tau": 0.2191780821917808,
                    "delta_t_1": 0.5475345161722323,
                    "option_price_t_1": 172.15,
                    "underlying_t_1": 4027.81,
                    "Option_PnL": -0.013842140354379886,
                    "Delta_PnL": -0.014047481666028623,
                    "Total_PnL": 0.00020534131164873758,
                    "delta_t": 0.5700838186437469,
                    "option_price_t": 184.57,
                    "underlying_price_t": 4050.83
                },
                "put": {
                    "start_date": "2023-03-28",
                    "strike": 4000.0,
                    "maturity": "2023-06-16",
                    "units": -0.0011145040542978985,
                    "gamma": 0.0010412163610418821,
                    "vega": 741.455956544214,
                    "tau": 0.2191780821917808,
                    "delta_t_1": -0.45246548382776774,
                    "option_price_t_1": 144.34,
                    "underlying_t_1": 4027.81,
                    "Option_PnL": 0.011813742975557718,
                    "Delta_PnL": 0.011608401663908979,
                    "Total_PnL": 0.0002053413116487393,
                    "delta_t": -0.4299161813562531,
                    "option_price_t": 133.74,
                    "underlying_price_t": 4050.83
                }
            },
            "sv_2023-03-29_2023-06-16": {
                "call": {
                    "start_date": "2023-03-29",
                    "strike": 3950.0,
                    "maturity": "2023-06-16",
                    "units": -0.0011370876177729402,
                    "gamma": 0.0009741344533689134,
                    "vega": 725.0803002861737,
                    "tau": 0.21643835616438356,
                    "delta_t_1": 0.5975895727715652,
                    "option_price_t_1": 198.83,
                    "underlying_t_1": 3971.27,
                    "delta_t": 0.6195027648837452,
                    "option_price_t": 212.42,
                    "underlying_price_t": 4050.83,
                    "Option_PnL": -0.015453020725534228,
                    "Delta_PnL": -0.05406195114706956,
                    "Total_PnL": 0.038608930421535334
                },
                "put": {
                    "start_date": "2023-03-29",
                    "strike": 3950.0,
                    "maturity": "2023-06-16",
                    "units": -0.0011370876177729402,
                    "gamma": 0.0009741344533689134,
                    "vega": 725.0803002861737,
                    "tau": 0.21643835616438356,
                    "delta_t_1": -0.4024104272284348,
                    "option_price_t_1": 121.02,
                    "underlying_t_1": 3971.27,
                    "delta_t": -0.3804972351162548,
                    "option_price_t": 111.59,
                    "underlying_price_t": 4050.83,
                    "Option_PnL": 0.010722736235598818,
                    "Delta_PnL": 0.0364047397229455,
                    "Total_PnL": -0.025682003487346682
                }
            },
            "sv_2023-03-30_2023-06-16": {
                "call": {
                    "start_date": "2023-03-30",
                    "strike": 4050.0,
                    "maturity": "2023-06-16",
                    "units": -0.001106167005362329,
                    "delta_t": 0.5204382245208631,
                    "gamma": 0.0010001570277281466,
                    "vega": 746.0784996049753,
                    "tau": 0.2136986301369863,
                    "option_price_t": 159.26,
                    "underlying_price_t": 4027.81
                },
                "put": {
                    "start_date": "2023-03-30",
                    "strike": 4050.0,
                    "maturity": "2023-06-16",
                    "units": -0.001106167005362329,
                    "delta_t": -0.4795617754791369,
                    "gamma": 0.0010001570277281466,
                    "vega": 746.0784996049753,
                    "tau": 0.2136986301369863,
                    "option_price_t": 158.43,
                    "underlying_price_t": 4027.81
                }
            }
        }
    }
}