{
    "spx_strategy": {
        "date": "2023-12-29",
        "index_levels": 117.66422319381805,
        "result": {
            "sv_2023-10-23_2024-01-19": {
                "call": {
                    "start_date": "2023-10-23",
                    "strike": 4200.0,
                    "maturity": "2024-01-19",
                    "units": -0.0010952709864238159,
                    "gamma": 0.0011500370916221186,
                    "vega": 822.6947364084548,
                    "tau": 0.2410958904109589,
                    "delta_t_1": 0.9865870790068993,
                    "option_price_t_1": 583.35,
                    "underlying_t_1": 4783.35,
                    "Option_PnL": 0.01480806373644997,
                    "Delta_PnL": 0.014609444347492659,
                    "Total_PnL": 0.00019861938895731138,
                    "delta_t": 0.9840400171181869,
                    "option_price_t": 569.83,
                    "underlying_price_t": 4769.83
                },
                "put": {
                    "start_date": "2023-10-23",
                    "strike": 4200.0,
                    "maturity": "2024-01-19",
                    "units": -0.0010952709864238159,
                    "gamma": 0.0011500370916221186,
                    "vega": 822.6947364084548,
                    "tau": 0.2410958904109589,
                    "delta_t_1": -0.013412920993100652,
                    "option_price_t_1": 0.01,
                    "underlying_t_1": 4783.35,
                    "Option_PnL": -0.0,
                    "Delta_PnL": -0.00019861938895780897,
                    "Total_PnL": 0.00019861938895780897,
                    "delta_t": -0.015959982881813106,
                    "option_price_t": 0.01,
                    "underlying_price_t": 4769.83
                }
            },
            "sv_2023-10-24_2024-01-19": {
                "call": {
                    "start_date": "2023-10-24",
                    "strike": 4200.0,
                    "maturity": "2024-01-19",
                    "units": -0.0011078327012479163,
                    "gamma": 0.0011194128663858977,
                    "vega": 814.3220914398405,
                    "tau": 0.23835616438356164,
                    "delta_t_1": 0.9870059810768628,
                    "option_price_t_1": 583.35,
                    "underlying_t_1": 4783.35,
                    "Option_PnL": 0.014977898120871807,
                    "Delta_PnL": 0.014783275029260875,
                    "Total_PnL": 0.00019462309161093205,
                    "delta_t": 0.984511283345815,
                    "option_price_t": 569.83,
                    "underlying_price_t": 4769.83
                },
                "put": {
                    "start_date": "2023-10-24",
                    "strike": 4200.0,
                    "maturity": "2024-01-19",
                    "units": -0.0011078327012479163,
                    "gamma": 0.0011194128663858977,
                    "vega": 814.3220914398405,
                    "tau": 0.23835616438356164,
                    "delta_t_1": -0.01299401892313723,
                    "option_price_t_1": 0.01,
                    "underlying_t_1": 4783.35,
                    "Option_PnL": -0.0,
                    "Delta_PnL": -0.00019462309161143637,
                    "Total_PnL": 0.00019462309161143637,
                    "delta_t": -0.015488716654185053,
                    "option_price_t": 0.01,
                    "underlying_price_t": 4769.83
                }
            },
            "sv_2023-10-25_2024-01-19": {
                "call": {
                    "start_date": "2023-10-25",
                    "strike": 4250.0,
                    "maturity": "2024-01-19",
                    "units": -0.0011152315928321368,
                    "gamma": 0.0011177898105281013,
                    "vega": 803.3811185054147,
                    "tau": 0.2356164383561644,
                    "delta_t_1": 0.9792200365988176,
                    "option_price_t_1": 533.35,
                    "underlying_t_1": 4783.35,
                    "Option_PnL": 0.01507793113509047,
                    "Delta_PnL": 0.014764612277938238,
                    "Total_PnL": 0.00031331885715223107,
                    "delta_t": 0.9756083998991357,
                    "option_price_t": 519.83,
                    "underlying_price_t": 4769.83
                },
                "put": {
                    "start_date": "2023-10-25",
                    "strike": 4250.0,
                    "maturity": "2024-01-19",
                    "units": -0.0011152315928321368,
                    "gamma": 0.0011177898105281013,
                    "vega": 803.3811185054147,
                    "tau": 0.2356164383561644,
                    "delta_t_1": -0.020779963401182378,
                    "option_price_t_1": 0.01,
                    "underlying_t_1": 4783.35,
                    "Option_PnL": -0.0,
                    "Delta_PnL": -0.0003133188571527388,
                    "Total_PnL": 0.0003133188571527388,
                    "delta_t": -0.024391600100864275,
                    "option_price_t": 0.01,
                    "underlying_price_t": 4769.83
                }
            },
            "sv_2023-10-26_2024-01-19": {
                "call": {
                    "start_date": "2023-10-26",
                    "strike": 4200.0,
                    "maturity": "2024-01-19",
                    "units": -0.0011316454648871415,
                    "gamma": 0.001143769603780592,
                    "vega": 788.882599857991,
                    "tau": 0.2328767123287671,
                    "delta_t_1": 0.9878307273525515,
                    "option_price_t_1": 583.35,
                    "underlying_t_1": 4783.35,
                    "Option_PnL": 0.015299846685274133,
                    "Delta_PnL": 0.015113658679497379,
                    "Total_PnL": 0.0001861880057767544,
                    "delta_t": 0.9854415510711967,
                    "option_price_t": 569.83,
                    "underlying_price_t": 4769.83
                },
                "put": {
                    "start_date": "2023-10-26",
                    "strike": 4200.0,
                    "maturity": "2024-01-19",
                    "units": -0.0011316454648871415,
                    "gamma": 0.001143769603780592,
                    "vega": 788.882599857991,
                    "tau": 0.2328767123287671,
                    "delta_t_1": -0.012169272647448492,
                    "option_price_t_1": 0.01,
                    "underlying_t_1": 4783.35,
                    "Option_PnL": -0.0,
                    "Delta_PnL": -0.00018618800577726823,
                    "Total_PnL": 0.00018618800577726823,
                    "delta_t": -0.014558448928803314,
                    "option_price_t": 0.01,
                    "underlying_price_t": 4769.83
                }
            },
            "sv_2023-10-27_2024-01-19": {
                "call": {
                    "start_date": "2023-10-27",
                    "strike": 4150.0,
                    "maturity": "2024-01-19",
                    "units": -0.001134655966802693,
                    "gamma": 0.0011849311129519186,
                    "vega": 786.7658425192644,
                    "tau": 0.23013698630136986,
                    "delta_t_1": 0.9932562468528932,
                    "option_price_t_1": 633.35,
                    "underlying_t_1": 4783.35,
                    "Option_PnL": 0.01534054867117239,
                    "Delta_PnL": 0.015237095797793337,
                    "Total_PnL": 0.00010345287337905178,
                    "delta_t": 0.9917645146996688,
                    "option_price_t": 619.83,
                    "underlying_price_t": 4769.83
                },
                "put": {
                    "start_date": "2023-10-27",
                    "strike": 4150.0,
                    "maturity": "2024-01-19",
                    "units": -0.001134655966802693,
                    "gamma": 0.0011849311129519186,
                    "vega": 786.7658425192644,
                    "tau": 0.23013698630136986,
                    "delta_t_1": -0.006743753147106846,
                    "option_price_t_1": 0.01,
                    "underlying_t_1": 4783.35,
                    "Option_PnL": -0.0,
                    "Delta_PnL": -0.00010345287337956802,
                    "Total_PnL": 0.00010345287337956802,
                    "delta_t": -0.008235485300331247,
                    "option_price_t": 0.01,
                    "underlying_price_t": 4769.83
                }
            },
            "sv_2023-10-30_2024-01-19": {
                "call": {
                    "start_date": "2023-10-30",
                    "strike": 4100.0,
                    "maturity": "2024-01-19",
                    "units": -0.001174771410181861,
                    "gamma": 0.0011194443118731391,
                    "vega": 761.5921410208056,
                    "tau": 0.2219178082191781,
                    "delta_t_1": 0.9968053058788732,
                    "option_price_t_1": 683.35,
                    "underlying_t_1": 4783.35,
                    "Option_PnL": 0.015882909465658738,
                    "Delta_PnL": 0.01583216842816294,
                    "Total_PnL": 5.0741037495798114e-05,
                    "delta_t": 0.9959910451667635,
                    "option_price_t": 669.83,
                    "underlying_price_t": 4769.83
                },
                "put": {
                    "start_date": "2023-10-30",
                    "strike": 4100.0,
                    "maturity": "2024-01-19",
                    "units": -0.001174771410181861,
                    "gamma": 0.0011194443118731391,
                    "vega": 761.5921410208056,
                    "tau": 0.2219178082191781,
                    "delta_t_1": -0.0031946941211268287,
                    "option_price_t_1": 0.01,
                    "underlying_t_1": 4783.35,
                    "Option_PnL": -0.0,
                    "Delta_PnL": -5.074103749633134e-05,
                    "Total_PnL": 5.074103749633134e-05,
                    "delta_t": -0.004008954833236489,
                    "option_price_t": 0.01,
                    "underlying_price_t": 4769.83
                }
            },
            "sv_2023-10-31_2024-01-19": {
                "call": {
                    "start_date": "2023-10-31",
                    "strike": 4150.0,
                    "maturity": "2024-01-19",
                    "units": -0.0011605118771426171,
                    "gamma": 0.0011202216169663335,
                    "vega": 772.4002682841132,
                    "tau": 0.2191780821917808,
                    "delta_t_1": 0.9943005090829472,
                    "option_price_t_1": 633.35,
                    "underlying_t_1": 4783.35,
                    "Option_PnL": 0.015690120578968163,
                    "Delta_PnL": 0.015600694879241395,
                    "Total_PnL": 8.942569972676846e-05,
                    "delta_t": 0.9929773285861917,
                    "option_price_t": 619.83,
                    "underlying_price_t": 4769.83
                },
                "put": {
                    "start_date": "2023-10-31",
                    "strike": 4150.0,
                    "maturity": "2024-01-19",
                    "units": -0.0011605118771426171,
                    "gamma": 0.0011202216169663335,
                    "vega": 772.4002682841132,
                    "tau": 0.2191780821917808,
                    "delta_t_1": -0.005699490917052796,
                    "option_price_t_1": 0.01,
                    "underlying_t_1": 4783.35,
                    "Option_PnL": -0.0,
                    "Delta_PnL": -8.942569972729521e-05,
                    "Total_PnL": 8.942569972729521e-05,
                    "delta_t": -0.007022671413808301,
                    "option_price_t": 0.01,
                    "underlying_price_t": 4769.83
                }
            },
            "sv_2023-11-01_2024-01-19": {
                "call": {
                    "start_date": "2023-11-01",
                    "strike": 4200.0,
                    "maturity": "2024-01-19",
                    "units": -0.0011551494495574027,
                    "gamma": 0.001102863730416392,
                    "vega": 777.9193615349457,
                    "tau": 0.21643835616438356,
                    "delta_t_1": 0.9901902123893596,
                    "option_price_t_1": 583.35,
                    "underlying_t_1": 4783.35,
                    "Option_PnL": 0.015617620558016063,
                    "Delta_PnL": 0.015464415017358873,
                    "Total_PnL": 0.00015320554065718917,
                    "delta_t": 0.9881227545798605,
                    "option_price_t": 569.83,
                    "underlying_price_t": 4769.83
                },
                "put": {
                    "start_date": "2023-11-01",
                    "strike": 4200.0,
                    "maturity": "2024-01-19",
                    "units": -0.0011551494495574027,
                    "gamma": 0.001102863730416392,
                    "vega": 777.9193615349457,
                    "tau": 0.21643835616438356,
                    "delta_t_1": -0.009809787610640441,
                    "option_price_t_1": 0.01,
                    "underlying_t_1": 4783.35,
                    "Option_PnL": -0.0,
                    "Delta_PnL": -0.0001532055406577146,
                    "Total_PnL": 0.0001532055406577146,
                    "delta_t": -0.01187724542013946,
                    "option_price_t": 0.01,
                    "underlying_price_t": 4769.83
                }
            },
            "sv_2023-11-02_2024-01-19": {
                "call": {
                    "start_date": "2023-11-02",
                    "strike": 4250.0,
                    "maturity": "2024-01-19",
                    "units": -0.0011599618429974604,
                    "gamma": 0.0010515749483942306,
                    "vega": 775.9282106386381,
                    "tau": 0.2136986301369863,
                    "delta_t_1": 0.9837002948236481,
                    "option_price_t_1": 533.35,
                    "underlying_t_1": 4783.35,
                    "Option_PnL": 0.015682684117325645,
                    "Delta_PnL": 0.015427060989839899,
                    "Total_PnL": 0.0002556231274857459,
                    "delta_t": 0.9805934088739835,
                    "option_price_t": 519.83,
                    "underlying_price_t": 4769.83
                },
                "put": {
                    "start_date": "2023-11-02",
                    "strike": 4250.0,
                    "maturity": "2024-01-19",
                    "units": -0.0011599618429974604,
                    "gamma": 0.0010515749483942306,
                    "vega": 775.9282106386381,
                    "tau": 0.2136986301369863,
                    "delta_t_1": -0.01629970517635193,
                    "option_price_t_1": 0.01,
                    "underlying_t_1": 4783.35,
                    "Option_PnL": -0.0,
                    "Delta_PnL": -0.0002556231274862736,
                    "Total_PnL": 0.0002556231274862736,
                    "delta_t": -0.019406591126016504,
                    "option_price_t": 0.01,
                    "underlying_price_t": 4769.83
                }
            },
            "sv_2023-11-03_2024-01-19": {
                "call": {
                    "start_date": "2023-11-03",
                    "strike": 4300.0,
                    "maturity": "2024-01-19",
                    "units": -0.0011514421572837135,
                    "gamma": 0.0010415257754465823,
                    "vega": 782.8667665722154,
                    "tau": 0.21095890410958903,
                    "delta_t_1": 0.9738379498446441,
                    "option_price_t_1": 483.36,
                    "underlying_t_1": 4783.35,
                    "Option_PnL": 0.015567497966475852,
                    "Delta_PnL": 0.015160220303883956,
                    "Total_PnL": 0.00040727766259189557,
                    "delta_t": 0.969346702601841,
                    "option_price_t": 469.84,
                    "underlying_price_t": 4769.83
                },
                "put": {
                    "start_date": "2023-11-03",
                    "strike": 4300.0,
                    "maturity": "2024-01-19",
                    "units": -0.0011514421572837135,
                    "gamma": 0.0010415257754465823,
                    "vega": 782.8667665722154,
                    "tau": 0.21095890410958903,
                    "delta_t_1": -0.026162050155355887,
                    "option_price_t_1": 0.01,
                    "underlying_t_1": 4783.35,
                    "Option_PnL": -0.0,
                    "Delta_PnL": -0.00040727766259235403,
                    "Total_PnL": 0.00040727766259235403,
                    "delta_t": -0.03065329739815903,
                    "option_price_t": 0.01,
                    "underlying_price_t": 4769.83
                }
            },
            "sv_2023-11-06_2024-01-19": {
                "call": {
                    "start_date": "2023-11-06",
                    "strike": 4350.0,
                    "maturity": "2024-01-19",
                    "units": -0.0011597865533815848,
                    "gamma": 0.0010799424919574324,
                    "vega": 781.3909141104201,
                    "tau": 0.20273972602739726,
                    "delta_t_1": 0.9613490902018242,
                    "option_price_t_1": 433.38,
                    "underlying_t_1": 4783.35,
                    "Option_PnL": 0.015680314201719007,
                    "Delta_PnL": 0.015074255791901818,
                    "Total_PnL": 0.0006060584098171885,
                    "delta_t": 0.9552556874340763,
                    "option_price_t": 419.86,
                    "underlying_price_t": 4769.83
                },
                "put": {
                    "start_date": "2023-11-06",
                    "strike": 4350.0,
                    "maturity": "2024-01-19",
                    "units": -0.0011597865533815848,
                    "gamma": 0.0010799424919574324,
                    "vega": 781.3909141104201,
                    "tau": 0.20273972602739726,
                    "delta_t_1": -0.03865090979817576,
                    "option_price_t_1": 0.03,
                    "underlying_t_1": 4783.35,
                    "Option_PnL": -0.0,
                    "Delta_PnL": -0.000606058409817716,
                    "Total_PnL": 0.000606058409817716,
                    "delta_t": -0.044744312565923705,
                    "option_price_t": 0.03,
                    "underlying_price_t": 4769.83
                }
            },
            "sv_2023-11-07_2024-01-19": {
                "call": {
                    "start_date": "2023-11-07",
                    "strike": 4350.0,
                    "maturity": "2024-01-19",
                    "units": -0.0011753770956017726,
                    "gamma": 0.001122030579259593,
                    "vega": 775.4621548781798,
                    "tau": 0.2,
                    "delta_t_1": 0.962318423741062,
                    "option_price_t_1": 433.38,
                    "underlying_t_1": 4783.35,
                    "Option_PnL": 0.015891098332535946,
                    "Delta_PnL": 0.015292296698880724,
                    "Total_PnL": 0.0005988016336552215,
                    "delta_t": 0.9563039206210973,
                    "option_price_t": 419.86,
                    "underlying_price_t": 4769.83
                },
                "put": {
                    "start_date": "2023-11-07",
                    "strike": 4350.0,
                    "maturity": "2024-01-19",
                    "units": -0.0011753770956017726,
                    "gamma": 0.001122030579259593,
                    "vega": 775.4621548781798,
                    "tau": 0.2,
                    "delta_t_1": -0.03768157625893798,
                    "option_price_t_1": 0.03,
                    "underlying_t_1": 4783.35,
                    "Option_PnL": -0.0,
                    "Delta_PnL": -0.0005988016336557555,
                    "Total_PnL": 0.0005988016336557555,
                    "delta_t": -0.04369607937890274,
                    "option_price_t": 0.03,
                    "underlying_price_t": 4769.83
                }
            },
            "sv_2023-11-08_2024-01-19": {
                "call": {
                    "start_date": "2023-11-08",
                    "strike": 4400.0,
                    "maturity": "2024-01-19",
                    "units": -0.001175932472568177,
                    "gamma": 0.0011369667361618607,
                    "vega": 776.5369826600597,
                    "tau": 0.19726027397260273,
                    "delta_t_1": 0.9427148915989679,
                    "option_price_t_1": 383.45,
                    "underlying_t_1": 4783.35,
                    "Option_PnL": 0.01587508837967039,
                    "Delta_PnL": 0.014987853602033587,
                    "Total_PnL": 0.0008872347776368045,
                    "delta_t": 0.9345667196994076,
                    "option_price_t": 369.95,
                    "underlying_price_t": 4769.83
                },
                "put": {
                    "start_date": "2023-11-08",
                    "strike": 4400.0,
                    "maturity": "2024-01-19",
                    "units": -0.001175932472568177,
                    "gamma": 0.0011369667361618607,
                    "vega": 776.5369826600597,
                    "tau": 0.19726027397260273,
                    "delta_t_1": -0.05728510840103207,
                    "option_price_t_1": 0.1,
                    "underlying_t_1": 4783.35,
                    "Option_PnL": -2.3518649451363528e-05,
                    "Delta_PnL": -0.0009107534270886795,
                    "Total_PnL": 0.000887234777637316,
                    "delta_t": -0.06543328030059237,
                    "option_price_t": 0.12,
                    "underlying_price_t": 4769.83
                }
            },
            "sv_2023-11-09_2024-01-19": {
                "call": {
                    "start_date": "2023-11-09",
                    "strike": 4400.0,
                    "maturity": "2024-01-19",
                    "units": -0.0011988626046093077,
                    "gamma": 0.0011379756653810997,
                    "vega": 760.299255865511,
                    "tau": 0.19452054794520549,
                    "delta_t_1": 0.9439333314537147,
                    "option_price_t_1": 383.45,
                    "underlying_t_1": 4783.35,
                    "Option_PnL": 0.016184645162225654,
                    "Delta_PnL": 0.015299858953822885,
                    "Total_PnL": 0.0008847862084027693,
                    "delta_t": 0.9358593569323231,
                    "option_price_t": 369.95,
                    "underlying_price_t": 4769.83
                },
                "put": {
                    "start_date": "2023-11-09",
                    "strike": 4400.0,
                    "maturity": "2024-01-19",
                    "units": -0.0011988626046093077,
                    "gamma": 0.0011379756653810997,
                    "vega": 760.299255865511,
                    "tau": 0.19452054794520549,
                    "delta_t_1": -0.05606666854628528,
                    "option_price_t_1": 0.1,
                    "underlying_t_1": 4783.35,
                    "Option_PnL": -2.3977252092186143e-05,
                    "Delta_PnL": -0.0009087634604954779,
                    "Total_PnL": 0.0008847862084032918,
                    "delta_t": -0.06414064306767686,
                    "option_price_t": 0.12,
                    "underlying_price_t": 4769.83
                }
            },
            "sv_2023-11-10_2024-01-19": {
                "call": {
                    "start_date": "2023-11-10",
                    "strike": 4350.0,
                    "maturity": "2024-01-19",
                    "units": -0.0012095928404708025,
                    "gamma": 0.0010708639260937408,
                    "vega": 752.6031371661174,
                    "tau": 0.1917808219178082,
                    "delta_t_1": 0.9652238647570202,
                    "option_price_t_1": 433.38,
                    "underlying_t_1": 4783.35,
                    "Option_PnL": 0.01635369520316523,
                    "Delta_PnL": 0.015784976887058013,
                    "Total_PnL": 0.0005687183161072161,
                    "delta_t": 0.9594563611852372,
                    "option_price_t": 419.86,
                    "underlying_price_t": 4769.83
                },
                "put": {
                    "start_date": "2023-11-10",
                    "strike": 4350.0,
                    "maturity": "2024-01-19",
                    "units": -0.0012095928404708025,
                    "gamma": 0.0010708639260937408,
                    "vega": 752.6031371661174,
                    "tau": 0.1917808219178082,
                    "delta_t_1": -0.034776135242979844,
                    "option_price_t_1": 0.03,
                    "underlying_t_1": 4783.35,
                    "Option_PnL": -0.0,
                    "Delta_PnL": -0.0005687183161077638,
                    "Total_PnL": 0.0005687183161077638,
                    "delta_t": -0.04054363881476275,
                    "option_price_t": 0.03,
                    "underlying_price_t": 4769.83
                }
            },
            "sv_2023-11-13_2024-01-19": {
                "call": {
                    "start_date": "2023-11-13",
                    "strike": 4400.0,
                    "maturity": "2024-01-19",
                    "units": -0.0012183542180950267,
                    "gamma": 0.0011194182407085304,
                    "vega": 752.0395435593805,
                    "tau": 0.18356164383561643,
                    "delta_t_1": 0.9488560709265131,
                    "option_price_t_1": 383.45,
                    "underlying_t_1": 4783.35,
                    "Option_PnL": 0.016447781944282862,
                    "Delta_PnL": 0.015629698607036353,
                    "Total_PnL": 0.0008180833372465092,
                    "delta_t": 0.9411018170685486,
                    "option_price_t": 369.95,
                    "underlying_price_t": 4769.83
                },
                "put": {
                    "start_date": "2023-11-13",
                    "strike": 4400.0,
                    "maturity": "2024-01-19",
                    "units": -0.0012183542180950267,
                    "gamma": 0.0011194182407085304,
                    "vega": 752.0395435593805,
                    "tau": 0.18356164383561643,
                    "delta_t_1": -0.05114392907348686,
                    "option_price_t_1": 0.1,
                    "underlying_t_1": 4783.35,
                    "Option_PnL": -2.436708436190052e-05,
                    "Delta_PnL": -0.0008424504216089404,
                    "Total_PnL": 0.0008180833372470398,
                    "delta_t": -0.05889818293145144,
                    "option_price_t": 0.12,
                    "underlying_price_t": 4769.83
                }
            },
            "sv_2023-11-14_2024-01-19": {
                "call": {
                    "start_date": "2023-11-14",
                    "strike": 4400.0,
                    "maturity": "2024-01-19",
                    "units": -0.0012531086095509656,
                    "gamma": 0.001047678037474345,
                    "vega": 727.6304826237266,
                    "tau": 0.18082191780821918,
                    "delta_t_1": 0.950097779105274,
                    "option_price_t_1": 383.45,
                    "underlying_t_1": 4783.35,
                    "Option_PnL": 0.016916966228938037,
                    "Delta_PnL": 0.016096583557451714,
                    "Total_PnL": 0.0008203826714863229,
                    "delta_t": 0.9424294972816786,
                    "option_price_t": 369.95,
                    "underlying_price_t": 4769.83
                },
                "put": {
                    "start_date": "2023-11-14",
                    "strike": 4400.0,
                    "maturity": "2024-01-19",
                    "units": -0.0012531086095509656,
                    "gamma": 0.001047678037474345,
                    "vega": 727.6304826237266,
                    "tau": 0.18082191780821918,
                    "delta_t_1": -0.04990222089472596,
                    "option_price_t_1": 0.1,
                    "underlying_t_1": 4783.35,
                    "Option_PnL": -2.50621721910193e-05,
                    "Delta_PnL": -0.0008454448436778902,
                    "Total_PnL": 0.0008203826714868709,
                    "delta_t": -0.057570502718321426,
                    "option_price_t": 0.12,
                    "underlying_price_t": 4769.83
                }
            },
            "sv_2023-11-15_2024-01-19": {
                "call": {
                    "start_date": "2023-11-15",
                    "strike": 4500.0,
                    "maturity": "2024-01-19",
                    "units": -0.001207147747433107,
                    "gamma": 0.0011099065480152765,
                    "vega": 757.2035785799326,
                    "tau": 0.1780821917808219,
                    "delta_t_1": 0.8885525131953262,
                    "option_price_t_1": 284.37,
                    "underlying_t_1": 4783.35,
                    "Option_PnL": 0.016091279473283298,
                    "Delta_PnL": 0.01450174350782288,
                    "Total_PnL": 0.0015895359654604178,
                    "delta_t": 0.8754254643606857,
                    "option_price_t": 271.04,
                    "underlying_price_t": 4769.83
                },
                "put": {
                    "start_date": "2023-11-15",
                    "strike": 4500.0,
                    "maturity": "2024-01-19",
                    "units": -0.001207147747433107,
                    "gamma": 0.0011099065480152765,
                    "vega": 757.2035785799326,
                    "tau": 0.1780821917808219,
                    "delta_t_1": -0.11144748680467376,
                    "option_price_t_1": 1.02,
                    "underlying_t_1": 4783.35,
                    "Option_PnL": -0.00022935807201229026,
                    "Delta_PnL": -0.001818894037473254,
                    "Total_PnL": 0.0015895359654609638,
                    "delta_t": -0.12457453563931431,
                    "option_price_t": 1.21,
                    "underlying_price_t": 4769.83
                }
            },
            "sv_2023-11-16_2024-01-19": {
                "call": {
                    "start_date": "2023-11-16",
                    "strike": 4500.0,
                    "maturity": "2024-01-19",
                    "units": -0.0012186124999706866,
                    "gamma": 0.0011179560133565115,
                    "vega": 751.6369819283382,
                    "tau": 0.17534246575342466,
                    "delta_t_1": 0.8902680692081302,
                    "option_price_t_1": 284.37,
                    "underlying_t_1": 4783.35,
                    "Option_PnL": 0.01624410462460923,
                    "Delta_PnL": 0.014667737101683953,
                    "Total_PnL": 0.0015763675229252781,
                    "delta_t": 0.8771762712319795,
                    "option_price_t": 271.04,
                    "underlying_price_t": 4769.83
                },
                "put": {
                    "start_date": "2023-11-16",
                    "strike": 4500.0,
                    "maturity": "2024-01-19",
                    "units": -0.0012186124999706866,
                    "gamma": 0.0011179560133565115,
                    "vega": 751.6369819283382,
                    "tau": 0.17534246575342466,
                    "delta_t_1": -0.10973193079186983,
                    "option_price_t_1": 1.02,
                    "underlying_t_1": 4783.35,
                    "Option_PnL": -0.00023153637499443038,
                    "Delta_PnL": -0.0018079038979202627,
                    "Total_PnL": 0.0015763675229258324,
                    "delta_t": -0.1228237287680205,
                    "option_price_t": 1.21,
                    "underlying_price_t": 4769.83
                }
            },
            "sv_2023-11-17_2024-01-19": {
                "call": {
                    "start_date": "2023-11-17",
                    "strike": 4500.0,
                    "maturity": "2024-01-19",
                    "units": -0.0012305535689059253,
                    "gamma": 0.001141955219553105,
                    "vega": 745.8401559281344,
                    "tau": 0.1726027397260274,
                    "delta_t_1": 0.892005171172308,
                    "option_price_t_1": 284.37,
                    "underlying_t_1": 4783.35,
                    "Option_PnL": 0.016403279073515964,
                    "Delta_PnL": 0.014840365185664282,
                    "Total_PnL": 0.001562913887851682,
                    "delta_t": 0.8789512881896057,
                    "option_price_t": 271.04,
                    "underlying_price_t": 4769.83
                },
                "put": {
                    "start_date": "2023-11-17",
                    "strike": 4500.0,
                    "maturity": "2024-01-19",
                    "units": -0.0012305535689059253,
                    "gamma": 0.001141955219553105,
                    "vega": 745.8401559281344,
                    "tau": 0.1726027397260274,
                    "delta_t_1": -0.10799482882769196,
                    "option_price_t_1": 1.02,
                    "underlying_t_1": 4783.35,
                    "Option_PnL": -0.00023380517809212575,
                    "Delta_PnL": -0.0017967190659443654,
                    "Total_PnL": 0.0015629138878522396,
                    "delta_t": -0.12104871181039434,
                    "option_price_t": 1.21,
                    "underlying_price_t": 4769.83
                }
            },
            "sv_2023-11-20_2024-02-16": {
                "call": {
                    "start_date": "2023-11-20",
                    "strike": 4500.0,
                    "maturity": "2024-02-16",
                    "units": -0.0010439977707421882,
                    "gamma": 0.0009481148619149179,
                    "vega": 879.3953762218604,
                    "tau": 0.2410958904109589,
                    "delta_t_1": 0.8543611758008964,
                    "option_price_t_1": 291.67,
                    "underlying_t_1": 4783.35,
                    "Option_PnL": 0.012872492513251224,
                    "Delta_PnL": 0.01205917972301423,
                    "Total_PnL": 0.000813312790236994,
                    "delta_t": 0.8409315923869287,
                    "option_price_t": 279.34,
                    "underlying_price_t": 4769.83
                },
                "put": {
                    "start_date": "2023-11-20",
                    "strike": 4500.0,
                    "maturity": "2024-02-16",
                    "units": -0.0010439977707421882,
                    "gamma": 0.0009481148619149179,
                    "vega": 879.3953762218604,
                    "tau": 0.2410958904109589,
                    "delta_t_1": -0.14563882419910357,
                    "option_price_t_1": 8.32,
                    "underlying_t_1": 4783.35,
                    "Option_PnL": -0.0012423573471832036,
                    "Delta_PnL": -0.0020556701374206112,
                    "Total_PnL": 0.0008133127902374077,
                    "delta_t": -0.15906840761307128,
                    "option_price_t": 9.51,
                    "underlying_price_t": 4769.83
                }
            },
            "sv_2023-11-21_2024-02-16": {
                "call": {
                    "start_date": "2023-11-21",
                    "strike": 4550.0,
                    "maturity": "2024-02-16",
                    "units": -0.0010403711951228762,
                    "gamma": 0.000967964070070872,
                    "vega": 883.7812612588131,
                    "tau": 0.23835616438356164,
                    "delta_t_1": 0.8090463511083854,
                    "option_price_t_1": 247.31,
                    "underlying_t_1": 4783.35,
                    "Option_PnL": 0.01217234298293764,
                    "Delta_PnL": 0.011379899179752462,
                    "Total_PnL": 0.0007924438031851784,
                    "delta_t": 0.7935774361946125,
                    "option_price_t": 235.61,
                    "underlying_price_t": 4769.83
                },
                "put": {
                    "start_date": "2023-11-21",
                    "strike": 4550.0,
                    "maturity": "2024-02-16",
                    "units": -0.0010403711951228762,
                    "gamma": 0.000967964070070872,
                    "vega": 883.7812612588131,
                    "tau": 0.23835616438356164,
                    "delta_t_1": -0.1909536488916146,
                    "option_price_t_1": 13.96,
                    "underlying_t_1": 4783.35,
                    "Option_PnL": -0.0018934755751236331,
                    "Delta_PnL": -0.002685919378309278,
                    "Total_PnL": 0.000792443803185645,
                    "delta_t": -0.20642256380538748,
                    "option_price_t": 15.78,
                    "underlying_price_t": 4769.83
                }
            },
            "sv_2023-11-22_2024-02-16": {
                "call": {
                    "start_date": "2023-11-22",
                    "strike": 4550.0,
                    "maturity": "2024-02-16",
                    "units": -0.001043537324224625,
                    "gamma": 0.0009681596250137773,
                    "vega": 880.7270519814424,
                    "tau": 0.2356164383561644,
                    "delta_t_1": 0.8103303123325152,
                    "option_price_t_1": 247.31,
                    "underlying_t_1": 4783.35,
                    "Option_PnL": 0.0122093866934281,
                    "Delta_PnL": 0.011432646197757057,
                    "Total_PnL": 0.0007767404956710439,
                    "delta_t": 0.7948309187687728,
                    "option_price_t": 235.61,
                    "underlying_price_t": 4769.83
                },
                "put": {
                    "start_date": "2023-11-22",
                    "strike": 4550.0,
                    "maturity": "2024-02-16",
                    "units": -0.001043537324224625,
                    "gamma": 0.0009681596250137773,
                    "vega": 880.7270519814424,
                    "tau": 0.2356164383561644,
                    "delta_t_1": -0.18966968766748482,
                    "option_price_t_1": 13.96,
                    "underlying_t_1": 4783.35,
                    "Option_PnL": -0.0018992379300888159,
                    "Delta_PnL": -0.0026759784257603283,
                    "Total_PnL": 0.0007767404956715125,
                    "delta_t": -0.20516908123122723,
                    "option_price_t": 15.78,
                    "underlying_price_t": 4769.83
                }
            },
            "sv_2023-11-24_2024-02-16": {
                "call": {
                    "start_date": "2023-11-24",
                    "strike": 4550.0,
                    "maturity": "2024-02-16",
                    "units": -0.0010580383243619013,
                    "gamma": 0.0009880157553795717,
                    "vega": 870.6009997054882,
                    "tau": 0.23013698630136986,
                    "delta_t_1": 0.8129516220052697,
                    "option_price_t_1": 247.31,
                    "underlying_t_1": 4783.35,
                    "Option_PnL": 0.012379048395034233,
                    "Delta_PnL": 0.011629011300544612,
                    "Total_PnL": 0.0007500370944896213,
                    "delta_t": 0.7973922203943768,
                    "option_price_t": 235.61,
                    "underlying_price_t": 4769.83
                },
                "put": {
                    "start_date": "2023-11-24",
                    "strike": 4550.0,
                    "maturity": "2024-02-16",
                    "units": -0.0010580383243619013,
                    "gamma": 0.0009880157553795717,
                    "vega": 870.6009997054882,
                    "tau": 0.23013698630136986,
                    "delta_t_1": -0.18704837799473029,
                    "option_price_t_1": 13.96,
                    "underlying_t_1": 4783.35,
                    "Option_PnL": -0.001925629750338659,
                    "Delta_PnL": -0.002675666844828755,
                    "Total_PnL": 0.0007500370944900959,
                    "delta_t": -0.20260777960562315,
                    "option_price_t": 15.78,
                    "underlying_price_t": 4769.83
                }
            },
            "sv_2023-11-27_2024-02-16": {
                "call": {
                    "start_date": "2023-11-27",
                    "strike": 4550.0,
                    "maturity": "2024-02-16",
                    "units": -0.0010821733756014246,
                    "gamma": 0.0010146580920681947,
                    "vega": 854.3450334500773,
                    "tau": 0.2219178082191781,
                    "delta_t_1": 0.8170229591728633,
                    "option_price_t_1": 247.31,
                    "underlying_t_1": 4783.35,
                    "Option_PnL": 0.012661428494536655,
                    "Delta_PnL": 0.011953849874445317,
                    "Total_PnL": 0.000707578620091338,
                    "delta_t": 0.8013763625442438,
                    "option_price_t": 235.61,
                    "underlying_price_t": 4769.83
                },
                "put": {
                    "start_date": "2023-11-27",
                    "strike": 4550.0,
                    "maturity": "2024-02-16",
                    "units": -0.0010821733756014246,
                    "gamma": 0.0010146580920681947,
                    "vega": 854.3450334500773,
                    "tau": 0.2219178082191781,
                    "delta_t_1": -0.18297704082713673,
                    "option_price_t_1": 13.96,
                    "underlying_t_1": 4783.35,
                    "Option_PnL": -0.0019695555435945912,
                    "Delta_PnL": -0.002677134163686416,
                    "Total_PnL": 0.0007075786200918246,
                    "delta_t": -0.19862363745575617,
                    "option_price_t": 15.78,
                    "underlying_price_t": 4769.83
                }
            },
            "sv_2023-11-28_2024-02-16": {
                "call": {
                    "start_date": "2023-11-28",
                    "strike": 4550.0,
                    "maturity": "2024-02-16",
                    "units": -0.0010899496860329546,
                    "gamma": 0.0010334453366029803,
                    "vega": 849.4337952077676,
                    "tau": 0.2191780821917808,
                    "delta_t_1": 0.8184188920771178,
                    "option_price_t_1": 247.31,
                    "underlying_t_1": 4783.35,
                    "Option_PnL": 0.012752411326585557,
                    "Delta_PnL": 0.012060318803538705,
                    "Total_PnL": 0.0006920925230468524,
                    "delta_t": 0.802744113298378,
                    "option_price_t": 235.61,
                    "underlying_price_t": 4769.83
                },
                "put": {
                    "start_date": "2023-11-28",
                    "strike": 4550.0,
                    "maturity": "2024-02-16",
                    "units": -0.0010899496860329546,
                    "gamma": 0.0010334453366029803,
                    "vega": 849.4337952077676,
                    "tau": 0.2191780821917808,
                    "delta_t_1": -0.18158110792288218,
                    "option_price_t_1": 13.96,
                    "underlying_t_1": 4783.35,
                    "Option_PnL": -0.0019837084285799756,
                    "Delta_PnL": -0.0026758009516273176,
                    "Total_PnL": 0.000692092523047342,
                    "delta_t": -0.19725588670162197,
                    "option_price_t": 15.78,
                    "underlying_price_t": 4769.83
                }
            },
            "sv_2023-11-29_2024-02-16": {
                "call": {
                    "start_date": "2023-11-29",
                    "strike": 4550.0,
                    "maturity": "2024-02-16",
                    "units": -0.0010986091548162002,
                    "gamma": 0.0010409753278779242,
                    "vega": 843.7843224003694,
                    "tau": 0.21643835616438356,
                    "delta_t_1": 0.819834959645234,
                    "option_price_t_1": 247.31,
                    "underlying_t_1": 4783.35,
                    "Option_PnL": 0.012853727111349529,
                    "Delta_PnL": 0.01217716915725491,
                    "Total_PnL": 0.0006765579540946188,
                    "delta_t": 0.8041325011234928,
                    "option_price_t": 235.61,
                    "underlying_price_t": 4769.83
                },
                "put": {
                    "start_date": "2023-11-29",
                    "strike": 4550.0,
                    "maturity": "2024-02-16",
                    "units": -0.0010986091548162002,
                    "gamma": 0.0010409753278779242,
                    "vega": 843.7843224003694,
                    "tau": 0.21643835616438356,
                    "delta_t_1": -0.180165040354766,
                    "option_price_t_1": 13.96,
                    "underlying_t_1": 4783.35,
                    "Option_PnL": -0.0019994686617654826,
                    "Delta_PnL": -0.0026760266158605945,
                    "Total_PnL": 0.0006765579540951119,
                    "delta_t": -0.19586749887650723,
                    "option_price_t": 15.78,
                    "underlying_price_t": 4769.83
                }
            },
            "sv_2023-11-30_2024-02-16": {
                "call": {
                    "start_date": "2023-11-30",
                    "strike": 4550.0,
                    "maturity": "2024-02-16",
                    "units": -0.001106526358740772,
                    "gamma": 0.0010828922897307075,
                    "vega": 839.0867907028999,
                    "tau": 0.2136986301369863,
                    "delta_t_1": 0.8212716154779557,
                    "option_price_t_1": 247.31,
                    "underlying_t_1": 4783.35,
                    "Option_PnL": 0.01294635839726702,
                    "Delta_PnL": 0.012286417491666281,
                    "Total_PnL": 0.000659940905600738,
                    "delta_t": 0.8055420197048351,
                    "option_price_t": 235.61,
                    "underlying_price_t": 4769.83
                },
                "put": {
                    "start_date": "2023-11-30",
                    "strike": 4550.0,
                    "maturity": "2024-02-16",
                    "units": -0.001106526358740772,
                    "gamma": 0.0010828922897307075,
                    "vega": 839.0867907028999,
                    "tau": 0.2136986301369863,
                    "delta_t_1": -0.17872838452204431,
                    "option_price_t_1": 13.96,
                    "underlying_t_1": 4783.35,
                    "Option_PnL": -0.002013877972908203,
                    "Delta_PnL": -0.0026738188785094385,
                    "Total_PnL": 0.0006599409056012354,
                    "delta_t": -0.19445798029516492,
                    "option_price_t": 15.78,
                    "underlying_price_t": 4769.83
                }
            },
            "sv_2023-12-01_2024-02-16": {
                "call": {
                    "start_date": "2023-12-01",
                    "strike": 4550.0,
                    "maturity": "2024-02-16",
                    "units": -0.001116494976628683,
                    "gamma": 0.001093979211486203,
                    "vega": 830.6794006983569,
                    "tau": 0.21095890410958903,
                    "delta_t_1": 0.822729326380592,
                    "option_price_t_1": 247.31,
                    "underlying_t_1": 4783.35,
                    "Option_PnL": 0.01306299122655558,
                    "Delta_PnL": 0.012419109123592904,
                    "Total_PnL": 0.000643882102962675,
                    "delta_t": 0.8069731784879876,
                    "option_price_t": 235.61,
                    "underlying_price_t": 4769.83
                },
                "put": {
                    "start_date": "2023-12-01",
                    "strike": 4550.0,
                    "maturity": "2024-02-16",
                    "units": -0.001116494976628683,
                    "gamma": 0.001093979211486203,
                    "vega": 830.6794006983569,
                    "tau": 0.21095890410958903,
                    "delta_t_1": -0.17727067361940796,
                    "option_price_t_1": 13.96,
                    "underlying_t_1": 4783.35,
                    "Option_PnL": -0.0020320208574642015,
                    "Delta_PnL": -0.0026759029604273787,
                    "Total_PnL": 0.0006438821029631772,
                    "delta_t": -0.19302682151201245,
                    "option_price_t": 15.78,
                    "underlying_price_t": 4769.83
                }
            },
            "sv_2023-12-04_2024-02-16": {
                "call": {
                    "start_date": "2023-12-04",
                    "strike": 4600.0,
                    "maturity": "2024-02-16",
                    "units": -0.0011384526045815037,
                    "gamma": 0.0011748530868513323,
                    "vega": 819.7737133604769,
                    "tau": 0.20273972602739726,
                    "delta_t_1": 0.7712976812961116,
                    "option_price_t_1": 205.64,
                    "underlying_t_1": 4783.35,
                    "Option_PnL": 0.01239774886389256,
                    "Delta_PnL": 0.011871720748503612,
                    "Total_PnL": 0.000526028115388948,
                    "delta_t": 0.7533014095340667,
                    "option_price_t": 194.75,
                    "underlying_price_t": 4769.83
                },
                "put": {
                    "start_date": "2023-12-04",
                    "strike": 4600.0,
                    "maturity": "2024-02-16",
                    "units": -0.0011384526045815037,
                    "gamma": 0.0011748530868513323,
                    "vega": 819.7737133604769,
                    "tau": 0.20273972602739726,
                    "delta_t_1": -0.22870231870388835,
                    "option_price_t_1": 22.29,
                    "underlying_t_1": 4783.35,
                    "Option_PnL": -0.0029941303500493574,
                    "Delta_PnL": -0.0035201584654388153,
                    "Total_PnL": 0.000526028115389458,
                    "delta_t": -0.24669859046593334,
                    "option_price_t": 24.92,
                    "underlying_price_t": 4769.83
                }
            },
            "sv_2023-12-05_2024-02-16": {
                "call": {
                    "start_date": "2023-12-05",
                    "strike": 4550.0,
                    "maturity": "2024-02-16",
                    "units": -0.0011510255877088035,
                    "gamma": 0.0011826558151158835,
                    "vega": 811.6918790895201,
                    "tau": 0.2,
                    "delta_t_1": 0.828780542579829,
                    "option_price_t_1": 247.31,
                    "underlying_t_1": 4783.35,
                    "Option_PnL": 0.013466999376192987,
                    "Delta_PnL": 0.012897371702134185,
                    "Total_PnL": 0.0005696276740588015,
                    "delta_t": 0.8129249900804768,
                    "option_price_t": 235.61,
                    "underlying_price_t": 4769.83
                },
                "put": {
                    "start_date": "2023-12-05",
                    "strike": 4550.0,
                    "maturity": "2024-02-16",
                    "units": -0.0011510255877088035,
                    "gamma": 0.0011826558151158835,
                    "vega": 811.6918790895201,
                    "tau": 0.2,
                    "delta_t_1": -0.17121945742017097,
                    "option_price_t_1": 13.96,
                    "underlying_t_1": 4783.35,
                    "Option_PnL": -0.0020948665696300206,
                    "Delta_PnL": -0.00266449424368934,
                    "Total_PnL": 0.0005696276740593193,
                    "delta_t": -0.1870750099195232,
                    "option_price_t": 15.78,
                    "underlying_price_t": 4769.83
                }
            },
            "sv_2023-12-06_2024-02-16": {
                "call": {
                    "start_date": "2023-12-06",
                    "strike": 4550.0,
                    "maturity": "2024-02-16",
                    "units": -0.0011624974217316834,
                    "gamma": 0.0011948595871344588,
                    "vega": 805.5952110957406,
                    "tau": 0.19726027397260273,
                    "delta_t_1": 0.8303510227735706,
                    "option_price_t_1": 247.31,
                    "underlying_t_1": 4783.35,
                    "Option_PnL": 0.013601219834260683,
                    "Delta_PnL": 0.013050598080400872,
                    "Total_PnL": 0.0005506217538598108,
                    "delta_t": 0.8144725860492359,
                    "option_price_t": 235.61,
                    "underlying_price_t": 4769.83
                },
                "put": {
                    "start_date": "2023-12-06",
                    "strike": 4550.0,
                    "maturity": "2024-02-16",
                    "units": -0.0011624974217316834,
                    "gamma": 0.0011948595871344588,
                    "vega": 805.5952110957406,
                    "tau": 0.19726027397260273,
                    "delta_t_1": -0.16964897722642935,
                    "option_price_t_1": 13.96,
                    "underlying_t_1": 4783.35,
                    "Option_PnL": -0.002115745307551662,
                    "Delta_PnL": -0.002666367061411995,
                    "Total_PnL": 0.0005506217538603329,
                    "delta_t": -0.1855274139507641,
                    "option_price_t": 15.78,
                    "underlying_price_t": 4769.83
                }
            },
            "sv_2023-12-07_2024-02-16": {
                "call": {
                    "start_date": "2023-12-07",
                    "strike": 4550.0,
                    "maturity": "2024-02-16",
                    "units": -0.0011721147161009202,
                    "gamma": 0.0012540153488005555,
                    "vega": 798.0700956252136,
                    "tau": 0.19452054794520549,
                    "delta_t_1": 0.8319456601222566,
                    "option_price_t_1": 247.31,
                    "underlying_t_1": 4783.35,
                    "Option_PnL": 0.013713742178380754,
                    "Delta_PnL": 0.01318383535657042,
                    "Total_PnL": 0.0005299068218103335,
                    "delta_t": 0.8160452447492881,
                    "option_price_t": 235.61,
                    "underlying_price_t": 4769.83
                },
                "put": {
                    "start_date": "2023-12-07",
                    "strike": 4550.0,
                    "maturity": "2024-02-16",
                    "units": -0.0011721147161009202,
                    "gamma": 0.0012540153488005555,
                    "vega": 798.0700956252136,
                    "tau": 0.19452054794520549,
                    "delta_t_1": -0.16805433987774343,
                    "option_price_t_1": 13.96,
                    "underlying_t_1": 4783.35,
                    "Option_PnL": -0.002133248783303673,
                    "Delta_PnL": -0.0026631556051145313,
                    "Total_PnL": 0.0005299068218108582,
                    "delta_t": -0.18395475525071192,
                    "option_price_t": 15.78,
                    "underlying_price_t": 4769.83
                }
            },
            "sv_2023-12-08_2024-02-16": {
                "call": {
                    "start_date": "2023-12-08",
                    "strike": 4600.0,
                    "maturity": "2024-02-16",
                    "units": -0.0011654270280031906,
                    "gamma": 0.0013483449877416613,
                    "vega": 803.5362677069255,
                    "tau": 0.1917808219178082,
                    "delta_t_1": 0.7771332697831428,
                    "option_price_t_1": 205.64,
                    "underlying_t_1": 4783.35,
                    "Option_PnL": 0.01269150033495473,
                    "Delta_PnL": 0.012244957421377602,
                    "Total_PnL": 0.0004465429135771283,
                    "delta_t": 0.7588724490367073,
                    "option_price_t": 194.75,
                    "underlying_price_t": 4769.83
                },
                "put": {
                    "start_date": "2023-12-08",
                    "strike": 4600.0,
                    "maturity": "2024-02-16",
                    "units": -0.0011654270280031906,
                    "gamma": 0.0013483449877416613,
                    "vega": 803.5362677069255,
                    "tau": 0.1917808219178082,
                    "delta_t_1": -0.2228667302168572,
                    "option_price_t_1": 22.29,
                    "underlying_t_1": 4783.35,
                    "Option_PnL": -0.0030650730836483944,
                    "Delta_PnL": -0.003511615997226042,
                    "Total_PnL": 0.0004465429135776474,
                    "delta_t": -0.24112755096329275,
                    "option_price_t": 24.92,
                    "underlying_price_t": 4769.83
                }
            },
            "sv_2023-12-11_2024-02-16": {
                "call": {
                    "start_date": "2023-12-11",
                    "strike": 4600.0,
                    "maturity": "2024-02-16",
                    "units": -0.0011926163916333255,
                    "gamma": 0.0013946191460896483,
                    "vega": 785.3280327562117,
                    "tau": 0.18356164383561643,
                    "delta_t_1": 0.7817948041678267,
                    "option_price_t_1": 205.64,
                    "underlying_t_1": 4783.35,
                    "Option_PnL": 0.012987592504886897,
                    "Delta_PnL": 0.012605795153615556,
                    "Total_PnL": 0.00038179735127134157,
                    "delta_t": 0.7633328834167081,
                    "option_price_t": 194.75,
                    "underlying_price_t": 4769.83
                },
                "put": {
                    "start_date": "2023-12-11",
                    "strike": 4600.0,
                    "maturity": "2024-02-16",
                    "units": -0.0011926163916333255,
                    "gamma": 0.0013946191460896483,
                    "vega": 785.3280327562117,
                    "tau": 0.18356164383561643,
                    "delta_t_1": -0.21820519583217335,
                    "option_price_t_1": 22.29,
                    "underlying_t_1": 4783.35,
                    "Option_PnL": -0.003136581109995649,
                    "Delta_PnL": -0.003518378461267525,
                    "Total_PnL": 0.00038179735127187586,
                    "delta_t": -0.23666711658329187,
                    "option_price_t": 24.92,
                    "underlying_price_t": 4769.83
                }
            },
            "sv_2023-12-12_2024-02-16": {
                "call": {
                    "start_date": "2023-12-12",
                    "strike": 4600.0,
                    "maturity": "2024-02-16",
                    "units": -0.0012088282840823426,
                    "gamma": 0.0014103690085008824,
                    "vega": 773.9842703602702,
                    "tau": 0.18082191780821918,
                    "delta_t_1": 0.7834072545762205,
                    "option_price_t_1": 205.64,
                    "underlying_t_1": 4783.35,
                    "Option_PnL": 0.013164140013656695,
                    "Delta_PnL": 0.01280350553532108,
                    "Total_PnL": 0.0003606344783356145,
                    "delta_t": 0.7648779358344129,
                    "option_price_t": 194.75,
                    "underlying_price_t": 4769.83
                },
                "put": {
                    "start_date": "2023-12-12",
                    "strike": 4600.0,
                    "maturity": "2024-02-16",
                    "units": -0.0012088282840823426,
                    "gamma": 0.0014103690085008824,
                    "vega": 773.9842703602702,
                    "tau": 0.18082191780821918,
                    "delta_t_1": -0.2165927454237795,
                    "option_price_t_1": 22.29,
                    "underlying_t_1": 4783.35,
                    "Option_PnL": -0.0031792183871365643,
                    "Delta_PnL": -0.003539852865472719,
                    "Total_PnL": 0.00036063447833615484,
                    "delta_t": -0.23512206416558712,
                    "option_price_t": 24.92,
                    "underlying_price_t": 4769.83
                }
            },
            "sv_2023-12-13_2024-02-16": {
                "call": {
                    "start_date": "2023-12-13",
                    "strike": 4650.0,
                    "maturity": "2024-02-16",
                    "units": -0.0012033341816002382,
                    "gamma": 0.0013532748883992424,
                    "vega": 771.6623255248683,
                    "tau": 0.1780821917808219,
                    "delta_t_1": 0.7184025390048312,
                    "option_price_t_1": 167.34,
                    "underlying_t_1": 4783.35,
                    "Option_PnL": 0.011925041739658356,
                    "Delta_PnL": 0.011687747039621344,
                    "Total_PnL": 0.00023729470003701174,
                    "delta_t": 0.6977956156966446,
                    "option_price_t": 157.43,
                    "underlying_price_t": 4769.83
                },
                "put": {
                    "start_date": "2023-12-13",
                    "strike": 4650.0,
                    "maturity": "2024-02-16",
                    "units": -0.0012033341816002382,
                    "gamma": 0.0013532748883992424,
                    "vega": 771.6623255248683,
                    "tau": 0.1780821917808219,
                    "delta_t_1": -0.2815974609951688,
                    "option_price_t_1": 33.99,
                    "underlying_t_1": 4783.35,
                    "Option_PnL": -0.004344036395576859,
                    "Delta_PnL": -0.004581331095614401,
                    "Total_PnL": 0.0002372947000375417,
                    "delta_t": -0.3022043843033554,
                    "option_price_t": 37.6,
                    "underlying_price_t": 4769.83
                }
            },
            "sv_2023-12-14_2024-02-16": {
                "call": {
                    "start_date": "2023-12-14",
                    "strike": 4700.0,
                    "maturity": "2024-02-16",
                    "units": -0.001183578541011054,
                    "gamma": 0.0014080244695696127,
                    "vega": 784.5320432799774,
                    "tau": 0.17534246575342466,
                    "delta_t_1": 0.6448956311723001,
                    "option_price_t_1": 133.0,
                    "underlying_t_1": 4783.35,
                    "Option_PnL": 0.010391819590077055,
                    "Delta_PnL": 0.010319608200944016,
                    "Total_PnL": 7.221138913303914e-05,
                    "delta_t": 0.6229288270502576,
                    "option_price_t": 124.22,
                    "underlying_price_t": 4769.83
                },
                "put": {
                    "start_date": "2023-12-14",
                    "strike": 4700.0,
                    "maturity": "2024-02-16",
                    "units": -0.001183578541011054,
                    "gamma": 0.0014080244695696127,
                    "vega": 784.5320432799774,
                    "tau": 0.17534246575342466,
                    "delta_t_1": -0.3551043688276999,
                    "option_price_t_1": 49.65,
                    "underlying_t_1": 4783.35,
                    "Option_PnL": -0.005610162284392398,
                    "Delta_PnL": -0.005682373673525952,
                    "Total_PnL": 7.221138913355435e-05,
                    "delta_t": -0.37707117294974235,
                    "option_price_t": 54.39,
                    "underlying_price_t": 4769.83
                }
            },
            "sv_2023-12-15_2024-02-16": {
                "call": {
                    "start_date": "2023-12-15",
                    "strike": 4700.0,
                    "maturity": "2024-02-16",
                    "units": -0.001196835820995574,
                    "gamma": 0.0015266506048856997,
                    "vega": 778.1509343896957,
                    "tau": 0.1726027397260274,
                    "delta_t_1": 0.6458399983976666,
                    "option_price_t_1": 133.0,
                    "underlying_t_1": 4783.35,
                    "Option_PnL": 0.010508218508341141,
                    "Delta_PnL": 0.010450479292534315,
                    "Total_PnL": 5.773921580682663e-05,
                    "delta_t": 0.6237155829342295,
                    "option_price_t": 124.22,
                    "underlying_price_t": 4769.83
                },
                "put": {
                    "start_date": "2023-12-15",
                    "strike": 4700.0,
                    "maturity": "2024-02-16",
                    "units": -0.001196835820995574,
                    "gamma": 0.0015266506048856997,
                    "vega": 778.1509343896957,
                    "tau": 0.1726027397260274,
                    "delta_t_1": -0.3541600016023334,
                    "option_price_t_1": 49.65,
                    "underlying_t_1": 4783.35,
                    "Option_PnL": -0.0056730017915190235,
                    "Delta_PnL": -0.00573074100732637,
                    "Total_PnL": 5.773921580734618e-05,
                    "delta_t": -0.37628441706577054,
                    "option_price_t": 54.39,
                    "underlying_price_t": 4769.83
                }
            },
            "sv_2023-12-18_2024-03-15": {
                "call": {
                    "start_date": "2023-12-18",
                    "strike": 4700.0,
                    "maturity": "2024-03-15",
                    "units": -0.0010175283429215117,
                    "gamma": 0.0012929574378237052,
                    "vega": 915.9139020522679,
                    "tau": 0.2410958904109589,
                    "delta_t_1": 0.6274095714282786,
                    "option_price_t_1": 152.87,
                    "underlying_t_1": 4783.35,
                    "Option_PnL": 0.008211453727376592,
                    "Delta_PnL": 0.008631262931336163,
                    "Total_PnL": -0.0004198092039595716,
                    "delta_t": 0.6084510068176258,
                    "option_price_t": 144.8,
                    "underlying_price_t": 4769.83
                },
                "put": {
                    "start_date": "2023-12-18",
                    "strike": 4700.0,
                    "maturity": "2024-03-15",
                    "units": -0.0010175283429215117,
                    "gamma": 0.0012929574378237052,
                    "vega": 915.9139020522679,
                    "tau": 0.2410958904109589,
                    "delta_t_1": -0.3725904285717214,
                    "option_price_t_1": 69.52,
                    "underlying_t_1": 4783.35,
                    "Option_PnL": -0.005545529468922242,
                    "Delta_PnL": -0.005125720264963119,
                    "Total_PnL": -0.0004198092039591223,
                    "delta_t": -0.39154899318237424,
                    "option_price_t": 74.97,
                    "underlying_price_t": 4769.83
                }
            },
            "sv_2023-12-19_2024-03-15": {
                "call": {
                    "start_date": "2023-12-19",
                    "strike": 4750.0,
                    "maturity": "2024-03-15",
                    "units": -0.0010070353676400554,
                    "gamma": 0.0013015096163056222,
                    "vega": 924.7897033003402,
                    "tau": 0.23835616438356164,
                    "delta_t_1": 0.5587417590090049,
                    "option_price_t_1": 124.09,
                    "underlying_t_1": 4783.35,
                    "Option_PnL": 0.007109669695538794,
                    "Delta_PnL": 0.007607335075697276,
                    "Total_PnL": -0.0004976653801584824,
                    "delta_t": 0.5396552001542885,
                    "option_price_t": 117.03,
                    "underlying_price_t": 4769.83
                },
                "put": {
                    "start_date": "2023-12-19",
                    "strike": 4750.0,
                    "maturity": "2024-03-15",
                    "units": -0.0010070353676400554,
                    "gamma": 0.0013015096163056222,
                    "vega": 924.7897033003402,
                    "tau": 0.23835616438356164,
                    "delta_t_1": -0.4412582409909951,
                    "option_price_t_1": 90.74,
                    "underlying_t_1": 4783.35,
                    "Option_PnL": -0.006505448474954766,
                    "Delta_PnL": -0.006007783094796713,
                    "Total_PnL": -0.000497665380158053,
                    "delta_t": -0.4603447998457115,
                    "option_price_t": 97.2,
                    "underlying_price_t": 4769.83
                }
            },
            "sv_2023-12-20_2024-03-15": {
                "call": {
                    "start_date": "2023-12-20",
                    "strike": 4750.0,
                    "maturity": "2024-03-15",
                    "units": -0.0010275642840051101,
                    "gamma": 0.0012009063055708803,
                    "vega": 903.2264679949546,
                    "tau": 0.2356164383561644,
                    "delta_t_1": 0.5589447710073039,
                    "option_price_t_1": 124.09,
                    "underlying_t_1": 4783.35,
                    "Option_PnL": 0.0072546038450760795,
                    "Delta_PnL": 0.0077652347598186474,
                    "Total_PnL": -0.0005106309147425679,
                    "delta_t": 0.5397471026071191,
                    "option_price_t": 117.03,
                    "underlying_price_t": 4769.83
                },
                "put": {
                    "start_date": "2023-12-20",
                    "strike": 4750.0,
                    "maturity": "2024-03-15",
                    "units": -0.0010275642840051101,
                    "gamma": 0.0012009063055708803,
                    "vega": 903.2264679949546,
                    "tau": 0.2356164383561644,
                    "delta_t_1": -0.4410552289926961,
                    "option_price_t_1": 90.74,
                    "underlying_t_1": 4783.35,
                    "Option_PnL": -0.00663806527467302,
                    "Delta_PnL": -0.006127434359930891,
                    "Total_PnL": -0.000510630914742129,
                    "delta_t": -0.4602528973928809,
                    "option_price_t": 97.2,
                    "underlying_price_t": 4769.83
                }
            },
            "sv_2023-12-21_2024-03-15": {
                "call": {
                    "start_date": "2023-12-21",
                    "strike": 4700.0,
                    "maturity": "2024-03-15",
                    "units": -0.0010285968178303656,
                    "gamma": 0.001166938663201666,
                    "vega": 899.9503824494378,
                    "tau": 0.2328767123287671,
                    "delta_t_1": 0.6291689786962372,
                    "option_price_t_1": 152.87,
                    "underlying_t_1": 4783.35,
                    "Option_PnL": 0.008300776319891044,
                    "Delta_PnL": 0.008749619550608738,
                    "Total_PnL": -0.00044884323071769407,
                    "delta_t": 0.6098993803984106,
                    "option_price_t": 144.8,
                    "underlying_price_t": 4769.83
                },
                "put": {
                    "start_date": "2023-12-21",
                    "strike": 4700.0,
                    "maturity": "2024-03-15",
                    "units": -0.0010285968178303656,
                    "gamma": 0.001166938663201666,
                    "vega": 899.9503824494378,
                    "tau": 0.2328767123287671,
                    "delta_t_1": -0.3708310213037628,
                    "option_price_t_1": 69.52,
                    "underlying_t_1": 4783.35,
                    "Option_PnL": -0.005605852657175495,
                    "Delta_PnL": -0.005157009426458255,
                    "Total_PnL": -0.00044884323071724044,
                    "delta_t": -0.39010061960158937,
                    "option_price_t": 74.97,
                    "underlying_price_t": 4769.83
                }
            },
            "sv_2023-12-22_2024-03-15": {
                "call": {
                    "start_date": "2023-12-22",
                    "strike": 4750.0,
                    "maturity": "2024-03-15",
                    "units": -0.0010201607256675857,
                    "gamma": 0.0012297611253123785,
                    "vega": 908.8912790432216,
                    "tau": 0.23013698630136986,
                    "delta_t_1": 0.5593639725546937,
                    "option_price_t_1": 124.09,
                    "underlying_t_1": 4783.35,
                    "Option_PnL": 0.007202334723213157,
                    "Delta_PnL": 0.00771506843119827,
                    "Total_PnL": -0.0005127337079851128,
                    "delta_t": 0.5399382431263503,
                    "option_price_t": 117.03,
                    "underlying_price_t": 4769.83
                },
                "put": {
                    "start_date": "2023-12-22",
                    "strike": 4750.0,
                    "maturity": "2024-03-15",
                    "units": -0.0010201607256675857,
                    "gamma": 0.0012297611253123785,
                    "vega": 908.8912790432216,
                    "tau": 0.23013698630136986,
                    "delta_t_1": -0.4406360274453063,
                    "option_price_t_1": 90.74,
                    "underlying_t_1": 4783.35,
                    "Option_PnL": -0.006590238287812611,
                    "Delta_PnL": -0.006077504579827933,
                    "Total_PnL": -0.0005127337079846783,
                    "delta_t": -0.4600617568736497,
                    "option_price_t": 97.2,
                    "underlying_price_t": 4769.83
                }
            },
            "sv_2023-12-26_2024-03-15": {
                "call": {
                    "start_date": "2023-12-26",
                    "strike": 4750.0,
                    "maturity": "2024-03-15",
                    "units": -0.0010492243252919866,
                    "gamma": 0.0013130612011251516,
                    "vega": 886.0258914220483,
                    "tau": 0.2191780821917808,
                    "delta_t_1": 0.5602590171235965,
                    "option_price_t_1": 124.09,
                    "underlying_t_1": 4783.35,
                    "Option_PnL": 0.007407523736561427,
                    "Delta_PnL": 0.007947561502393332,
                    "Total_PnL": -0.000540037765831905,
                    "delta_t": 0.5403521268430331,
                    "option_price_t": 117.03,
                    "underlying_price_t": 4769.83
                },
                "put": {
                    "start_date": "2023-12-26",
                    "strike": 4750.0,
                    "maturity": "2024-03-15",
                    "units": -0.0010492243252919866,
                    "gamma": 0.0013130612011251516,
                    "vega": 886.0258914220483,
                    "tau": 0.2191780821917808,
                    "delta_t_1": -0.4397409828764035,
                    "option_price_t_1": 90.74,
                    "underlying_t_1": 4783.35,
                    "Option_PnL": -0.006777989141386241,
                    "Delta_PnL": -0.006237951375554784,
                    "Total_PnL": -0.0005400377658314574,
                    "delta_t": -0.45964787315696687,
                    "option_price_t": 97.2,
                    "underlying_price_t": 4769.83
                }
            },
            "sv_2023-12-27_2024-03-15": {
                "call": {
                    "start_date": "2023-12-27",
                    "strike": 4750.0,
                    "maturity": "2024-03-15",
                    "units": -0.0010576864842546123,
                    "gamma": 0.0013203716200446498,
                    "vega": 879.151395362844,
                    "tau": 0.21643835616438356,
                    "delta_t_1": 0.5604954704054856,
                    "option_price_t_1": 124.09,
                    "underlying_t_1": 4783.35,
                    "Option_PnL": 0.007467266578837565,
                    "Delta_PnL": 0.008015041097377414,
                    "Total_PnL": -0.0005477745185398491,
                    "delta_t": 0.5404626950323504,
                    "option_price_t": 117.03,
                    "underlying_price_t": 4769.83
                },
                "put": {
                    "start_date": "2023-12-27",
                    "strike": 4750.0,
                    "maturity": "2024-03-15",
                    "units": -0.0010576864842546123,
                    "gamma": 0.0013203716200446498,
                    "vega": 879.151395362844,
                    "tau": 0.21643835616438356,
                    "delta_t_1": -0.43950452959451436,
                    "option_price_t_1": 90.74,
                    "underlying_t_1": 4783.35,
                    "Option_PnL": -0.006832654688284804,
                    "Delta_PnL": -0.006284880169745407,
                    "Total_PnL": -0.0005477745185393972,
                    "delta_t": -0.45953730496764955,
                    "option_price_t": 97.2,
                    "underlying_price_t": 4769.83
                }
            },
            "sv_2023-12-28_2024-03-15": {
                "call": {
                    "start_date": "2023-12-28",
                    "strike": 4800.0,
                    "maturity": "2024-03-15",
                    "units": -0.001058881635054467,
                    "gamma": 0.0014869478285794166,
                    "vega": 881.6428650892758,
                    "tau": 0.2136986301369863,
                    "delta_t_1": 0.48645546028499914,
                    "option_price_t_1": 99.03,
                    "underlying_t_1": 4781.58,
                    "delta_t": 0.4669096891067593,
                    "option_price_t": 92.97,
                    "underlying_price_t": 4769.83,
                    "Option_PnL": 0.006416822708430072,
                    "Delta_PnL": 0.0060524103497210996,
                    "Total_PnL": 0.00036441235870897284
                },
                "put": {
                    "start_date": "2023-12-28",
                    "strike": 4800.0,
                    "maturity": "2024-03-15",
                    "units": -0.001058881635054467,
                    "gamma": 0.0014869478285794166,
                    "vega": 881.6428650892758,
                    "tau": 0.2136986301369863,
                    "delta_t_1": -0.5135445397150009,
                    "option_price_t_1": 115.68,
                    "underlying_t_1": 4781.58,
                    "delta_t": -0.5330903108932408,
                    "option_price_t": 123.14,
                    "underlying_price_t": 4769.83,
                    "Option_PnL": -0.007899256997506317,
                    "Delta_PnL": -0.006389448862168887,
                    "Total_PnL": -0.0015098081353374301
                }
            },
            "sv_2023-12-29_2024-03-15": {
                "call": {
                    "start_date": "2023-12-29",
                    "strike": 4800.0,
                    "maturity": "2024-03-15",
                    "units": -0.0010722391918110935,
                    "delta_t": 0.4665507734217918,
                    "gamma": 0.0014814147875801017,
                    "vega": 870.927041754934,
                    "tau": 0.21095890410958903,
                    "option_price_t": 92.97,
                    "underlying_price_t": 4783.35
                },
                "put": {
                    "start_date": "2023-12-29",
                    "strike": 4800.0,
                    "maturity": "2024-03-15",
                    "units": -0.0010722391918110935,
                    "delta_t": -0.5334492265782083,
                    "gamma": 0.0014814147875801017,
                    "vega": 870.927041754934,
                    "tau": 0.21095890410958903,
                    "option_price_t": 123.14,
                    "underlying_price_t": 4783.35
                }
            }
        }
    }
}