{
    "spx_strategy": {
        "date": "2023-03-03",
        "index_levels": 102.49652834862457,
        "result": {
            "sv_2023-01-03_2023-03-17": {
                "call": {
                    "start_date": "2023-01-03",
                    "strike": 3800.0,
                    "maturity": "2023-03-17",
                    "units": -0.0011706949942962557,
                    "gamma": 0.0010099575241632086,
                    "vega": 677.9306342529378,
                    "tau": 0.2,
                    "delta_t_1": 0.7157745123440094,
                    "option_price_t_1": 190.85,
                    "underlying_t_1": 3981.35,
                    "Option_PnL": -0.06857931276587467,
                    "Delta_PnL": -0.05387203942854972,
                    "Total_PnL": -0.014707273337324953,
                    "delta_t": 0.7694613099287577,
                    "option_price_t": 249.43,
                    "underlying_price_t": 4045.64
                },
                "put": {
                    "start_date": "2023-01-03",
                    "strike": 3800.0,
                    "maturity": "2023-03-17",
                    "units": -0.0011706949942962557,
                    "gamma": 0.0010099575241632086,
                    "vega": 677.9306342529378,
                    "tau": 0.2,
                    "delta_t_1": -0.28422548765599065,
                    "option_price_t_1": 9.5,
                    "underlying_t_1": 3981.35,
                    "Option_PnL": 0.00668466841743162,
                    "Delta_PnL": 0.02139194175475652,
                    "Total_PnL": -0.014707273337324899,
                    "delta_t": -0.23053869007124228,
                    "option_price_t": 3.79,
                    "underlying_price_t": 4045.64
                }
            },
            "sv_2023-01-04_2023-03-17": {
                "call": {
                    "start_date": "2023-01-04",
                    "strike": 3800.0,
                    "maturity": "2023-03-17",
                    "units": -0.0011829116042035802,
                    "gamma": 0.0009943942191962733,
                    "vega": 670.9299152806456,
                    "tau": 0.19726027397260273,
                    "delta_t_1": 0.7169044562855728,
                    "option_price_t_1": 190.85,
                    "underlying_t_1": 3981.35,
                    "Option_PnL": -0.06929496177424574,
                    "Delta_PnL": -0.05452014446263874,
                    "Total_PnL": -0.014774817311607,
                    "delta_t": 0.770820110687027,
                    "option_price_t": 249.43,
                    "underlying_price_t": 4045.64
                },
                "put": {
                    "start_date": "2023-01-04",
                    "strike": 3800.0,
                    "maturity": "2023-03-17",
                    "units": -0.0011829116042035802,
                    "gamma": 0.0009943942191962733,
                    "vega": 670.9299152806456,
                    "tau": 0.19726027397260273,
                    "delta_t_1": -0.28309554371442724,
                    "option_price_t_1": 9.5,
                    "underlying_t_1": 3981.35,
                    "Option_PnL": 0.006754425260002443,
                    "Delta_PnL": 0.02152924257160939,
                    "Total_PnL": -0.014774817311606946,
                    "delta_t": -0.22917988931297295,
                    "option_price_t": 3.79,
                    "underlying_price_t": 4045.64
                }
            },
            "sv_2023-01-05_2023-03-17": {
                "call": {
                    "start_date": "2023-01-05",
                    "strike": 3850.0,
                    "maturity": "2023-03-17",
                    "units": -0.0011862663376705277,
                    "gamma": 0.0010188293984481002,
                    "vega": 669.0187904531579,
                    "tau": 0.19452054794520549,
                    "delta_t_1": 0.6655006910495525,
                    "option_price_t_1": 149.11,
                    "underlying_t_1": 3981.35,
                    "Option_PnL": -0.06458033942278352,
                    "Delta_PnL": -0.05075445202883935,
                    "Total_PnL": -0.013825887393944164,
                    "delta_t": 0.7256582175896067,
                    "option_price_t": 203.55,
                    "underlying_price_t": 4045.64
                },
                "put": {
                    "start_date": "2023-01-05",
                    "strike": 3850.0,
                    "maturity": "2023-03-17",
                    "units": -0.0011862663376705277,
                    "gamma": 0.0010188293984481002,
                    "vega": 669.0187904531579,
                    "tau": 0.19452054794520549,
                    "delta_t_1": -0.33449930895044755,
                    "option_price_t_1": 17.76,
                    "underlying_t_1": 3981.35,
                    "Option_PnL": 0.0116847234260547,
                    "Delta_PnL": 0.025510610819998822,
                    "Total_PnL": -0.013825887393944122,
                    "delta_t": -0.2743417824103933,
                    "option_price_t": 7.91,
                    "underlying_price_t": 4045.64
                }
            },
            "sv_2023-01-06_2023-03-17": {
                "call": {
                    "start_date": "2023-01-06",
                    "strike": 3800.0,
                    "maturity": "2023-03-17",
                    "units": -0.00121476018511801,
                    "gamma": 0.0009332841262262017,
                    "vega": 652.9821696419161,
                    "tau": 0.1917808219178082,
                    "delta_t_1": 0.7192341168630781,
                    "option_price_t_1": 190.85,
                    "underlying_t_1": 3981.35,
                    "Option_PnL": -0.07116065164421304,
                    "Delta_PnL": -0.056169978133395665,
                    "Total_PnL": -0.01499067351081737,
                    "delta_t": 0.7736143125183779,
                    "option_price_t": 249.43,
                    "underlying_price_t": 4045.64
                },
                "put": {
                    "start_date": "2023-01-06",
                    "strike": 3800.0,
                    "maturity": "2023-03-17",
                    "units": -0.00121476018511801,
                    "gamma": 0.0009332841262262017,
                    "vega": 652.9821696419161,
                    "tau": 0.1917808219178082,
                    "delta_t_1": -0.28076588313692186,
                    "option_price_t_1": 9.5,
                    "underlying_t_1": 3981.35,
                    "Option_PnL": 0.006936280657023837,
                    "Delta_PnL": 0.021926954167841156,
                    "Total_PnL": -0.014990673510817318,
                    "delta_t": -0.22638568748162213,
                    "option_price_t": 3.79,
                    "underlying_price_t": 4045.64
                }
            },
            "sv_2023-01-09_2023-03-17": {
                "call": {
                    "start_date": "2023-01-09",
                    "strike": 3900.0,
                    "maturity": "2023-03-17",
                    "units": -0.001193703408960335,
                    "gamma": 0.0009987444684788872,
                    "vega": 664.9186038325093,
                    "tau": 0.18356164383561643,
                    "delta_t_1": 0.6124056054401948,
                    "option_price_t_1": 111.99,
                    "underlying_t_1": 3981.35,
                    "Option_PnL": -0.05821691525499553,
                    "Delta_PnL": -0.04699796105941951,
                    "Total_PnL": -0.011218954195576024,
                    "delta_t": 0.679404423482506,
                    "option_price_t": 160.76,
                    "underlying_price_t": 4045.64
                },
                "put": {
                    "start_date": "2023-01-09",
                    "strike": 3900.0,
                    "maturity": "2023-03-17",
                    "units": -0.001193703408960335,
                    "gamma": 0.0009987444684788872,
                    "vega": 664.9186038325093,
                    "tau": 0.18356164383561643,
                    "delta_t_1": -0.38759439455980516,
                    "option_price_t_1": 30.64,
                    "underlying_t_1": 3981.35,
                    "Option_PnL": 0.0185262769070644,
                    "Delta_PnL": 0.02974523110264039,
                    "Total_PnL": -0.01121895419557599,
                    "delta_t": -0.32059557651749404,
                    "option_price_t": 15.12,
                    "underlying_price_t": 4045.64
                }
            },
            "sv_2023-01-10_2023-03-17": {
                "call": {
                    "start_date": "2023-01-10",
                    "strike": 3900.0,
                    "maturity": "2023-03-17",
                    "units": -0.0011996661731896732,
                    "gamma": 0.0009892370182247206,
                    "vega": 661.6039810361614,
                    "tau": 0.18082191780821918,
                    "delta_t_1": 0.6129865062719787,
                    "option_price_t_1": 111.99,
                    "underlying_t_1": 3981.35,
                    "Option_PnL": -0.058507719266460353,
                    "Delta_PnL": -0.04727752723765446,
                    "Total_PnL": -0.011230192028805895,
                    "delta_t": 0.680429112213798,
                    "option_price_t": 160.76,
                    "underlying_price_t": 4045.64
                },
                "put": {
                    "start_date": "2023-01-10",
                    "strike": 3900.0,
                    "maturity": "2023-03-17",
                    "units": -0.0011996661731896732,
                    "gamma": 0.0009892370182247206,
                    "vega": 661.6039810361614,
                    "tau": 0.18082191780821918,
                    "delta_t_1": -0.3870134937280213,
                    "option_price_t_1": 30.64,
                    "underlying_t_1": 3981.35,
                    "Option_PnL": 0.018618819007903728,
                    "Delta_PnL": 0.02984901103670958,
                    "Total_PnL": -0.011230192028805853,
                    "delta_t": -0.319570887786202,
                    "option_price_t": 15.12,
                    "underlying_price_t": 4045.64
                }
            },
            "sv_2023-01-11_2023-03-17": {
                "call": {
                    "start_date": "2023-01-11",
                    "strike": 3900.0,
                    "maturity": "2023-03-17",
                    "units": -0.0012183786420095532,
                    "gamma": 0.0009690189394521468,
                    "vega": 651.5134441641604,
                    "tau": 0.1780821917808219,
                    "delta_t_1": 0.6135823718073673,
                    "option_price_t_1": 111.99,
                    "underlying_t_1": 3981.35,
                    "Option_PnL": -0.0594203263708059,
                    "Delta_PnL": -0.04806163898362213,
                    "Total_PnL": -0.01135868738718377,
                    "delta_t": 0.6814777179685585,
                    "option_price_t": 160.76,
                    "underlying_price_t": 4045.64
                },
                "put": {
                    "start_date": "2023-01-11",
                    "strike": 3900.0,
                    "maturity": "2023-03-17",
                    "units": -0.0012183786420095532,
                    "gamma": 0.0009690189394521468,
                    "vega": 651.5134441641604,
                    "tau": 0.1780821917808219,
                    "delta_t_1": -0.3864176281926327,
                    "option_price_t_1": 30.64,
                    "underlying_t_1": 3981.35,
                    "Option_PnL": 0.018909236523988265,
                    "Delta_PnL": 0.030267923911171998,
                    "Total_PnL": -0.011358687387183732,
                    "delta_t": -0.3185222820314415,
                    "option_price_t": 15.12,
                    "underlying_price_t": 4045.64
                }
            },
            "sv_2023-01-12_2023-03-17": {
                "call": {
                    "start_date": "2023-01-12",
                    "strike": 3950.0,
                    "maturity": "2023-03-17",
                    "units": -0.0012039443066619126,
                    "gamma": 0.0009887498434299094,
                    "vega": 659.4971163679724,
                    "tau": 0.17534246575342466,
                    "delta_t_1": 0.5543879919772307,
                    "option_price_t_1": 80.46,
                    "underlying_t_1": 3981.35,
                    "Option_PnL": -0.050288753689268106,
                    "Delta_PnL": -0.04291050622117445,
                    "Total_PnL": -0.0073782474680936586,
                    "delta_t": 0.6272518221138034,
                    "option_price_t": 122.23,
                    "underlying_price_t": 4045.64
                },
                "put": {
                    "start_date": "2023-01-12",
                    "strike": 3950.0,
                    "maturity": "2023-03-17",
                    "units": -0.0012039443066619126,
                    "gamma": 0.0009887498434299094,
                    "vega": 659.4971163679724,
                    "tau": 0.17534246575342466,
                    "delta_t_1": -0.44561200802276935,
                    "option_price_t_1": 49.11,
                    "underlying_t_1": 3981.35,
                    "Option_PnL": 0.027112825786026272,
                    "Delta_PnL": 0.03449107325411987,
                    "Total_PnL": -0.007378247468093596,
                    "delta_t": -0.37274817788619663,
                    "option_price_t": 26.59,
                    "underlying_price_t": 4045.64
                }
            },
            "sv_2023-01-13_2023-03-17": {
                "call": {
                    "start_date": "2023-01-13",
                    "strike": 4000.0,
                    "maturity": "2023-03-17",
                    "units": -0.001202194647178097,
                    "gamma": 0.0010978668460731751,
                    "vega": 662.2099943414132,
                    "tau": 0.1726027397260274,
                    "delta_t_1": 0.4937787722840818,
                    "option_price_t_1": 55.06,
                    "underlying_t_1": 3981.35,
                    "Option_PnL": -0.040850574111111745,
                    "Delta_PnL": -0.03816371388063582,
                    "Total_PnL": -0.0026868602304759223,
                    "delta_t": 0.5702214028903914,
                    "option_price_t": 89.04,
                    "underlying_price_t": 4045.64
                },
                "put": {
                    "start_date": "2023-01-13",
                    "strike": 4000.0,
                    "maturity": "2023-03-17",
                    "units": -0.001202194647178097,
                    "gamma": 0.0010978668460731751,
                    "vega": 662.2099943414132,
                    "tau": 0.1726027397260274,
                    "delta_t_1": -0.5062212277159182,
                    "option_price_t_1": 73.71,
                    "underlying_t_1": 3981.35,
                    "Option_PnL": 0.03643851975596812,
                    "Delta_PnL": 0.039125379986443984,
                    "Total_PnL": -0.002686860230475867,
                    "delta_t": -0.42977859710960864,
                    "option_price_t": 43.4,
                    "underlying_price_t": 4045.64
                }
            },
            "sv_2023-01-17_2023-03-17": {
                "call": {
                    "start_date": "2023-01-17",
                    "strike": 4000.0,
                    "maturity": "2023-03-17",
                    "units": -0.0012450181456742093,
                    "gamma": 0.0011374127722815056,
                    "vega": 640.0237031899858,
                    "tau": 0.16164383561643836,
                    "delta_t_1": 0.49249401401680326,
                    "option_price_t_1": 55.06,
                    "underlying_t_1": 3981.35,
                    "Option_PnL": -0.04230571659000964,
                    "Delta_PnL": -0.03942031253694346,
                    "Total_PnL": -0.0028854040530661776,
                    "delta_t": 0.5714543641450114,
                    "option_price_t": 89.04,
                    "underlying_price_t": 4045.64
                },
                "put": {
                    "start_date": "2023-01-17",
                    "strike": 4000.0,
                    "maturity": "2023-03-17",
                    "units": -0.0012450181456742093,
                    "gamma": 0.0011374127722815056,
                    "vega": 640.0237031899858,
                    "tau": 0.16164383561643836,
                    "delta_t_1": -0.5075059859831967,
                    "option_price_t_1": 73.71,
                    "underlying_t_1": 3981.35,
                    "Option_PnL": 0.03773649999538528,
                    "Delta_PnL": 0.04062190404845141,
                    "Total_PnL": -0.002885404053066129,
                    "delta_t": -0.4285456358549886,
                    "option_price_t": 43.4,
                    "underlying_price_t": 4045.64
                }
            },
            "sv_2023-01-18_2023-03-17": {
                "call": {
                    "start_date": "2023-01-18",
                    "strike": 4000.0,
                    "maturity": "2023-03-17",
                    "units": -0.0012899492863637223,
                    "gamma": 0.0011245145610000536,
                    "vega": 617.191688983079,
                    "tau": 0.1589041095890411,
                    "delta_t_1": 0.49215795246194566,
                    "option_price_t_1": 55.06,
                    "underlying_t_1": 3981.35,
                    "Option_PnL": -0.04383247675063929,
                    "Delta_PnL": -0.04081507222348849,
                    "Total_PnL": -0.0030174045271507965,
                    "delta_t": 0.571787989245865,
                    "option_price_t": 89.04,
                    "underlying_price_t": 4045.64
                },
                "put": {
                    "start_date": "2023-01-18",
                    "strike": 4000.0,
                    "maturity": "2023-03-17",
                    "units": -0.0012899492863637223,
                    "gamma": 0.0011245145610000536,
                    "vega": 617.191688983079,
                    "tau": 0.1589041095890411,
                    "delta_t_1": -0.5078420475380543,
                    "option_price_t_1": 73.71,
                    "underlying_t_1": 3981.35,
                    "Option_PnL": 0.03909836286968442,
                    "Delta_PnL": 0.04211576739683517,
                    "Total_PnL": -0.003017404527150748,
                    "delta_t": -0.42821201075413495,
                    "option_price_t": 43.4,
                    "underlying_price_t": 4045.64
                }
            },
            "sv_2023-01-19_2023-03-17": {
                "call": {
                    "start_date": "2023-01-19",
                    "strike": 3950.0,
                    "maturity": "2023-03-17",
                    "units": -0.0013045018189479763,
                    "gamma": 0.0011816225389288109,
                    "vega": 611.065820540955,
                    "tau": 0.15616438356164383,
                    "delta_t_1": 0.5557098708158246,
                    "option_price_t_1": 80.46,
                    "underlying_t_1": 3981.35,
                    "Option_PnL": -0.054489040977456986,
                    "Delta_PnL": -0.04660539850215472,
                    "Total_PnL": -0.007883642475302266,
                    "delta_t": 0.6327042546128879,
                    "option_price_t": 122.23,
                    "underlying_price_t": 4045.64
                },
                "put": {
                    "start_date": "2023-01-19",
                    "strike": 3950.0,
                    "maturity": "2023-03-17",
                    "units": -0.0013045018189479763,
                    "gamma": 0.0011816225389288109,
                    "vega": 611.065820540955,
                    "tau": 0.15616438356164383,
                    "delta_t_1": -0.44429012918417543,
                    "option_price_t_1": 49.11,
                    "underlying_t_1": 3981.35,
                    "Option_PnL": 0.029377380962708425,
                    "Delta_PnL": 0.037261023438010625,
                    "Total_PnL": -0.0078836424753022,
                    "delta_t": -0.36729574538711207,
                    "option_price_t": 26.59,
                    "underlying_price_t": 4045.64
                }
            },
            "sv_2023-01-20_2023-03-17": {
                "call": {
                    "start_date": "2023-01-20",
                    "strike": 3900.0,
                    "maturity": "2023-03-17",
                    "units": -0.0013251828390603998,
                    "gamma": 0.001119106081690237,
                    "vega": 600.7883166601819,
                    "tau": 0.15342465753424658,
                    "delta_t_1": 0.6197267515633402,
                    "option_price_t_1": 111.99,
                    "underlying_t_1": 3981.35,
                    "Option_PnL": -0.0646291670609757,
                    "Delta_PnL": -0.05279824325327942,
                    "Total_PnL": -0.011830923807696278,
                    "delta_t": 0.6921541638918457,
                    "option_price_t": 160.76,
                    "underlying_price_t": 4045.64
                },
                "put": {
                    "start_date": "2023-01-20",
                    "strike": 3900.0,
                    "maturity": "2023-03-17",
                    "units": -0.0013251828390603998,
                    "gamma": 0.001119106081690237,
                    "vega": 600.7883166601819,
                    "tau": 0.15342465753424658,
                    "delta_t_1": -0.38027324843665977,
                    "option_price_t_1": 30.64,
                    "underlying_t_1": 3981.35,
                    "Option_PnL": 0.020566837662217407,
                    "Delta_PnL": 0.03239776146991363,
                    "Total_PnL": -0.011830923807696226,
                    "delta_t": -0.3078458361081543,
                    "option_price_t": 15.12,
                    "underlying_price_t": 4045.64
                }
            },
            "sv_2023-01-23_2023-04-28": {
                "call": {
                    "start_date": "2023-01-23",
                    "strike": 3950.0,
                    "maturity": "2023-04-28",
                    "units": -0.000995156163567833,
                    "gamma": 0.0008471025015207614,
                    "vega": 800.2744880395427,
                    "tau": 0.2602739726027397,
                    "delta_t_1": 0.5512193085898571,
                    "option_price_t_1": 140.17,
                    "underlying_t_1": 3981.35,
                    "Option_PnL": -0.03961716687163543,
                    "Delta_PnL": -0.03526623400973293,
                    "Total_PnL": -0.0043509328619025026,
                    "delta_t": 0.6115132132633538,
                    "option_price_t": 179.98,
                    "underlying_price_t": 4045.64
                },
                "put": {
                    "start_date": "2023-01-23",
                    "strike": 3950.0,
                    "maturity": "2023-04-28",
                    "units": -0.000995156163567833,
                    "gamma": 0.0008471025015207614,
                    "vega": 800.2744880395427,
                    "tau": 0.2602739726027397,
                    "delta_t_1": -0.4487806914101429,
                    "option_price_t_1": 108.82,
                    "underlying_t_1": 3981.35,
                    "Option_PnL": 0.02436142288414054,
                    "Delta_PnL": 0.02871235574604301,
                    "Total_PnL": -0.004350932861902471,
                    "delta_t": -0.38848678673664616,
                    "option_price_t": 84.34,
                    "underlying_price_t": 4045.64
                }
            },
            "sv_2023-01-24_2023-04-28": {
                "call": {
                    "start_date": "2023-01-24",
                    "strike": 4000.0,
                    "maturity": "2023-04-28",
                    "units": -0.0009842937544868996,
                    "gamma": 0.0008716139049131928,
                    "vega": 809.665143828125,
                    "tau": 0.25753424657534246,
                    "delta_t_1": 0.5015225262972036,
                    "option_price_t_1": 115.55,
                    "underlying_t_1": 3981.35,
                    "Option_PnL": -0.03524755934817589,
                    "Delta_PnL": -0.03173646857581203,
                    "Total_PnL": -0.003511090772363862,
                    "delta_t": 0.5642663482247091,
                    "option_price_t": 151.36,
                    "underlying_price_t": 4045.64
                },
                "put": {
                    "start_date": "2023-01-24",
                    "strike": 4000.0,
                    "maturity": "2023-04-28",
                    "units": -0.0009842937544868996,
                    "gamma": 0.0008716139049131928,
                    "vega": 809.665143828125,
                    "tau": 0.25753424657534246,
                    "delta_t_1": -0.4984774737027964,
                    "option_price_t_1": 134.2,
                    "underlying_t_1": 3981.35,
                    "Option_PnL": 0.02803268612778689,
                    "Delta_PnL": 0.03154377690015071,
                    "Total_PnL": -0.0035110907723638236,
                    "delta_t": -0.4357336517752909,
                    "option_price_t": 105.72,
                    "underlying_price_t": 4045.64
                }
            },
            "sv_2023-01-25_2023-04-28": {
                "call": {
                    "start_date": "2023-01-25",
                    "strike": 4000.0,
                    "maturity": "2023-04-28",
                    "units": -0.0009902947717349397,
                    "gamma": 0.0008824650444362631,
                    "vega": 805.3390782102688,
                    "tau": 0.2547945205479452,
                    "delta_t_1": 0.5013161328734349,
                    "option_price_t_1": 115.55,
                    "underlying_t_1": 3981.35,
                    "Option_PnL": -0.035462455775828204,
                    "Delta_PnL": -0.03191681841989777,
                    "Total_PnL": -0.0035456373559304352,
                    "delta_t": 0.5643915943168796,
                    "option_price_t": 151.36,
                    "underlying_price_t": 4045.64
                },
                "put": {
                    "start_date": "2023-01-25",
                    "strike": 4000.0,
                    "maturity": "2023-04-28",
                    "units": -0.0009902947717349397,
                    "gamma": 0.0008824650444362631,
                    "vega": 805.3390782102688,
                    "tau": 0.2547945205479452,
                    "delta_t_1": -0.4986838671265651,
                    "option_price_t_1": 134.2,
                    "underlying_t_1": 3981.35,
                    "Option_PnL": 0.02820359509901107,
                    "Delta_PnL": 0.03174923245494146,
                    "Total_PnL": -0.00354563735593039,
                    "delta_t": -0.4356084056831204,
                    "option_price_t": 105.72,
                    "underlying_price_t": 4045.64
                }
            },
            "sv_2023-01-26_2023-04-28": {
                "call": {
                    "start_date": "2023-01-26",
                    "strike": 4000.0,
                    "maturity": "2023-04-28",
                    "units": -0.0009989236238980162,
                    "gamma": 0.0008726735640550211,
                    "vega": 798.5745093049918,
                    "tau": 0.25205479452054796,
                    "delta_t_1": 0.5011075459971815,
                    "option_price_t_1": 115.55,
                    "underlying_t_1": 3981.35,
                    "Option_PnL": -0.03577145497178798,
                    "Delta_PnL": -0.0321815273799343,
                    "Total_PnL": -0.003589927591853677,
                    "delta_t": 0.5645200428623725,
                    "option_price_t": 151.36,
                    "underlying_price_t": 4045.64
                },
                "put": {
                    "start_date": "2023-01-26",
                    "strike": 4000.0,
                    "maturity": "2023-04-28",
                    "units": -0.0009989236238980162,
                    "gamma": 0.0008726735640550211,
                    "vega": 798.5745093049918,
                    "tau": 0.25205479452054796,
                    "delta_t_1": -0.49889245400281845,
                    "option_price_t_1": 134.2,
                    "underlying_t_1": 3981.35,
                    "Option_PnL": 0.028449344808615492,
                    "Delta_PnL": 0.03203927240046913,
                    "Total_PnL": -0.0035899275918536387,
                    "delta_t": -0.43547995713762755,
                    "option_price_t": 105.72,
                    "underlying_price_t": 4045.64
                }
            },
            "sv_2023-01-27_2023-04-28": {
                "call": {
                    "start_date": "2023-01-27",
                    "strike": 4050.0,
                    "maturity": "2023-04-28",
                    "units": -0.0009894685346989586,
                    "gamma": 0.0008909215131597066,
                    "vega": 806.721856102033,
                    "tau": 0.2493150684931507,
                    "delta_t_1": 0.4509378548924053,
                    "option_price_t_1": 94.08,
                    "underlying_t_1": 3981.35,
                    "Option_PnL": -0.031445310032732904,
                    "Delta_PnL": -0.02868547914269449,
                    "Total_PnL": -0.0027598308900384123,
                    "delta_t": 0.5159102289494926,
                    "option_price_t": 125.86,
                    "underlying_price_t": 4045.64
                },
                "put": {
                    "start_date": "2023-01-27",
                    "strike": 4050.0,
                    "maturity": "2023-04-28",
                    "units": -0.0009894685346989586,
                    "gamma": 0.0008909215131597066,
                    "vega": 806.721856102033,
                    "tau": 0.2493150684931507,
                    "delta_t_1": -0.5490621451075948,
                    "option_price_t_1": 162.73,
                    "underlying_t_1": 3981.35,
                    "Option_PnL": 0.03216762206306313,
                    "Delta_PnL": 0.03492745295310152,
                    "Total_PnL": -0.002759830890038388,
                    "delta_t": -0.48408977105050743,
                    "option_price_t": 130.22,
                    "underlying_price_t": 4045.64
                }
            },
            "sv_2023-01-30_2023-04-28": {
                "call": {
                    "start_date": "2023-01-30",
                    "strike": 4050.0,
                    "maturity": "2023-04-28",
                    "units": -0.0010148182168233173,
                    "gamma": 0.0009086973304018468,
                    "vega": 786.8929893530313,
                    "tau": 0.2410958904109589,
                    "delta_t_1": 0.4494564166801055,
                    "option_price_t_1": 94.08,
                    "underlying_t_1": 3981.35,
                    "Option_PnL": -0.03225092293064503,
                    "Delta_PnL": -0.029323733598367926,
                    "Total_PnL": -0.002927189332277102,
                    "delta_t": 0.5155035201329067,
                    "option_price_t": 125.86,
                    "underlying_price_t": 4045.64
                },
                "put": {
                    "start_date": "2023-01-30",
                    "strike": 4050.0,
                    "maturity": "2023-04-28",
                    "units": -0.0010148182168233173,
                    "gamma": 0.0009086973304018468,
                    "vega": 786.8929893530313,
                    "tau": 0.2410958904109589,
                    "delta_t_1": -0.5505435833198945,
                    "option_price_t_1": 162.73,
                    "underlying_t_1": 3981.35,
                    "Option_PnL": 0.032991740228926036,
                    "Delta_PnL": 0.03591892956120311,
                    "Total_PnL": -0.0029271893322770706,
                    "delta_t": -0.4844964798670933,
                    "option_price_t": 130.22,
                    "underlying_price_t": 4045.64
                }
            },
            "sv_2023-01-31_2023-04-28": {
                "call": {
                    "start_date": "2023-01-31",
                    "strike": 4000.0,
                    "maturity": "2023-04-28",
                    "units": -0.0010364952942840287,
                    "gamma": 0.0009267054423775998,
                    "vega": 772.185695739357,
                    "tau": 0.23835616438356164,
                    "delta_t_1": 0.5000297603331801,
                    "option_price_t_1": 115.55,
                    "underlying_t_1": 3981.35,
                    "Option_PnL": -0.03711689648831108,
                    "Delta_PnL": -0.03332012435272826,
                    "Total_PnL": -0.0037967721355828196,
                    "delta_t": 0.565213740476519,
                    "option_price_t": 151.36,
                    "underlying_price_t": 4045.64
                },
                "put": {
                    "start_date": "2023-01-31",
                    "strike": 4000.0,
                    "maturity": "2023-04-28",
                    "units": -0.0010364952942840287,
                    "gamma": 0.0009267054423775998,
                    "vega": 772.185695739357,
                    "tau": 0.23835616438356164,
                    "delta_t_1": -0.49997023966681986,
                    "option_price_t_1": 134.2,
                    "underlying_t_1": 3981.35,
                    "Option_PnL": 0.029519385981209127,
                    "Delta_PnL": 0.0333161581167919,
                    "Total_PnL": -0.0037967721355827745,
                    "delta_t": -0.43478625952348104,
                    "option_price_t": 105.72,
                    "underlying_price_t": 4045.64
                }
            },
            "sv_2023-02-01_2023-04-28": {
                "call": {
                    "start_date": "2023-02-01",
                    "strike": 4100.0,
                    "maturity": "2023-04-28",
                    "units": -0.0010084265309304073,
                    "gamma": 0.0009555285328083696,
                    "vega": 793.9498189000205,
                    "tau": 0.2356164383561644,
                    "delta_t_1": 0.39852173047075445,
                    "option_price_t_1": 75.65,
                    "underlying_t_1": 3981.35,
                    "Option_PnL": -0.028044341825174613,
                    "Delta_PnL": -0.025836857881162464,
                    "Total_PnL": -0.0022074839440121494,
                    "delta_t": 0.4654649131809798,
                    "option_price_t": 103.46,
                    "underlying_price_t": 4045.64
                },
                "put": {
                    "start_date": "2023-02-01",
                    "strike": 4100.0,
                    "maturity": "2023-04-28",
                    "units": -0.0010084265309304073,
                    "gamma": 0.0009555285328083696,
                    "vega": 793.9498189000205,
                    "tau": 0.2356164383561644,
                    "delta_t_1": -0.6014782695292455,
                    "option_price_t_1": 194.3,
                    "underlying_t_1": 3981.35,
                    "Option_PnL": 0.03678739984834128,
                    "Delta_PnL": 0.038994883792353385,
                    "Total_PnL": -0.0022074839440121077,
                    "delta_t": -0.5345350868190202,
                    "option_price_t": 157.82,
                    "underlying_price_t": 4045.64
                }
            },
            "sv_2023-02-02_2023-04-28": {
                "call": {
                    "start_date": "2023-02-02",
                    "strike": 4100.0,
                    "maturity": "2023-04-28",
                    "units": -0.0010234464405969792,
                    "gamma": 0.0009233734138097844,
                    "vega": 781.4370123267503,
                    "tau": 0.2328767123287671,
                    "delta_t_1": 0.3977226366454613,
                    "option_price_t_1": 75.65,
                    "underlying_t_1": 3981.35,
                    "Option_PnL": -0.02846204551300198,
                    "Delta_PnL": -0.026169104143334836,
                    "Total_PnL": -0.002292941369667144,
                    "delta_t": 0.46503446415771593,
                    "option_price_t": 103.46,
                    "underlying_price_t": 4045.64
                },
                "put": {
                    "start_date": "2023-02-02",
                    "strike": 4100.0,
                    "maturity": "2023-04-28",
                    "units": -0.0010234464405969792,
                    "gamma": 0.0009233734138097844,
                    "vega": 781.4370123267503,
                    "tau": 0.2328767123287671,
                    "delta_t_1": -0.6022773633545386,
                    "option_price_t_1": 194.3,
                    "underlying_t_1": 3981.35,
                    "Option_PnL": 0.03733532615297782,
                    "Delta_PnL": 0.03962826752264491,
                    "Total_PnL": -0.0022929413696670883,
                    "delta_t": -0.534965535842284,
                    "option_price_t": 157.82,
                    "underlying_price_t": 4045.64
                }
            },
            "sv_2023-02-03_2023-04-28": {
                "call": {
                    "start_date": "2023-02-03",
                    "strike": 4200.0,
                    "maturity": "2023-04-28",
                    "units": -0.0010148114360437155,
                    "gamma": 0.0009419176816349397,
                    "vega": 787.8120870043329,
                    "tau": 0.23013698630136986,
                    "delta_t_1": 0.30333924730608947,
                    "option_price_t_1": 47.09,
                    "underlying_t_1": 3981.35,
                    "Option_PnL": -0.02069200518093136,
                    "Delta_PnL": -0.019790528098473644,
                    "Total_PnL": -0.0009014770824577155,
                    "delta_t": 0.36807313010762976,
                    "option_price_t": 67.48,
                    "underlying_price_t": 4045.64
                },
                "put": {
                    "start_date": "2023-02-03",
                    "strike": 4200.0,
                    "maturity": "2023-04-28",
                    "units": -0.0010148114360437155,
                    "gamma": 0.0009419176816349397,
                    "vega": 787.8120870043329,
                    "tau": 0.23013698630136986,
                    "delta_t_1": -0.6966607526939106,
                    "option_price_t_1": 265.74,
                    "underlying_t_1": 3981.35,
                    "Option_PnL": 0.044550222042319114,
                    "Delta_PnL": 0.04545169912477679,
                    "Total_PnL": -0.0009014770824576773,
                    "delta_t": -0.6319268698923702,
                    "option_price_t": 221.84,
                    "underlying_price_t": 4045.64
                }
            },
            "sv_2023-02-06_2023-04-28": {
                "call": {
                    "start_date": "2023-02-06",
                    "strike": 4150.0,
                    "maturity": "2023-04-28",
                    "units": -0.0010383243838795024,
                    "gamma": 0.0009786456851643066,
                    "vega": 771.8103648997543,
                    "tau": 0.2219178082191781,
                    "delta_t_1": 0.34542075485485124,
                    "option_price_t_1": 60.07,
                    "underlying_t_1": 3981.35,
                    "Option_PnL": -0.024899018725430464,
                    "Delta_PnL": -0.023058173767501293,
                    "Total_PnL": -0.0018408449579291712,
                    "delta_t": 0.41319133857158485,
                    "option_price_t": 84.05,
                    "underlying_price_t": 4045.64
                },
                "put": {
                    "start_date": "2023-02-06",
                    "strike": 4150.0,
                    "maturity": "2023-04-28",
                    "units": -0.0010383243838795024,
                    "gamma": 0.0009786456851643066,
                    "vega": 771.8103648997543,
                    "tau": 0.2219178082191781,
                    "delta_t_1": -0.6545792451451488,
                    "option_price_t_1": 228.72,
                    "underlying_t_1": 3981.35,
                    "Option_PnL": 0.04185485591418275,
                    "Delta_PnL": 0.04369570087211188,
                    "Total_PnL": -0.001840844957929133,
                    "delta_t": -0.5868086614284151,
                    "option_price_t": 188.41,
                    "underlying_price_t": 4045.64
                }
            },
            "sv_2023-02-07_2023-04-28": {
                "call": {
                    "start_date": "2023-02-07",
                    "strike": 4100.0,
                    "maturity": "2023-04-28",
                    "units": -0.0010534231845767158,
                    "gamma": 0.000973704994322613,
                    "vega": 760.9067319470277,
                    "tau": 0.2191780821917808,
                    "delta_t_1": 0.393532335461932,
                    "option_price_t_1": 75.65,
                    "underlying_t_1": 3981.35,
                    "Option_PnL": -0.029295698763078457,
                    "Delta_PnL": -0.026651810772554425,
                    "Total_PnL": -0.002643887990524032,
                    "delta_t": 0.4627845302216521,
                    "option_price_t": 103.46,
                    "underlying_price_t": 4045.64
                },
                "put": {
                    "start_date": "2023-02-07",
                    "strike": 4100.0,
                    "maturity": "2023-04-28",
                    "units": -0.0010534231845767158,
                    "gamma": 0.000973704994322613,
                    "vega": 760.9067319470277,
                    "tau": 0.2191780821917808,
                    "delta_t_1": -0.606467664538068,
                    "option_price_t_1": 194.3,
                    "underlying_t_1": 3981.35,
                    "Option_PnL": 0.03842887777335861,
                    "Delta_PnL": 0.0410727657638826,
                    "Total_PnL": -0.0026438879905239868,
                    "delta_t": -0.5372154697783479,
                    "option_price_t": 157.82,
                    "underlying_price_t": 4045.64
                }
            },
            "sv_2023-02-08_2023-04-28": {
                "call": {
                    "start_date": "2023-02-08",
                    "strike": 4150.0,
                    "maturity": "2023-04-28",
                    "units": -0.0010488368087215813,
                    "gamma": 0.0009901516671293282,
                    "vega": 763.9157401212572,
                    "tau": 0.21643835616438356,
                    "delta_t_1": 0.34314927897848224,
                    "option_price_t_1": 60.07,
                    "underlying_t_1": 3981.35,
                    "Option_PnL": -0.025151106673143516,
                    "Delta_PnL": -0.023138459261906656,
                    "Total_PnL": -0.00201264741123686,
                    "delta_t": 0.4116530800421625,
                    "option_price_t": 84.05,
                    "underlying_price_t": 4045.64
                },
                "put": {
                    "start_date": "2023-02-08",
                    "strike": 4150.0,
                    "maturity": "2023-04-28",
                    "units": -0.0010488368087215813,
                    "gamma": 0.0009901516671293282,
                    "vega": 763.9157401212572,
                    "tau": 0.21643835616438356,
                    "delta_t_1": -0.6568507210215178,
                    "option_price_t_1": 228.72,
                    "underlying_t_1": 3981.35,
                    "Option_PnL": 0.042278611759566945,
                    "Delta_PnL": 0.044291259170803766,
                    "Total_PnL": -0.0020126474112368217,
                    "delta_t": -0.5883469199578375,
                    "option_price_t": 188.41,
                    "underlying_price_t": 4045.64
                }
            },
            "sv_2023-02-09_2023-04-28": {
                "call": {
                    "start_date": "2023-02-09",
                    "strike": 4100.0,
                    "maturity": "2023-04-28",
                    "units": -0.0010646614005156213,
                    "gamma": 0.0009957966334261542,
                    "vega": 752.7118887141663,
                    "tau": 0.2136986301369863,
                    "delta_t_1": 0.3917580086154593,
                    "option_price_t_1": 75.65,
                    "underlying_t_1": 3981.35,
                    "Option_PnL": -0.029608233548339413,
                    "Delta_PnL": -0.026814692320141276,
                    "Total_PnL": -0.0027935412281981375,
                    "delta_t": 0.461835298803365,
                    "option_price_t": 103.46,
                    "underlying_price_t": 4045.64
                },
                "put": {
                    "start_date": "2023-02-09",
                    "strike": 4100.0,
                    "maturity": "2023-04-28",
                    "units": -0.0010646614005156213,
                    "gamma": 0.0009957966334261542,
                    "vega": 752.7118887141663,
                    "tau": 0.2136986301369863,
                    "delta_t_1": -0.6082419913845407,
                    "option_price_t_1": 194.3,
                    "underlying_t_1": 3981.35,
                    "Option_PnL": 0.03883884789080988,
                    "Delta_PnL": 0.041632389119007976,
                    "Total_PnL": -0.002793541228198096,
                    "delta_t": -0.5381647011966351,
                    "option_price_t": 157.82,
                    "underlying_price_t": 4045.64
                }
            },
            "sv_2023-02-10_2023-04-28": {
                "call": {
                    "start_date": "2023-02-10",
                    "strike": 4100.0,
                    "maturity": "2023-04-28",
                    "units": -0.0010718604441399362,
                    "gamma": 0.001025640792607014,
                    "vega": 749.3176913185073,
                    "tau": 0.21095890410958903,
                    "delta_t_1": 0.39084808833277707,
                    "option_price_t_1": 75.65,
                    "underlying_t_1": 3981.35,
                    "Option_PnL": -0.029808438951531614,
                    "Delta_PnL": -0.02693330579091334,
                    "Total_PnL": -0.002875133160618274,
                    "delta_t": 0.46134926364685785,
                    "option_price_t": 103.46,
                    "underlying_price_t": 4045.64
                },
                "put": {
                    "start_date": "2023-02-10",
                    "strike": 4100.0,
                    "maturity": "2023-04-28",
                    "units": -0.0010718604441399362,
                    "gamma": 0.001025640792607014,
                    "vega": 749.3176913185073,
                    "tau": 0.21095890410958903,
                    "delta_t_1": -0.6091519116672229,
                    "option_price_t_1": 194.3,
                    "underlying_t_1": 3981.35,
                    "Option_PnL": 0.039101469002224894,
                    "Delta_PnL": 0.041976602162843116,
                    "Total_PnL": -0.002875133160618222,
                    "delta_t": -0.5386507363531421,
                    "option_price_t": 157.82,
                    "underlying_price_t": 4045.64
                }
            },
            "sv_2023-02-13_2023-04-28": {
                "call": {
                    "start_date": "2023-02-13",
                    "strike": 4100.0,
                    "maturity": "2023-04-28",
                    "units": -0.0010936705632446347,
                    "gamma": 0.001042488184068085,
                    "vega": 735.4445819524359,
                    "tau": 0.20273972602739726,
                    "delta_t_1": 0.38802152909126275,
                    "option_price_t_1": 75.65,
                    "underlying_t_1": 3981.35,
                    "Option_PnL": -0.030414978363833278,
                    "Delta_PnL": -0.027282600993465234,
                    "Total_PnL": -0.003132377370368044,
                    "delta_t": 0.4598425618675728,
                    "option_price_t": 103.46,
                    "underlying_price_t": 4045.64
                },
                "put": {
                    "start_date": "2023-02-13",
                    "strike": 4100.0,
                    "maturity": "2023-04-28",
                    "units": -0.0010936705632446347,
                    "gamma": 0.001042488184068085,
                    "vega": 735.4445819524359,
                    "tau": 0.20273972602739726,
                    "delta_t_1": -0.6119784709087372,
                    "option_price_t_1": 194.3,
                    "underlying_t_1": 3981.35,
                    "Option_PnL": 0.03989710214716429,
                    "Delta_PnL": 0.04302947951753229,
                    "Total_PnL": -0.003132377370367999,
                    "delta_t": -0.5401574381324272,
                    "option_price_t": 157.82,
                    "underlying_price_t": 4045.64
                }
            },
            "sv_2023-02-14_2023-04-28": {
                "call": {
                    "start_date": "2023-02-14",
                    "strike": 4150.0,
                    "maturity": "2023-04-28",
                    "units": -0.00109094463992268,
                    "gamma": 0.001063339688788734,
                    "vega": 737.9106226881026,
                    "tau": 0.2,
                    "delta_t_1": 0.33585739903060763,
                    "option_price_t_1": 60.07,
                    "underlying_t_1": 3981.35,
                    "Option_PnL": -0.026160852465345864,
                    "Delta_PnL": -0.02355597360253483,
                    "Total_PnL": -0.002604878862811036,
                    "delta_t": 0.4067120690139271,
                    "option_price_t": 84.05,
                    "underlying_price_t": 4045.64
                },
                "put": {
                    "start_date": "2023-02-14",
                    "strike": 4150.0,
                    "maturity": "2023-04-28",
                    "units": -0.00109094463992268,
                    "gamma": 0.001063339688788734,
                    "vega": 737.9106226881026,
                    "tau": 0.2,
                    "delta_t_1": -0.6641426009693924,
                    "option_price_t_1": 228.72,
                    "underlying_t_1": 3981.35,
                    "Option_PnL": 0.04397597843528324,
                    "Delta_PnL": 0.04658085729809424,
                    "Total_PnL": -0.002604878862811001,
                    "delta_t": -0.5932879309860729,
                    "option_price_t": 188.41,
                    "underlying_price_t": 4045.64
                }
            },
            "sv_2023-02-15_2023-04-28": {
                "call": {
                    "start_date": "2023-02-15",
                    "strike": 4150.0,
                    "maturity": "2023-04-28",
                    "units": -0.0010969756764189933,
                    "gamma": 0.0010731639231777491,
                    "vega": 734.35801905153,
                    "tau": 0.19726027397260273,
                    "delta_t_1": 0.33456590997325186,
                    "option_price_t_1": 60.07,
                    "underlying_t_1": 3981.35,
                    "Option_PnL": -0.02630547672052746,
                    "Delta_PnL": -0.0235951156785431,
                    "Total_PnL": -0.0027103610419843584,
                    "delta_t": 0.4058363220220794,
                    "option_price_t": 84.05,
                    "underlying_price_t": 4045.64
                },
                "put": {
                    "start_date": "2023-02-15",
                    "strike": 4150.0,
                    "maturity": "2023-04-28",
                    "units": -0.0010969756764189933,
                    "gamma": 0.0010731639231777491,
                    "vega": 734.35801905153,
                    "tau": 0.19726027397260273,
                    "delta_t_1": -0.6654340900267481,
                    "option_price_t_1": 228.72,
                    "underlying_t_1": 3981.35,
                    "Option_PnL": 0.04421908951644962,
                    "Delta_PnL": 0.04692945055843394,
                    "Total_PnL": -0.00271036104198432,
                    "delta_t": -0.5941636779779206,
                    "option_price_t": 188.41,
                    "underlying_price_t": 4045.64
                }
            },
            "sv_2023-02-16_2023-04-28": {
                "call": {
                    "start_date": "2023-02-16",
                    "strike": 4150.0,
                    "maturity": "2023-04-28",
                    "units": -0.0011249981990118852,
                    "gamma": 0.0010570206768563157,
                    "vega": 715.2227695366594,
                    "tau": 0.19452054794520549,
                    "delta_t_1": 0.33325080743031443,
                    "option_price_t_1": 60.07,
                    "underlying_t_1": 3981.35,
                    "Option_PnL": -0.026977456812305005,
                    "Delta_PnL": -0.024102742625286774,
                    "Total_PnL": -0.002874714187018231,
                    "delta_t": 0.40494432229958977,
                    "option_price_t": 84.05,
                    "underlying_price_t": 4045.64
                },
                "put": {
                    "start_date": "2023-02-16",
                    "strike": 4150.0,
                    "maturity": "2023-04-28",
                    "units": -0.0011249981990118852,
                    "gamma": 0.0010570206768563157,
                    "vega": 715.2227695366594,
                    "tau": 0.19452054794520549,
                    "delta_t_1": -0.6667491925696856,
                    "option_price_t_1": 228.72,
                    "underlying_t_1": 3981.35,
                    "Option_PnL": 0.045348677402169094,
                    "Delta_PnL": 0.048223391589187294,
                    "Total_PnL": -0.0028747141870182,
                    "delta_t": -0.5950556777004102,
                    "option_price_t": 188.41,
                    "underlying_price_t": 4045.64
                }
            },
            "sv_2023-02-17_2023-04-28": {
                "call": {
                    "start_date": "2023-02-17",
                    "strike": 4100.0,
                    "maturity": "2023-04-28",
                    "units": -0.00113219677712454,
                    "gamma": 0.0010973432364154297,
                    "vega": 712.5909212793119,
                    "tau": 0.1917808219178082,
                    "delta_t_1": 0.38400684927969814,
                    "option_price_t_1": 75.65,
                    "underlying_t_1": 3981.35,
                    "Option_PnL": -0.03148639237183345,
                    "Delta_PnL": -0.027951447979459254,
                    "Total_PnL": -0.003534944392374194,
                    "delta_t": 0.4577100603124283,
                    "option_price_t": 103.46,
                    "underlying_price_t": 4045.64
                },
                "put": {
                    "start_date": "2023-02-17",
                    "strike": 4100.0,
                    "maturity": "2023-04-28",
                    "units": -0.00113219677712454,
                    "gamma": 0.0010973432364154297,
                    "vega": 712.5909212793119,
                    "tau": 0.1917808219178082,
                    "delta_t_1": -0.6159931507203018,
                    "option_price_t_1": 194.3,
                    "underlying_t_1": 3981.35,
                    "Option_PnL": 0.041302538429503245,
                    "Delta_PnL": 0.04483748282187738,
                    "Total_PnL": -0.0035349443923741314,
                    "delta_t": -0.5422899396875718,
                    "option_price_t": 157.82,
                    "underlying_price_t": 4045.64
                }
            },
            "sv_2023-02-21_2023-05-19": {
                "call": {
                    "start_date": "2023-02-21",
                    "strike": 4100.0,
                    "maturity": "2023-05-19",
                    "units": -0.0010602629873553851,
                    "gamma": 0.0009793440634234512,
                    "vega": 762.5043557007514,
                    "tau": 0.23835616438356164,
                    "delta_t_1": 0.3993086665049023,
                    "option_price_t_1": 95.82,
                    "underlying_t_1": 3981.35,
                    "Option_PnL": -0.03137318179584585,
                    "Delta_PnL": -0.027218598713915857,
                    "Total_PnL": -0.0041545830819299905,
                    "delta_t": 0.4658892675819092,
                    "option_price_t": 125.41,
                    "underlying_price_t": 4045.64
                },
                "put": {
                    "start_date": "2023-02-21",
                    "strike": 4100.0,
                    "maturity": "2023-05-19",
                    "units": -0.0010602629873553851,
                    "gamma": 0.0009793440634234512,
                    "vega": 762.5043557007514,
                    "tau": 0.23835616438356164,
                    "delta_t_1": -0.6006913334950976,
                    "option_price_t_1": 214.47,
                    "underlying_t_1": 3981.35,
                    "Option_PnL": 0.036791125661231855,
                    "Delta_PnL": 0.040945708743161814,
                    "Total_PnL": -0.004154583081929959,
                    "delta_t": -0.5341107324180908,
                    "option_price_t": 179.77,
                    "underlying_price_t": 4045.64
                }
            },
            "sv_2023-02-22_2023-05-19": {
                "call": {
                    "start_date": "2023-02-22",
                    "strike": 4000.0,
                    "maturity": "2023-05-19",
                    "units": -0.0010475623421661356,
                    "gamma": 0.0010065594742075755,
                    "vega": 772.5754275754297,
                    "tau": 0.2356164383561644,
                    "delta_t_1": 0.4998068131471544,
                    "option_price_t_1": 136.67,
                    "underlying_t_1": 3981.35,
                    "Option_PnL": -0.03817317174853401,
                    "Delta_PnL": -0.033660880782690784,
                    "Total_PnL": -0.004512290965843227,
                    "delta_t": 0.5653635112703892,
                    "option_price_t": 173.11,
                    "underlying_price_t": 4045.64
                },
                "put": {
                    "start_date": "2023-02-22",
                    "strike": 4000.0,
                    "maturity": "2023-05-19",
                    "units": -0.0010475623421661356,
                    "gamma": 0.0010065594742075755,
                    "vega": 772.5754275754297,
                    "tau": 0.2356164383561644,
                    "delta_t_1": -0.5001931868528455,
                    "option_price_t_1": 155.32,
                    "underlying_t_1": 3981.35,
                    "Option_PnL": 0.029174611229326873,
                    "Delta_PnL": 0.033686902195170024,
                    "Total_PnL": -0.004512290965843151,
                    "delta_t": -0.4346364887296108,
                    "option_price_t": 127.47,
                    "underlying_price_t": 4045.64
                }
            },
            "sv_2023-02-23_2023-05-19": {
                "call": {
                    "start_date": "2023-02-23",
                    "strike": 4000.0,
                    "maturity": "2023-05-19",
                    "units": -0.0010517918802211113,
                    "gamma": 0.0010064802961507503,
                    "vega": 769.9503093370787,
                    "tau": 0.2328767123287671,
                    "delta_t_1": 0.49958125179602464,
                    "option_price_t_1": 136.67,
                    "underlying_t_1": 3981.35,
                    "Option_PnL": -0.03832729611525732,
                    "Delta_PnL": -0.03378153436178787,
                    "Total_PnL": -0.004545761753469449,
                    "delta_t": 0.5655172266224675,
                    "option_price_t": 173.11,
                    "underlying_price_t": 4045.64
                },
                "put": {
                    "start_date": "2023-02-23",
                    "strike": 4000.0,
                    "maturity": "2023-05-19",
                    "units": -0.0010517918802211113,
                    "gamma": 0.0010064802961507503,
                    "vega": 769.9503093370787,
                    "tau": 0.2328767123287671,
                    "delta_t_1": -0.5004187482039754,
                    "option_price_t_1": 155.32,
                    "underlying_t_1": 3981.35,
                    "Option_PnL": 0.029292403864157945,
                    "Delta_PnL": 0.033838165617627335,
                    "Total_PnL": -0.00454576175346939,
                    "delta_t": -0.4344827733775325,
                    "option_price_t": 127.47,
                    "underlying_price_t": 4045.64
                }
            },
            "sv_2023-02-24_2023-05-19": {
                "call": {
                    "start_date": "2023-02-24",
                    "strike": 4000.0,
                    "maturity": "2023-05-19",
                    "units": -0.001067472583658526,
                    "gamma": 0.001030489010413036,
                    "vega": 759.491869590787,
                    "tau": 0.23013698630136986,
                    "delta_t_1": 0.49935300654724957,
                    "option_price_t_1": 136.67,
                    "underlying_t_1": 3981.35,
                    "Option_PnL": -0.03889870094851672,
                    "Delta_PnL": -0.034269504456401714,
                    "Total_PnL": -0.004629196492115004,
                    "delta_t": 0.5656750108956626,
                    "option_price_t": 173.11,
                    "underlying_price_t": 4045.64
                },
                "put": {
                    "start_date": "2023-02-24",
                    "strike": 4000.0,
                    "maturity": "2023-05-19",
                    "units": -0.001067472583658526,
                    "gamma": 0.001030489010413036,
                    "vega": 759.491869590787,
                    "tau": 0.23013698630136986,
                    "delta_t_1": -0.5006469934527504,
                    "option_price_t_1": 155.32,
                    "underlying_t_1": 3981.35,
                    "Option_PnL": 0.029729111454889948,
                    "Delta_PnL": 0.034358307947004896,
                    "Total_PnL": -0.004629196492114948,
                    "delta_t": -0.43432498910433737,
                    "option_price_t": 127.47,
                    "underlying_price_t": 4045.64
                }
            },
            "sv_2023-02-27_2023-05-19": {
                "call": {
                    "start_date": "2023-02-27",
                    "strike": 3950.0,
                    "maturity": "2023-05-19",
                    "units": -0.0010960312954198378,
                    "gamma": 0.001037719198273692,
                    "vega": 741.8298482208786,
                    "tau": 0.2219178082191781,
                    "delta_t_1": 0.552253657921347,
                    "option_price_t_1": 161.1,
                    "underlying_t_1": 3981.35,
                    "Option_PnL": -0.04368780743543475,
                    "Delta_PnL": -0.03891392000858681,
                    "Total_PnL": -0.004773887426847943,
                    "delta_t": 0.6173496214041078,
                    "option_price_t": 200.96,
                    "underlying_price_t": 4045.64
                },
                "put": {
                    "start_date": "2023-02-27",
                    "strike": 3950.0,
                    "maturity": "2023-05-19",
                    "units": -0.0010960312954198378,
                    "gamma": 0.001037719198273692,
                    "vega": 741.8298482208786,
                    "tau": 0.2219178082191781,
                    "delta_t_1": -0.44774634207865305,
                    "option_price_t_1": 129.75,
                    "underlying_t_1": 3981.35,
                    "Option_PnL": 0.026776044547106644,
                    "Delta_PnL": 0.031549931973954524,
                    "Total_PnL": -0.004773887426847881,
                    "delta_t": -0.38265037859589224,
                    "option_price_t": 105.32,
                    "underlying_price_t": 4045.64
                }
            },
            "sv_2023-02-28_2023-05-19": {
                "call": {
                    "start_date": "2023-02-28",
                    "strike": 4000.0,
                    "maturity": "2023-05-19",
                    "units": -0.0010983833287256301,
                    "gamma": 0.0010572893230760038,
                    "vega": 741.1430723937467,
                    "tau": 0.2191780821917808,
                    "delta_t_1": 0.4984116911073622,
                    "option_price_t_1": 136.67,
                    "underlying_t_1": 3981.35,
                    "Option_PnL": -0.04002508849876199,
                    "Delta_PnL": -0.03519537356745633,
                    "Total_PnL": -0.004829714931305663,
                    "delta_t": 0.5663495178765239,
                    "option_price_t": 173.11,
                    "underlying_price_t": 4045.64
                },
                "put": {
                    "start_date": "2023-02-28",
                    "strike": 4000.0,
                    "maturity": "2023-05-19",
                    "units": -0.0010983833287256301,
                    "gamma": 0.0010572893230760038,
                    "vega": 741.1430723937467,
                    "tau": 0.2191780821917808,
                    "delta_t_1": -0.5015883088926378,
                    "option_price_t_1": 155.32,
                    "underlying_t_1": 3981.35,
                    "Option_PnL": 0.030589975705008793,
                    "Delta_PnL": 0.03541969063631441,
                    "Total_PnL": -0.004829714931305615,
                    "delta_t": -0.4336504821234761,
                    "option_price_t": 127.47,
                    "underlying_price_t": 4045.64
                }
            },
            "sv_2023-03-01_2023-05-19": {
                "call": {
                    "start_date": "2023-03-01",
                    "strike": 3950.0,
                    "maturity": "2023-05-19",
                    "units": -0.001112407388283498,
                    "gamma": 0.0010658024312962362,
                    "vega": 732.4226901433753,
                    "tau": 0.21643835616438356,
                    "delta_t_1": 0.552445594056226,
                    "option_price_t_1": 161.1,
                    "underlying_t_1": 3981.35,
                    "Option_PnL": -0.044340558496980244,
                    "Delta_PnL": -0.03950906979151125,
                    "Total_PnL": -0.004831488705468991,
                    "delta_t": 0.6183271385416468,
                    "option_price_t": 200.96,
                    "underlying_price_t": 4045.64
                },
                "put": {
                    "start_date": "2023-03-01",
                    "strike": 3950.0,
                    "maturity": "2023-05-19",
                    "units": -0.001112407388283498,
                    "gamma": 0.0010658024312962362,
                    "vega": 732.4226901433753,
                    "tau": 0.21643835616438356,
                    "delta_t_1": -0.44755440594377405,
                    "option_price_t_1": 129.75,
                    "underlying_t_1": 3981.35,
                    "Option_PnL": 0.02717611249576586,
                    "Delta_PnL": 0.03200760120123479,
                    "Total_PnL": -0.004831488705468928,
                    "delta_t": -0.3816728614583532,
                    "option_price_t": 105.32,
                    "underlying_price_t": 4045.64
                }
            },
            "sv_2023-03-02_2023-05-19": {
                "call": {
                    "start_date": "2023-03-02",
                    "strike": 3950.0,
                    "maturity": "2023-05-19",
                    "units": -0.0011223984078945395,
                    "gamma": 0.0010842666925161366,
                    "vega": 727.8671389119224,
                    "tau": 0.2136986301369863,
                    "delta_t_1": 0.5525465190145631,
                    "option_price_t_1": 161.1,
                    "underlying_t_1": 3951.39,
                    "delta_t": 0.6188318140594063,
                    "option_price_t": 200.96,
                    "underlying_price_t": 4045.64,
                    "Option_PnL": -0.044738800538676356,
                    "Delta_PnL": -0.058451713656891266,
                    "Total_PnL": 0.01371291311821491
                },
                "put": {
                    "start_date": "2023-03-02",
                    "strike": 3950.0,
                    "maturity": "2023-05-19",
                    "units": -0.0011223984078945395,
                    "gamma": 0.0010842666925161366,
                    "vega": 727.8671389119224,
                    "tau": 0.2136986301369863,
                    "delta_t_1": -0.4474534809854369,
                    "option_price_t_1": 129.75,
                    "underlying_t_1": 3951.39,
                    "delta_t": -0.38116818594059365,
                    "option_price_t": 105.32,
                    "underlying_price_t": 4045.64,
                    "Option_PnL": 0.027420193104863606,
                    "Delta_PnL": 0.047334336287169085,
                    "Total_PnL": -0.01991414318230548
                }
            },
            "sv_2023-03-03_2023-05-19": {
                "call": {
                    "start_date": "2023-03-03",
                    "strike": 4000.0,
                    "maturity": "2023-05-19",
                    "units": -0.001113030982510086,
                    "delta_t": 0.5669050783730573,
                    "gamma": 0.001045472494606767,
                    "vega": 730.8544955364597,
                    "tau": 0.21095890410958903,
                    "option_price_t": 173.11,
                    "underlying_price_t": 3981.35
                },
                "put": {
                    "start_date": "2023-03-03",
                    "strike": 4000.0,
                    "maturity": "2023-05-19",
                    "units": -0.001113030982510086,
                    "delta_t": -0.43309492162694274,
                    "gamma": 0.001045472494606767,
                    "vega": 730.8544955364597,
                    "tau": 0.21095890410958903,
                    "option_price_t": 127.47,
                    "underlying_price_t": 3981.35
                }
            }
        }
    }
}