{
    "spx_strategy": {
        "date": "2023-10-23",
        "index_levels": 113.5353966448396,
        "result": {
            "sv_2023-08-21_2023-11-17": {
                "call": {
                    "start_date": "2023-08-21",
                    "strike": 4350.0,
                    "maturity": "2023-11-17",
                    "units": -0.0010535415908332368,
                    "gamma": 0.0012851451002261287,
                    "vega": 844.9501050243479,
                    "tau": 0.2410958904109589,
                    "delta_t_1": 0.37775015407634965,
                    "option_price_t_1": 32.52,
                    "underlying_t_1": 4224.16,
                    "Option_PnL": 0.0066267766063410624,
                    "Delta_PnL": 0.0028335855476332127,
                    "Total_PnL": 0.00379319105870785,
                    "delta_t": 0.3677005607684224,
                    "option_price_t": 26.23,
                    "underlying_price_t": 4217.04
                },
                "put": {
                    "start_date": "2023-08-21",
                    "strike": 4350.0,
                    "maturity": "2023-11-17",
                    "units": -0.0010535415908332368,
                    "gamma": 0.0012851451002261287,
                    "vega": 844.9501050243479,
                    "tau": 0.2410958904109589,
                    "delta_t_1": -0.6222498459236503,
                    "option_price_t_1": 158.36,
                    "underlying_t_1": 4224.16,
                    "Option_PnL": -0.0008744395203915698,
                    "Delta_PnL": -0.004667630579099319,
                    "Total_PnL": 0.003793191058707749,
                    "delta_t": -0.6322994392315776,
                    "option_price_t": 159.19,
                    "underlying_price_t": 4217.04
                }
            },
            "sv_2023-08-22_2023-11-17": {
                "call": {
                    "start_date": "2023-08-22",
                    "strike": 4400.0,
                    "maturity": "2023-11-17",
                    "units": -0.0010430781502914273,
                    "gamma": 0.001339287557450647,
                    "vega": 854.5395152993697,
                    "tau": 0.23835616438356164,
                    "delta_t_1": 0.3256834432683011,
                    "option_price_t_1": 21.47,
                    "underlying_t_1": 4224.16,
                    "Option_PnL": 0.005184098406948392,
                    "Delta_PnL": 0.0024187585791240417,
                    "Total_PnL": 0.0027653398278243506,
                    "delta_t": 0.3153805551247316,
                    "option_price_t": 16.5,
                    "underlying_price_t": 4217.04
                },
                "put": {
                    "start_date": "2023-08-22",
                    "strike": 4400.0,
                    "maturity": "2023-11-17",
                    "units": -0.0010430781502914273,
                    "gamma": 0.001339287557450647,
                    "vega": 854.5395152993697,
                    "tau": 0.23835616438356164,
                    "delta_t_1": -0.6743165567316989,
                    "option_price_t_1": 197.31,
                    "underlying_t_1": 4224.16,
                    "Option_PnL": -0.0022426180231265745,
                    "Delta_PnL": -0.005007957850950807,
                    "Total_PnL": 0.0027653398278242322,
                    "delta_t": -0.6846194448752684,
                    "option_price_t": 199.46,
                    "underlying_price_t": 4217.04
                }
            },
            "sv_2023-08-23_2023-11-17": {
                "call": {
                    "start_date": "2023-08-23",
                    "strike": 4400.0,
                    "maturity": "2023-11-17",
                    "units": -0.0010486583705978185,
                    "gamma": 0.0012894742132547091,
                    "vega": 849.0664871799618,
                    "tau": 0.2356164383561644,
                    "delta_t_1": 0.3245684258575041,
                    "option_price_t_1": 21.47,
                    "underlying_t_1": 4224.16,
                    "Option_PnL": 0.005211832101871157,
                    "Delta_PnL": 0.0024233731438434345,
                    "Total_PnL": 0.0027884589580277224,
                    "delta_t": 0.3142237521263594,
                    "option_price_t": 16.5,
                    "underlying_price_t": 4217.04
                },
                "put": {
                    "start_date": "2023-08-23",
                    "strike": 4400.0,
                    "maturity": "2023-11-17",
                    "units": -0.0010486583705978185,
                    "gamma": 0.0012894742132547091,
                    "vega": 849.0664871799618,
                    "tau": 0.2356164383561644,
                    "delta_t_1": -0.6754315741424959,
                    "option_price_t_1": 197.31,
                    "underlying_t_1": 4224.16,
                    "Option_PnL": -0.0022546154967853158,
                    "Delta_PnL": -0.00504307445481292,
                    "Total_PnL": 0.002788458958027604,
                    "delta_t": -0.6857762478736407,
                    "option_price_t": 199.46,
                    "underlying_price_t": 4217.04
                }
            },
            "sv_2023-08-24_2023-11-17": {
                "call": {
                    "start_date": "2023-08-24",
                    "strike": 4450.0,
                    "maturity": "2023-11-17",
                    "units": -0.0010742164605212967,
                    "gamma": 0.0012714757882277628,
                    "vega": 825.4044014819505,
                    "tau": 0.2328767123287671,
                    "delta_t_1": 0.2754684883027285,
                    "option_price_t_1": 13.67,
                    "underlying_t_1": 4224.16,
                    "Option_PnL": 0.003996085233139224,
                    "Delta_PnL": 0.0021068990255666974,
                    "Total_PnL": 0.0018891862075725266,
                    "delta_t": 0.26514497520870595,
                    "option_price_t": 9.95,
                    "underlying_price_t": 4217.04
                },
                "put": {
                    "start_date": "2023-08-24",
                    "strike": 4450.0,
                    "maturity": "2023-11-17",
                    "units": -0.0010742164605212967,
                    "gamma": 0.0012714757882277628,
                    "vega": 825.4044014819505,
                    "tau": 0.2328767123287671,
                    "delta_t_1": -0.7245315116972715,
                    "option_price_t_1": 239.51,
                    "underlying_t_1": 4224.16,
                    "Option_PnL": -0.0036523359657724148,
                    "Delta_PnL": -0.005541522173344817,
                    "Total_PnL": 0.0018891862075724021,
                    "delta_t": -0.734855024791294,
                    "option_price_t": 242.91,
                    "underlying_price_t": 4217.04
                }
            },
            "sv_2023-08-25_2023-11-17": {
                "call": {
                    "start_date": "2023-08-25",
                    "strike": 4400.0,
                    "maturity": "2023-11-17",
                    "units": -0.0010534028015225568,
                    "gamma": 0.0012745393346341998,
                    "vega": 841.9606158986842,
                    "tau": 0.23013698630136986,
                    "delta_t_1": 0.32228693475592085,
                    "option_price_t_1": 21.47,
                    "underlying_t_1": 4224.16,
                    "Option_PnL": 0.005235411923567106,
                    "Delta_PnL": 0.0024172254749579153,
                    "Total_PnL": 0.002818186448609191,
                    "delta_t": 0.3118571653107849,
                    "option_price_t": 16.5,
                    "underlying_price_t": 4217.04
                },
                "put": {
                    "start_date": "2023-08-25",
                    "strike": 4400.0,
                    "maturity": "2023-11-17",
                    "units": -0.0010534028015225568,
                    "gamma": 0.0012745393346341998,
                    "vega": 841.9606158986842,
                    "tau": 0.23013698630136986,
                    "delta_t_1": -0.6777130652440791,
                    "option_price_t_1": 197.31,
                    "underlying_t_1": 4224.16,
                    "Option_PnL": -0.002264816023273503,
                    "Delta_PnL": -0.005083002471882574,
                    "Total_PnL": 0.002818186448609071,
                    "delta_t": -0.6881428346892151,
                    "option_price_t": 199.46,
                    "underlying_price_t": 4217.04
                }
            },
            "sv_2023-08-28_2023-11-17": {
                "call": {
                    "start_date": "2023-08-28",
                    "strike": 4400.0,
                    "maturity": "2023-11-17",
                    "units": -0.0010782745461772776,
                    "gamma": 0.0012691704235217747,
                    "vega": 824.7488577029384,
                    "tau": 0.2219178082191781,
                    "delta_t_1": 0.3187289641315604,
                    "option_price_t_1": 21.47,
                    "underlying_t_1": 4224.16,
                    "Option_PnL": 0.005359024494501068,
                    "Delta_PnL": 0.0024469825835658483,
                    "Total_PnL": 0.00291204191093522,
                    "delta_t": 0.30816761261523223,
                    "option_price_t": 16.5,
                    "underlying_price_t": 4217.04
                },
                "put": {
                    "start_date": "2023-08-28",
                    "strike": 4400.0,
                    "maturity": "2023-11-17",
                    "units": -0.0010782745461772776,
                    "gamma": 0.0012691704235217747,
                    "vega": 824.7488577029384,
                    "tau": 0.2219178082191781,
                    "delta_t_1": -0.6812710358684396,
                    "option_price_t_1": 197.31,
                    "underlying_t_1": 4224.16,
                    "Option_PnL": -0.002318290274281153,
                    "Delta_PnL": -0.00523033218521625,
                    "Total_PnL": 0.002912041910935097,
                    "delta_t": -0.6918323873847678,
                    "option_price_t": 199.46,
                    "underlying_price_t": 4217.04
                }
            },
            "sv_2023-08-29_2023-11-17": {
                "call": {
                    "start_date": "2023-08-29",
                    "strike": 4450.0,
                    "maturity": "2023-11-17",
                    "units": -0.0010709134389942298,
                    "gamma": 0.0011991410280599432,
                    "vega": 826.1180507595227,
                    "tau": 0.2191780821917808,
                    "delta_t_1": 0.2685552481866819,
                    "option_price_t_1": 13.67,
                    "underlying_t_1": 4224.16,
                    "Option_PnL": 0.0039837979930585354,
                    "Delta_PnL": 0.0020477079016962734,
                    "Total_PnL": 0.001936090091362262,
                    "delta_t": 0.25806622509016397,
                    "option_price_t": 9.95,
                    "underlying_price_t": 4217.04
                },
                "put": {
                    "start_date": "2023-08-29",
                    "strike": 4450.0,
                    "maturity": "2023-11-17",
                    "units": -0.0010709134389942298,
                    "gamma": 0.0011991410280599432,
                    "vega": 826.1180507595227,
                    "tau": 0.2191780821917808,
                    "delta_t_1": -0.731444751813318,
                    "option_price_t_1": 239.51,
                    "underlying_t_1": 4224.16,
                    "Option_PnL": -0.0036411056925803875,
                    "Delta_PnL": -0.0055771957839425255,
                    "Total_PnL": 0.001936090091362138,
                    "delta_t": -0.741933774909836,
                    "option_price_t": 242.91,
                    "underlying_price_t": 4217.04
                }
            },
            "sv_2023-08-30_2023-11-17": {
                "call": {
                    "start_date": "2023-08-30",
                    "strike": 4500.0,
                    "maturity": "2023-11-17",
                    "units": -0.0010596678347740188,
                    "gamma": 0.0012152404496131469,
                    "vega": 835.1624468929853,
                    "tau": 0.21643835616438356,
                    "delta_t_1": 0.22261887911309142,
                    "option_price_t_1": 8.39,
                    "underlying_t_1": 4224.16,
                    "Option_PnL": 0.0028081197621511503,
                    "Delta_PnL": 0.0016796227071402452,
                    "Total_PnL": 0.0011284970550109051,
                    "delta_t": 0.21247867703498002,
                    "option_price_t": 5.74,
                    "underlying_price_t": 4217.04
                },
                "put": {
                    "start_date": "2023-08-30",
                    "strike": 4500.0,
                    "maturity": "2023-11-17",
                    "units": -0.0010596678347740188,
                    "gamma": 0.0012152404496131469,
                    "vega": 835.1624468929853,
                    "tau": 0.21643835616438356,
                    "delta_t_1": -0.7773811208869086,
                    "option_price_t_1": 284.23,
                    "underlying_t_1": 4224.16,
                    "Option_PnL": -0.0047367152214398325,
                    "Delta_PnL": -0.005865212276450653,
                    "Total_PnL": 0.0011284970550108206,
                    "delta_t": -0.78752132296502,
                    "option_price_t": 288.7,
                    "underlying_price_t": 4217.04
                }
            },
            "sv_2023-08-31_2023-11-17": {
                "call": {
                    "start_date": "2023-08-31",
                    "strike": 4500.0,
                    "maturity": "2023-11-17",
                    "units": -0.001068858120978571,
                    "gamma": 0.0012390404178728687,
                    "vega": 829.8378161563892,
                    "tau": 0.2136986301369863,
                    "delta_t_1": 0.22101844191025022,
                    "option_price_t_1": 8.39,
                    "underlying_t_1": 4224.16,
                    "Option_PnL": 0.0028324740205932135,
                    "Delta_PnL": 0.0016820099784352009,
                    "Total_PnL": 0.0011504640421580127,
                    "delta_t": 0.2108593988347584,
                    "option_price_t": 5.74,
                    "underlying_price_t": 4217.04
                },
                "put": {
                    "start_date": "2023-08-31",
                    "strike": 4500.0,
                    "maturity": "2023-11-17",
                    "units": -0.001068858120978571,
                    "gamma": 0.0012390404178728687,
                    "vega": 829.8378161563892,
                    "tau": 0.2136986301369863,
                    "delta_t_1": -0.7789815580897498,
                    "option_price_t_1": 284.23,
                    "underlying_t_1": 4224.16,
                    "Option_PnL": -0.00477779580077418,
                    "Delta_PnL": -0.005928259842932108,
                    "Total_PnL": 0.0011504640421579277,
                    "delta_t": -0.7891406011652415,
                    "option_price_t": 288.7,
                    "underlying_price_t": 4217.04
                }
            },
            "sv_2023-09-01_2023-11-17": {
                "call": {
                    "start_date": "2023-09-01",
                    "strike": 4500.0,
                    "maturity": "2023-11-17",
                    "units": -0.001076653366193522,
                    "gamma": 0.0012414366452256193,
                    "vega": 824.4791174996545,
                    "tau": 0.21095890410958903,
                    "delta_t_1": 0.219394687189026,
                    "option_price_t_1": 8.39,
                    "underlying_t_1": 4224.16,
                    "Option_PnL": 0.0028531314204128335,
                    "Delta_PnL": 0.0016818296428276964,
                    "Total_PnL": 0.0011713017775851371,
                    "delta_t": 0.20921707058378441,
                    "option_price_t": 5.74,
                    "underlying_price_t": 4217.04
                },
                "put": {
                    "start_date": "2023-09-01",
                    "strike": 4500.0,
                    "maturity": "2023-11-17",
                    "units": -0.001076653366193522,
                    "gamma": 0.0012414366452256193,
                    "vega": 824.4791174996545,
                    "tau": 0.21095890410958903,
                    "delta_t_1": -0.780605312810974,
                    "option_price_t_1": 284.23,
                    "underlying_t_1": 4224.16,
                    "Option_PnL": -0.004812640546885011,
                    "Delta_PnL": -0.005983942324470063,
                    "Total_PnL": 0.0011713017775850515,
                    "delta_t": -0.7907829294162156,
                    "option_price_t": 288.7,
                    "underlying_price_t": 4217.04
                }
            },
            "sv_2023-09-05_2023-11-17": {
                "call": {
                    "start_date": "2023-09-05",
                    "strike": 4500.0,
                    "maturity": "2023-11-17",
                    "units": -0.001113284586400944,
                    "gamma": 0.0012856397513507302,
                    "vega": 802.0538857852889,
                    "tau": 0.2,
                    "delta_t_1": 0.2126547975054625,
                    "option_price_t_1": 8.39,
                    "underlying_t_1": 4224.16,
                    "Option_PnL": 0.002950204153962502,
                    "Delta_PnL": 0.0016856265950037368,
                    "Total_PnL": 0.0012645775589587654,
                    "delta_t": 0.20240608135122717,
                    "option_price_t": 5.74,
                    "underlying_price_t": 4217.04
                },
                "put": {
                    "start_date": "2023-09-05",
                    "strike": 4500.0,
                    "maturity": "2023-11-17",
                    "units": -0.001113284586400944,
                    "gamma": 0.0012856397513507302,
                    "vega": 802.0538857852889,
                    "tau": 0.2,
                    "delta_t_1": -0.7873452024945375,
                    "option_price_t_1": 284.23,
                    "underlying_t_1": 4224.16,
                    "Option_PnL": -0.004976382101212187,
                    "Delta_PnL": -0.006240959660170863,
                    "Total_PnL": 0.0012645775589586765,
                    "delta_t": -0.7975939186487728,
                    "option_price_t": 288.7,
                    "underlying_price_t": 4217.04
                }
            },
            "sv_2023-09-06_2023-11-17": {
                "call": {
                    "start_date": "2023-09-06",
                    "strike": 4500.0,
                    "maturity": "2023-11-17",
                    "units": -0.0011331691244771658,
                    "gamma": 0.0012908032616753124,
                    "vega": 788.873842756773,
                    "tau": 0.19726027397260273,
                    "delta_t_1": 0.21090551053374706,
                    "option_price_t_1": 8.39,
                    "underlying_t_1": 4224.16,
                    "Option_PnL": 0.00300289817986449,
                    "Delta_PnL": 0.001701620282558797,
                    "Total_PnL": 0.001301277897305693,
                    "delta_t": 0.2006399640952488,
                    "option_price_t": 5.74,
                    "underlying_price_t": 4217.04
                },
                "put": {
                    "start_date": "2023-09-06",
                    "strike": 4500.0,
                    "maturity": "2023-11-17",
                    "units": -0.0011331691244771658,
                    "gamma": 0.0012908032616753124,
                    "vega": 788.873842756773,
                    "tau": 0.19726027397260273,
                    "delta_t_1": -0.7890944894662529,
                    "option_price_t_1": 284.23,
                    "underlying_t_1": 4224.16,
                    "Option_PnL": -0.005065265986412898,
                    "Delta_PnL": -0.0063665438837185,
                    "Total_PnL": 0.0013012778973056022,
                    "delta_t": -0.7993600359047512,
                    "option_price_t": 288.7,
                    "underlying_price_t": 4217.04
                }
            },
            "sv_2023-09-07_2023-11-17": {
                "call": {
                    "start_date": "2023-09-07",
                    "strike": 4450.0,
                    "maturity": "2023-11-17",
                    "units": -0.0011438863080216746,
                    "gamma": 0.0013052766543625732,
                    "vega": 782.6179915613641,
                    "tau": 0.19452054794520549,
                    "delta_t_1": 0.25466743132873093,
                    "option_price_t_1": 13.67,
                    "underlying_t_1": 4224.16,
                    "Option_PnL": 0.00425525706584063,
                    "Delta_PnL": 0.002074131385107384,
                    "Total_PnL": 0.002181125680733246,
                    "delta_t": 0.2438696124108264,
                    "option_price_t": 9.95,
                    "underlying_price_t": 4217.04
                },
                "put": {
                    "start_date": "2023-09-07",
                    "strike": 4450.0,
                    "maturity": "2023-11-17",
                    "units": -0.0011438863080216746,
                    "gamma": 0.0013052766543625732,
                    "vega": 782.6179915613641,
                    "tau": 0.19452054794520549,
                    "delta_t_1": -0.7453325686712691,
                    "option_price_t_1": 239.51,
                    "underlying_t_1": 4224.16,
                    "Option_PnL": -0.0038892134472737,
                    "Delta_PnL": -0.006070339128006814,
                    "Total_PnL": 0.0021811256807331134,
                    "delta_t": -0.7561303875891736,
                    "option_price_t": 242.91,
                    "underlying_price_t": 4217.04
                }
            },
            "sv_2023-09-08_2023-11-17": {
                "call": {
                    "start_date": "2023-09-08",
                    "strike": 4450.0,
                    "maturity": "2023-11-17",
                    "units": -0.0011539450497489582,
                    "gamma": 0.0013203981122599647,
                    "vega": 777.4190120511192,
                    "tau": 0.1917808219178082,
                    "delta_t_1": 0.25299319959760114,
                    "option_price_t_1": 13.67,
                    "underlying_t_1": 4224.16,
                    "Option_PnL": 0.004292675585066125,
                    "Delta_PnL": 0.002078614582106078,
                    "Total_PnL": 0.002214061002960047,
                    "delta_t": 0.24216044235866296,
                    "option_price_t": 9.95,
                    "underlying_price_t": 4217.04
                },
                "put": {
                    "start_date": "2023-09-08",
                    "strike": 4450.0,
                    "maturity": "2023-11-17",
                    "units": -0.0011539450497489582,
                    "gamma": 0.0013203981122599647,
                    "vega": 777.4190120511192,
                    "tau": 0.1917808219178082,
                    "delta_t_1": -0.7470068004023989,
                    "option_price_t_1": 239.51,
                    "underlying_t_1": 4224.16,
                    "Option_PnL": -0.003923413169146465,
                    "Delta_PnL": -0.006137474172106378,
                    "Total_PnL": 0.0022140610029599134,
                    "delta_t": -0.757839557641337,
                    "option_price_t": 242.91,
                    "underlying_price_t": 4217.04
                }
            },
            "sv_2023-09-11_2023-11-17": {
                "call": {
                    "start_date": "2023-09-11",
                    "strike": 4450.0,
                    "maturity": "2023-11-17",
                    "units": -0.001190211985486916,
                    "gamma": 0.0013442039838820962,
                    "vega": 757.1288667400096,
                    "tau": 0.18356164383561643,
                    "delta_t_1": 0.2477927361164352,
                    "option_price_t_1": 13.67,
                    "underlying_t_1": 4224.16,
                    "Option_PnL": 0.0044275885860113285,
                    "Delta_PnL": 0.002099872297229698,
                    "Total_PnL": 0.0023277162887816306,
                    "delta_t": 0.2368547906541359,
                    "option_price_t": 9.95,
                    "underlying_price_t": 4217.04
                },
                "put": {
                    "start_date": "2023-09-11",
                    "strike": 4450.0,
                    "maturity": "2023-11-17",
                    "units": -0.001190211985486916,
                    "gamma": 0.0013442039838820962,
                    "vega": 757.1288667400096,
                    "tau": 0.18356164383561643,
                    "delta_t_1": -0.7522072638835648,
                    "option_price_t_1": 239.51,
                    "underlying_t_1": 4224.16,
                    "Option_PnL": -0.004046720750655521,
                    "Delta_PnL": -0.0063744370394370154,
                    "Total_PnL": 0.002327716288781494,
                    "delta_t": -0.7631452093458642,
                    "option_price_t": 242.91,
                    "underlying_price_t": 4217.04
                }
            },
            "sv_2023-09-12_2023-11-17": {
                "call": {
                    "start_date": "2023-09-12",
                    "strike": 4500.0,
                    "maturity": "2023-11-17",
                    "units": -0.0011986850111147254,
                    "gamma": 0.0013667859838234436,
                    "vega": 753.2995932174648,
                    "tau": 0.18082191780821918,
                    "delta_t_1": 0.19981679756993637,
                    "option_price_t_1": 8.39,
                    "underlying_t_1": 4224.16,
                    "Option_PnL": 0.003176515279454023,
                    "Delta_PnL": 0.001705363889538093,
                    "Total_PnL": 0.0014711513899159298,
                    "delta_t": 0.1894609626947774,
                    "option_price_t": 5.74,
                    "underlying_price_t": 4217.04
                },
                "put": {
                    "start_date": "2023-09-12",
                    "strike": 4500.0,
                    "maturity": "2023-11-17",
                    "units": -0.0011986850111147254,
                    "gamma": 0.0013667859838234436,
                    "vega": 753.2995932174648,
                    "tau": 0.18082191780821918,
                    "delta_t_1": -0.8001832024300637,
                    "option_price_t_1": 284.23,
                    "underlying_t_1": 4224.16,
                    "Option_PnL": -0.005358121999682787,
                    "Delta_PnL": -0.00682927338959862,
                    "Total_PnL": 0.0014711513899158335,
                    "delta_t": -0.8105390373052226,
                    "option_price_t": 288.7,
                    "underlying_price_t": 4217.04
                }
            },
            "sv_2023-09-13_2023-11-17": {
                "call": {
                    "start_date": "2023-09-13",
                    "strike": 4450.0,
                    "maturity": "2023-11-17",
                    "units": -0.0012078031109843737,
                    "gamma": 0.0013758131807064967,
                    "vega": 748.8719002445259,
                    "tau": 0.1780821917808219,
                    "delta_t_1": 0.24416853154955953,
                    "option_price_t_1": 13.67,
                    "underlying_t_1": 4224.16,
                    "Option_PnL": 0.004493027572861871,
                    "Delta_PnL": 0.0020997414855114826,
                    "Total_PnL": 0.0023932860873503883,
                    "delta_t": 0.23316035616106007,
                    "option_price_t": 9.95,
                    "underlying_price_t": 4217.04
                },
                "put": {
                    "start_date": "2023-09-13",
                    "strike": 4450.0,
                    "maturity": "2023-11-17",
                    "units": -0.0012078031109843737,
                    "gamma": 0.0013758131807064967,
                    "vega": 748.8719002445259,
                    "tau": 0.1780821917808219,
                    "delta_t_1": -0.7558314684504405,
                    "option_price_t_1": 239.51,
                    "underlying_t_1": 4224.16,
                    "Option_PnL": -0.0041065305773468775,
                    "Delta_PnL": -0.006499816664697127,
                    "Total_PnL": 0.002393286087350249,
                    "delta_t": -0.76683964383894,
                    "option_price_t": 242.91,
                    "underlying_price_t": 4217.04
                }
            },
            "sv_2023-09-14_2023-11-17": {
                "call": {
                    "start_date": "2023-09-14",
                    "strike": 4450.0,
                    "maturity": "2023-11-17",
                    "units": -0.0012336310942686088,
                    "gamma": 0.0013821702986860035,
                    "vega": 733.2198977772277,
                    "tau": 0.17534246575342466,
                    "delta_t_1": 0.24230633022390413,
                    "option_price_t_1": 13.67,
                    "underlying_t_1": 4224.16,
                    "Option_PnL": 0.004589107670679225,
                    "Delta_PnL": 0.0021282863579125265,
                    "Total_PnL": 0.0024608213127666986,
                    "delta_t": 0.2312630816266531,
                    "option_price_t": 9.95,
                    "underlying_price_t": 4217.04
                },
                "put": {
                    "start_date": "2023-09-14",
                    "strike": 4450.0,
                    "maturity": "2023-11-17",
                    "units": -0.0012336310942686088,
                    "gamma": 0.0013821702986860035,
                    "vega": 733.2198977772277,
                    "tau": 0.17534246575342466,
                    "delta_t_1": -0.7576936697760959,
                    "option_price_t_1": 239.51,
                    "underlying_t_1": 4224.16,
                    "Option_PnL": -0.004194345720513277,
                    "Delta_PnL": -0.006655167033279833,
                    "Total_PnL": 0.002460821312766556,
                    "delta_t": -0.7687369183733469,
                    "option_price_t": 242.91,
                    "underlying_price_t": 4217.04
                }
            },
            "sv_2023-09-15_2023-11-17": {
                "call": {
                    "start_date": "2023-09-15",
                    "strike": 4500.0,
                    "maturity": "2023-11-17",
                    "units": -0.0012313444553016717,
                    "gamma": 0.0013831157325800028,
                    "vega": 730.3209367061918,
                    "tau": 0.1726027397260274,
                    "delta_t_1": 0.1938565288550766,
                    "option_price_t_1": 8.39,
                    "underlying_t_1": 4224.16,
                    "Option_PnL": 0.0032630628065494303,
                    "Delta_PnL": 0.0016995736329396308,
                    "Total_PnL": 0.0015634891736097994,
                    "delta_t": 0.18346447149982736,
                    "option_price_t": 5.74,
                    "underlying_price_t": 4217.04
                },
                "put": {
                    "start_date": "2023-09-15",
                    "strike": 4500.0,
                    "maturity": "2023-11-17",
                    "units": -0.0012313444553016717,
                    "gamma": 0.0013831157325800028,
                    "vega": 730.3209367061918,
                    "tau": 0.1726027397260274,
                    "delta_t_1": -0.8061434711449234,
                    "option_price_t_1": 284.23,
                    "underlying_t_1": 4224.16,
                    "Option_PnL": -0.005504109715198436,
                    "Delta_PnL": -0.007067598888808137,
                    "Total_PnL": 0.0015634891736097008,
                    "delta_t": -0.8165355285001726,
                    "option_price_t": 288.7,
                    "underlying_price_t": 4217.04
                }
            },
            "sv_2023-09-18_2023-12-15": {
                "call": {
                    "start_date": "2023-09-18",
                    "strike": 4450.0,
                    "maturity": "2023-12-15",
                    "units": -0.0010349958745016691,
                    "gamma": 0.0011868410700673188,
                    "vega": 871.3740129436579,
                    "tau": 0.2410958904109589,
                    "delta_t_1": 0.27937951065809047,
                    "option_price_t_1": 35.48,
                    "underlying_t_1": 4224.16,
                    "Option_PnL": 0.005143929496273291,
                    "Delta_PnL": 0.0020587952835740696,
                    "Total_PnL": 0.0030851342126992213,
                    "delta_t": 0.26915283823945657,
                    "option_price_t": 30.51,
                    "underlying_price_t": 4217.04
                },
                "put": {
                    "start_date": "2023-09-18",
                    "strike": 4450.0,
                    "maturity": "2023-12-15",
                    "units": -0.0010349958745016691,
                    "gamma": 0.0011868410700673188,
                    "vega": 871.3740129436579,
                    "tau": 0.2410958904109589,
                    "delta_t_1": -0.7206204893419095,
                    "option_price_t_1": 261.32,
                    "underlying_t_1": 4224.16,
                    "Option_PnL": -0.002225241130178624,
                    "Delta_PnL": -0.005310375342877701,
                    "Total_PnL": 0.003085134212699077,
                    "delta_t": -0.7308471617605434,
                    "option_price_t": 263.47,
                    "underlying_price_t": 4217.04
                }
            },
            "sv_2023-09-19_2023-12-15": {
                "call": {
                    "start_date": "2023-09-19",
                    "strike": 4450.0,
                    "maturity": "2023-12-15",
                    "units": -0.00104433931946548,
                    "gamma": 0.0012234847937982,
                    "vega": 865.4081857322826,
                    "tau": 0.23835616438356164,
                    "delta_t_1": 0.27809445047360826,
                    "option_price_t_1": 35.48,
                    "underlying_t_1": 4224.16,
                    "Option_PnL": 0.00519036641774343,
                    "Delta_PnL": 0.002067825780381679,
                    "Total_PnL": 0.003122540637361751,
                    "delta_t": 0.267835711144944,
                    "option_price_t": 30.51,
                    "underlying_price_t": 4217.04
                },
                "put": {
                    "start_date": "2023-09-19",
                    "strike": 4450.0,
                    "maturity": "2023-12-15",
                    "units": -0.00104433931946548,
                    "gamma": 0.0012234847937982,
                    "vega": 865.4081857322826,
                    "tau": 0.23835616438356164,
                    "delta_t_1": -0.7219055495263917,
                    "option_price_t_1": 261.32,
                    "underlying_t_1": 4224.16,
                    "Option_PnL": -0.0022453295368508176,
                    "Delta_PnL": -0.005367870174212424,
                    "Total_PnL": 0.0031225406373616067,
                    "delta_t": -0.732164288855056,
                    "option_price_t": 263.47,
                    "underlying_price_t": 4217.04
                }
            },
            "sv_2023-09-20_2023-12-15": {
                "call": {
                    "start_date": "2023-09-20",
                    "strike": 4450.0,
                    "maturity": "2023-12-15",
                    "units": -0.0010640585941414842,
                    "gamma": 0.0012148238924999113,
                    "vega": 847.469520884936,
                    "tau": 0.2356164383561644,
                    "delta_t_1": 0.2767909294015116,
                    "option_price_t_1": 35.48,
                    "underlying_t_1": 4224.16,
                    "Option_PnL": 0.005288371212883171,
                    "Delta_PnL": 0.002096994982535789,
                    "Total_PnL": 0.0031913762303473823,
                    "delta_t": 0.2664999089530851,
                    "option_price_t": 30.51,
                    "underlying_price_t": 4217.04
                },
                "put": {
                    "start_date": "2023-09-20",
                    "strike": 4450.0,
                    "maturity": "2023-12-15",
                    "units": -0.0010640585941414842,
                    "gamma": 0.0012148238924999113,
                    "vega": 847.469520884936,
                    "tau": 0.2356164383561644,
                    "delta_t_1": -0.7232090705984884,
                    "option_price_t_1": 261.32,
                    "underlying_t_1": 4224.16,
                    "Option_PnL": -0.0022877259774042274,
                    "Delta_PnL": -0.0054791022077514615,
                    "Total_PnL": 0.003191376230347234,
                    "delta_t": -0.7335000910469149,
                    "option_price_t": 263.47,
                    "underlying_price_t": 4217.04
                }
            },
            "sv_2023-09-21_2023-12-15": {
                "call": {
                    "start_date": "2023-09-21",
                    "strike": 4400.0,
                    "maturity": "2023-12-15",
                    "units": -0.001088656446287918,
                    "gamma": 0.0011729374876559152,
                    "vega": 821.8761602548113,
                    "tau": 0.2328767123287671,
                    "delta_t_1": 0.3234364080990564,
                    "option_price_t_1": 47.08,
                    "underlying_t_1": 4224.16,
                    "Option_PnL": 0.006314207388469922,
                    "Delta_PnL": 0.0025070312501656437,
                    "Total_PnL": 0.003807176138304278,
                    "delta_t": 0.31304944339525353,
                    "option_price_t": 41.28,
                    "underlying_price_t": 4217.04
                },
                "put": {
                    "start_date": "2023-09-21",
                    "strike": 4400.0,
                    "maturity": "2023-12-15",
                    "units": -0.001088656446287918,
                    "gamma": 0.0011729374876559152,
                    "vega": 821.8761602548113,
                    "tau": 0.2328767123287671,
                    "delta_t_1": -0.6765635919009436,
                    "option_price_t_1": 222.92,
                    "underlying_t_1": 4224.16,
                    "Option_PnL": -0.0014370265091000753,
                    "Delta_PnL": -0.0052442026474042135,
                    "Total_PnL": 0.003807176138304138,
                    "delta_t": -0.6869505566047465,
                    "option_price_t": 224.24,
                    "underlying_price_t": 4217.04
                }
            },
            "sv_2023-09-22_2023-12-15": {
                "call": {
                    "start_date": "2023-09-22",
                    "strike": 4350.0,
                    "maturity": "2023-12-15",
                    "units": -0.0010839440290540236,
                    "gamma": 0.0011980049760865297,
                    "vega": 825.7018692090577,
                    "tau": 0.23013698630136986,
                    "delta_t_1": 0.3742349404216698,
                    "option_price_t_1": 61.45,
                    "underlying_t_1": 4224.16,
                    "Option_PnL": 0.007164870032047095,
                    "Delta_PnL": 0.0028882260714301715,
                    "Total_PnL": 0.004276643960616924,
                    "delta_t": 0.3639920945227564,
                    "option_price_t": 54.84,
                    "underlying_price_t": 4217.04
                },
                "put": {
                    "start_date": "2023-09-22",
                    "strike": 4350.0,
                    "maturity": "2023-12-15",
                    "units": -0.0010839440290540236,
                    "gamma": 0.0011980049760865297,
                    "vega": 825.7018692090577,
                    "tau": 0.23013698630136986,
                    "delta_t_1": -0.6257650595783302,
                    "option_price_t_1": 187.29,
                    "underlying_t_1": 4224.16,
                    "Option_PnL": -0.000552811454817573,
                    "Delta_PnL": -0.004829455415434359,
                    "Total_PnL": 0.004276643960616786,
                    "delta_t": -0.6360079054772436,
                    "option_price_t": 187.8,
                    "underlying_price_t": 4217.04
                }
            },
            "sv_2023-09-25_2023-12-15": {
                "call": {
                    "start_date": "2023-09-25",
                    "strike": 4300.0,
                    "maturity": "2023-12-15",
                    "units": -0.0011137235085478352,
                    "gamma": 0.0011958615843862908,
                    "vega": 805.7864043634846,
                    "tau": 0.2219178082191781,
                    "delta_t_1": 0.42734933416107235,
                    "option_price_t_1": 78.89,
                    "underlying_t_1": 4224.16,
                    "Option_PnL": 0.008185867787826583,
                    "Delta_PnL": 0.0033887568787001974,
                    "Total_PnL": 0.0047971109091263855,
                    "delta_t": 0.4173957780407301,
                    "option_price_t": 71.54,
                    "underlying_price_t": 4217.04
                },
                "put": {
                    "start_date": "2023-09-25",
                    "strike": 4300.0,
                    "maturity": "2023-12-15",
                    "units": -0.0011137235085478352,
                    "gamma": 0.0011958615843862908,
                    "vega": 805.7864043634846,
                    "tau": 0.2219178082191781,
                    "delta_t_1": -0.5726506658389277,
                    "option_price_t_1": 154.73,
                    "underlying_t_1": 4224.16,
                    "Option_PnL": 0.0002561564069659907,
                    "Delta_PnL": -0.004540954502160268,
                    "Total_PnL": 0.004797110909126259,
                    "delta_t": -0.58260422195927,
                    "option_price_t": 154.5,
                    "underlying_price_t": 4217.04
                }
            },
            "sv_2023-09-26_2023-12-15": {
                "call": {
                    "start_date": "2023-09-26",
                    "strike": 4350.0,
                    "maturity": "2023-12-15",
                    "units": -0.0011368428735779438,
                    "gamma": 0.0011792391523131032,
                    "vega": 784.0100673697852,
                    "tau": 0.2191780821917808,
                    "delta_t_1": 0.3704889474246088,
                    "option_price_t_1": 61.45,
                    "underlying_t_1": 4224.16,
                    "Option_PnL": 0.0075145313943502075,
                    "Delta_PnL": 0.002998856563687661,
                    "Total_PnL": 0.0045156748306625465,
                    "delta_t": 0.36004062060101655,
                    "option_price_t": 54.84,
                    "underlying_price_t": 4217.04
                },
                "put": {
                    "start_date": "2023-09-26",
                    "strike": 4350.0,
                    "maturity": "2023-12-15",
                    "units": -0.0011368428735779438,
                    "gamma": 0.0011792391523131032,
                    "vega": 784.0100673697852,
                    "tau": 0.2191780821917808,
                    "delta_t_1": -0.6295110525753912,
                    "option_price_t_1": 187.29,
                    "underlying_t_1": 4224.16,
                    "Option_PnL": -0.0005797898655247733,
                    "Delta_PnL": -0.005095464696187174,
                    "Total_PnL": 0.004515674830662401,
                    "delta_t": -0.6399593793989835,
                    "option_price_t": 187.8,
                    "underlying_price_t": 4217.04
                }
            },
            "sv_2023-09-27_2023-12-15": {
                "call": {
                    "start_date": "2023-09-27",
                    "strike": 4250.0,
                    "maturity": "2023-12-15",
                    "units": -0.0011332537670062982,
                    "gamma": 0.0012259884910959258,
                    "vega": 788.222885327978,
                    "tau": 0.21643835616438356,
                    "delta_t_1": 0.4848453028154317,
                    "option_price_t_1": 99.68,
                    "underlying_t_1": 4224.16,
                    "Option_PnL": 0.009054697598380334,
                    "Delta_PnL": 0.003912103692715929,
                    "Total_PnL": 0.005142593905664405,
                    "delta_t": 0.4754851999351521,
                    "option_price_t": 91.69,
                    "underlying_price_t": 4217.04
                },
                "put": {
                    "start_date": "2023-09-27",
                    "strike": 4250.0,
                    "maturity": "2023-12-15",
                    "units": -0.0011332537670062982,
                    "gamma": 0.0012259884910959258,
                    "vega": 788.222885327978,
                    "tau": 0.21643835616438356,
                    "delta_t_1": -0.5151546971845683,
                    "option_price_t_1": 125.52,
                    "underlying_t_1": 4224.16,
                    "Option_PnL": 0.0009859307772954685,
                    "Delta_PnL": -0.00415666312836879,
                    "Total_PnL": 0.005142593905664259,
                    "delta_t": -0.5245148000648479,
                    "option_price_t": 124.65,
                    "underlying_price_t": 4217.04
                }
            },
            "sv_2023-09-28_2023-12-15": {
                "call": {
                    "start_date": "2023-09-28",
                    "strike": 4250.0,
                    "maturity": "2023-12-15",
                    "units": -0.0011498778459045405,
                    "gamma": 0.0012107665038441067,
                    "vega": 778.450582440317,
                    "tau": 0.2136986301369863,
                    "delta_t_1": 0.48454843043015255,
                    "option_price_t_1": 99.68,
                    "underlying_t_1": 4224.16,
                    "Option_PnL": 0.009187523988777289,
                    "Delta_PnL": 0.003967061118586423,
                    "Total_PnL": 0.005220462870190866,
                    "delta_t": 0.47513188788517174,
                    "option_price_t": 91.69,
                    "underlying_price_t": 4217.04
                },
                "put": {
                    "start_date": "2023-09-28",
                    "strike": 4250.0,
                    "maturity": "2023-12-15",
                    "units": -0.0011498778459045405,
                    "gamma": 0.0012107665038441067,
                    "vega": 778.450582440317,
                    "tau": 0.2136986301369863,
                    "delta_t_1": -0.5154515695698474,
                    "option_price_t_1": 125.52,
                    "underlying_t_1": 4224.16,
                    "Option_PnL": 0.001000393725936939,
                    "Delta_PnL": -0.00422006914425378,
                    "Total_PnL": 0.0052204628701907185,
                    "delta_t": -0.5248681121148282,
                    "option_price_t": 124.65,
                    "underlying_price_t": 4217.04
                }
            },
            "sv_2023-09-29_2023-12-15": {
                "call": {
                    "start_date": "2023-09-29",
                    "strike": 4300.0,
                    "maturity": "2023-12-15",
                    "units": -0.0011398892886089042,
                    "gamma": 0.0012571717894205906,
                    "vega": 785.7217185888775,
                    "tau": 0.21095890410958903,
                    "delta_t_1": 0.424715861547007,
                    "option_price_t_1": 78.89,
                    "underlying_t_1": 4224.16,
                    "Option_PnL": 0.008378186271275439,
                    "Delta_PnL": 0.0034469989163116656,
                    "Total_PnL": 0.004931187354963774,
                    "delta_t": 0.41453312519618024,
                    "option_price_t": 71.54,
                    "underlying_price_t": 4217.04
                },
                "put": {
                    "start_date": "2023-09-29",
                    "strike": 4300.0,
                    "maturity": "2023-12-15",
                    "units": -0.0011398892886089042,
                    "gamma": 0.0012571717894205906,
                    "vega": 785.7217185888775,
                    "tau": 0.21095890410958903,
                    "delta_t_1": -0.575284138452993,
                    "option_price_t_1": 154.73,
                    "underlying_t_1": 4224.16,
                    "Option_PnL": 0.0002621745363800363,
                    "Delta_PnL": -0.004669012818583609,
                    "Total_PnL": 0.004931187354963645,
                    "delta_t": -0.5854668748038198,
                    "option_price_t": 154.5,
                    "underlying_price_t": 4217.04
                }
            },
            "sv_2023-10-02_2023-12-15": {
                "call": {
                    "start_date": "2023-10-02",
                    "strike": 4300.0,
                    "maturity": "2023-12-15",
                    "units": -0.001165366312119402,
                    "gamma": 0.001282222273728389,
                    "vega": 770.3242253588497,
                    "tau": 0.20273972602739726,
                    "delta_t_1": 0.4226184305357527,
                    "option_price_t_1": 78.89,
                    "underlying_t_1": 4224.16,
                    "Option_PnL": 0.008565442394077598,
                    "Delta_PnL": 0.003506637606609182,
                    "Total_PnL": 0.005058804787468416,
                    "delta_t": 0.4122523152062825,
                    "option_price_t": 71.54,
                    "underlying_price_t": 4217.04
                },
                "put": {
                    "start_date": "2023-10-02",
                    "strike": 4300.0,
                    "maturity": "2023-12-15",
                    "units": -0.001165366312119402,
                    "gamma": 0.001282222273728389,
                    "vega": 770.3242253588497,
                    "tau": 0.20273972602739726,
                    "delta_t_1": -0.5773815694642472,
                    "option_price_t_1": 154.73,
                    "underlying_t_1": 4224.16,
                    "Option_PnL": 0.00026803425178745054,
                    "Delta_PnL": -0.004790770535680834,
                    "Total_PnL": 0.005058804787468284,
                    "delta_t": -0.5877476847937175,
                    "option_price_t": 154.5,
                    "underlying_price_t": 4217.04
                }
            },
            "sv_2023-10-03_2023-12-15": {
                "call": {
                    "start_date": "2023-10-03",
                    "strike": 4300.0,
                    "maturity": "2023-12-15",
                    "units": -0.0012018553411109226,
                    "gamma": 0.0012573725591268872,
                    "vega": 741.426596453412,
                    "tau": 0.2,
                    "delta_t_1": 0.42189395917650846,
                    "option_price_t_1": 78.89,
                    "underlying_t_1": 4224.16,
                    "Option_PnL": 0.008833636757165274,
                    "Delta_PnL": 0.003610235218517233,
                    "Total_PnL": 0.005223401538648041,
                    "delta_t": 0.4114643423065358,
                    "option_price_t": 71.54,
                    "underlying_price_t": 4217.04
                },
                "put": {
                    "start_date": "2023-10-03",
                    "strike": 4300.0,
                    "maturity": "2023-12-15",
                    "units": -0.0012018553411109226,
                    "gamma": 0.0012573725591268872,
                    "vega": 741.426596453412,
                    "tau": 0.2,
                    "delta_t_1": -0.5781060408234915,
                    "option_price_t_1": 154.73,
                    "underlying_t_1": 4224.16,
                    "Option_PnL": 0.0002764267284554999,
                    "Delta_PnL": -0.004946974810192404,
                    "Total_PnL": 0.005223401538647904,
                    "delta_t": -0.5885356576934642,
                    "option_price_t": 154.5,
                    "underlying_price_t": 4217.04
                }
            },
            "sv_2023-10-04_2023-12-15": {
                "call": {
                    "start_date": "2023-10-04",
                    "strike": 4250.0,
                    "maturity": "2023-12-15",
                    "units": -0.0011858830683761702,
                    "gamma": 0.0012525453936279955,
                    "vega": 753.0270799727522,
                    "tau": 0.19726027397260273,
                    "delta_t_1": 0.48266848300210263,
                    "option_price_t_1": 99.68,
                    "underlying_t_1": 4224.16,
                    "Option_PnL": 0.00947520571632561,
                    "Delta_PnL": 0.004075405277212691,
                    "Total_PnL": 0.005399800439112919,
                    "delta_t": 0.47288876437519006,
                    "option_price_t": 91.69,
                    "underlying_price_t": 4217.04
                },
                "put": {
                    "start_date": "2023-10-04",
                    "strike": 4250.0,
                    "maturity": "2023-12-15",
                    "units": -0.0011858830683761702,
                    "gamma": 0.0012525453936279955,
                    "vega": 753.0270799727522,
                    "tau": 0.19726027397260273,
                    "delta_t_1": -0.5173315169978974,
                    "option_price_t_1": 125.52,
                    "underlying_t_1": 4224.16,
                    "Option_PnL": 0.0010317182694872566,
                    "Delta_PnL": -0.00436808216962551,
                    "Total_PnL": 0.005399800439112767,
                    "delta_t": -0.52711123562481,
                    "option_price_t": 124.65,
                    "underlying_price_t": 4217.04
                }
            },
            "sv_2023-10-05_2023-12-15": {
                "call": {
                    "start_date": "2023-10-05",
                    "strike": 4250.0,
                    "maturity": "2023-12-15",
                    "units": -0.001196928536373385,
                    "gamma": 0.00130445202918578,
                    "vega": 747.7634228205429,
                    "tau": 0.19452054794520549,
                    "delta_t_1": 0.48233726730976095,
                    "option_price_t_1": 99.68,
                    "underlying_t_1": 4224.16,
                    "Option_PnL": 0.009563459005623358,
                    "Delta_PnL": 0.004110541464523739,
                    "Total_PnL": 0.005452917541099619,
                    "delta_t": 0.4724925512158956,
                    "option_price_t": 91.69,
                    "underlying_price_t": 4217.04
                },
                "put": {
                    "start_date": "2023-10-05",
                    "strike": 4250.0,
                    "maturity": "2023-12-15",
                    "units": -0.001196928536373385,
                    "gamma": 0.00130445202918578,
                    "vega": 747.7634228205429,
                    "tau": 0.19452054794520549,
                    "delta_t_1": -0.517662732690239,
                    "option_price_t_1": 125.52,
                    "underlying_t_1": 4224.16,
                    "Option_PnL": 0.0010413278266448334,
                    "Delta_PnL": -0.004411589714454631,
                    "Total_PnL": 0.0054529175410994645,
                    "delta_t": -0.5275074487841044,
                    "option_price_t": 124.65,
                    "underlying_price_t": 4217.04
                }
            },
            "sv_2023-10-06_2023-12-15": {
                "call": {
                    "start_date": "2023-10-06",
                    "strike": 4250.0,
                    "maturity": "2023-12-15",
                    "units": -0.001225182328787114,
                    "gamma": 0.001267127076512161,
                    "vega": 733.4842920897609,
                    "tau": 0.1917808219178082,
                    "delta_t_1": 0.48200048410656093,
                    "option_price_t_1": 99.68,
                    "underlying_t_1": 4224.16,
                    "Option_PnL": 0.009789206807009053,
                    "Delta_PnL": 0.004204633946230587,
                    "Total_PnL": 0.005584572860778466,
                    "delta_t": 0.47208937382657296,
                    "option_price_t": 91.69,
                    "underlying_price_t": 4217.04
                },
                "put": {
                    "start_date": "2023-10-06",
                    "strike": 4250.0,
                    "maturity": "2023-12-15",
                    "units": -0.001225182328787114,
                    "gamma": 0.001267127076512161,
                    "vega": 733.4842920897609,
                    "tau": 0.1917808219178082,
                    "delta_t_1": -0.5179995158934391,
                    "option_price_t_1": 125.52,
                    "underlying_t_1": 4224.16,
                    "Option_PnL": 0.0010659086260447774,
                    "Delta_PnL": -0.004518664234733531,
                    "Total_PnL": 0.005584572860778308,
                    "delta_t": -0.527910626173427,
                    "option_price_t": 124.65,
                    "underlying_price_t": 4217.04
                }
            },
            "sv_2023-10-09_2023-12-15": {
                "call": {
                    "start_date": "2023-10-09",
                    "strike": 4300.0,
                    "maturity": "2023-12-15",
                    "units": -0.0012334668581060273,
                    "gamma": 0.001307019908567558,
                    "vega": 732.386605916003,
                    "tau": 0.18356164383561643,
                    "delta_t_1": 0.4172499235439091,
                    "option_price_t_1": 78.89,
                    "underlying_t_1": 4224.16,
                    "Option_PnL": 0.009065981407079295,
                    "Delta_PnL": 0.0036644073399393863,
                    "Total_PnL": 0.005401574067139908,
                    "delta_t": 0.406411509840357,
                    "option_price_t": 71.54,
                    "underlying_price_t": 4217.04
                },
                "put": {
                    "start_date": "2023-10-09",
                    "strike": 4300.0,
                    "maturity": "2023-12-15",
                    "units": -0.0012334668581060273,
                    "gamma": 0.001307019908567558,
                    "vega": 732.386605916003,
                    "tau": 0.18356164383561643,
                    "delta_t_1": -0.5827500764560909,
                    "option_price_t_1": 154.73,
                    "underlying_t_1": 4224.16,
                    "Option_PnL": 0.00028369737736437365,
                    "Delta_PnL": -0.005117876689775394,
                    "Total_PnL": 0.005401574067139768,
                    "delta_t": -0.593588490159643,
                    "option_price_t": 154.5,
                    "underlying_price_t": 4217.04
                }
            },
            "sv_2023-10-10_2023-12-15": {
                "call": {
                    "start_date": "2023-10-10",
                    "strike": 4350.0,
                    "maturity": "2023-12-15",
                    "units": -0.0012280989778680708,
                    "gamma": 0.0013268764451444587,
                    "vega": 737.9286822920816,
                    "tau": 0.18082191780821918,
                    "delta_t_1": 0.35510580936780567,
                    "option_price_t_1": 61.45,
                    "underlying_t_1": 4224.16,
                    "Option_PnL": 0.008117734243707948,
                    "Delta_PnL": 0.003105068180419619,
                    "Total_PnL": 0.005012666063288328,
                    "delta_t": 0.3438215853331028,
                    "option_price_t": 54.84,
                    "underlying_price_t": 4217.04
                },
                "put": {
                    "start_date": "2023-10-10",
                    "strike": 4350.0,
                    "maturity": "2023-12-15",
                    "units": -0.0012280989778680708,
                    "gamma": 0.0013268764451444587,
                    "vega": 737.9286822920816,
                    "tau": 0.18082191780821918,
                    "delta_t_1": -0.6448941906321943,
                    "option_price_t_1": 187.29,
                    "underlying_t_1": 4224.16,
                    "Option_PnL": -0.0006263304787127398,
                    "Delta_PnL": -0.00563899654200091,
                    "Total_PnL": 0.00501266606328817,
                    "delta_t": -0.6561784146668972,
                    "option_price_t": 187.8,
                    "underlying_price_t": 4217.04
                }
            },
            "sv_2023-10-11_2023-12-15": {
                "call": {
                    "start_date": "2023-10-11",
                    "strike": 4350.0,
                    "maturity": "2023-12-15",
                    "units": -0.0012477394471974558,
                    "gamma": 0.0013873933883126427,
                    "vega": 730.9195289165629,
                    "tau": 0.1780821917808219,
                    "delta_t_1": 0.3538417459840913,
                    "option_price_t_1": 61.45,
                    "underlying_t_1": 4224.16,
                    "Option_PnL": 0.008247557745975182,
                    "Delta_PnL": 0.0031434964082505093,
                    "Total_PnL": 0.005104061337724673,
                    "delta_t": 0.34248958349450953,
                    "option_price_t": 54.84,
                    "underlying_price_t": 4217.04
                },
                "put": {
                    "start_date": "2023-10-11",
                    "strike": 4350.0,
                    "maturity": "2023-12-15",
                    "units": -0.0012477394471974558,
                    "gamma": 0.0013873933883126427,
                    "vega": 730.9195289165629,
                    "tau": 0.1780821917808219,
                    "delta_t_1": -0.6461582540159088,
                    "option_price_t_1": 187.29,
                    "underlying_t_1": 4224.16,
                    "Option_PnL": -0.0006363471180707266,
                    "Delta_PnL": -0.005740408455795241,
                    "Total_PnL": 0.005104061337724514,
                    "delta_t": -0.6575104165054905,
                    "option_price_t": 187.8,
                    "underlying_price_t": 4217.04
                }
            },
            "sv_2023-10-12_2023-12-15": {
                "call": {
                    "start_date": "2023-10-12",
                    "strike": 4400.0,
                    "maturity": "2023-12-15",
                    "units": -0.0012658449023771022,
                    "gamma": 0.0014024603640091227,
                    "vega": 718.9479800219344,
                    "tau": 0.17534246575342466,
                    "delta_t_1": 0.2947424848943888,
                    "option_price_t_1": 47.08,
                    "underlying_t_1": 4224.16,
                    "Option_PnL": 0.0073419004337871895,
                    "Delta_PnL": 0.0026564596967647166,
                    "Total_PnL": 0.004685440737022473,
                    "delta_t": 0.283335399052236,
                    "option_price_t": 41.28,
                    "underlying_price_t": 4217.04
                },
                "put": {
                    "start_date": "2023-10-12",
                    "strike": 4400.0,
                    "maturity": "2023-12-15",
                    "units": -0.0012658449023771022,
                    "gamma": 0.0014024603640091227,
                    "vega": 718.9479800219344,
                    "tau": 0.17534246575342466,
                    "delta_t_1": -0.7052575151056112,
                    "option_price_t_1": 222.92,
                    "underlying_t_1": 4224.16,
                    "Option_PnL": -0.0016709152711378023,
                    "Delta_PnL": -0.006356356008160112,
                    "Total_PnL": 0.004685440737022309,
                    "delta_t": -0.716664600947764,
                    "option_price_t": 224.24,
                    "underlying_price_t": 4217.04
                }
            },
            "sv_2023-10-13_2023-12-15": {
                "call": {
                    "start_date": "2023-10-13",
                    "strike": 4350.0,
                    "maturity": "2023-12-15",
                    "units": -0.001267717012904408,
                    "gamma": 0.0014293789084588416,
                    "vega": 716.4955580698833,
                    "tau": 0.1726027397260274,
                    "delta_t_1": 0.35123388410163425,
                    "option_price_t_1": 61.45,
                    "underlying_t_1": 4224.16,
                    "Option_PnL": 0.008379609455298136,
                    "Delta_PnL": 0.0031702880131350055,
                    "Total_PnL": 0.00520932144216313,
                    "delta_t": 0.3397419981498893,
                    "option_price_t": 54.84,
                    "underlying_price_t": 4217.04
                },
                "put": {
                    "start_date": "2023-10-13",
                    "strike": 4350.0,
                    "maturity": "2023-12-15",
                    "units": -0.001267717012904408,
                    "gamma": 0.0014293789084588416,
                    "vega": 716.4955580698833,
                    "tau": 0.1726027397260274,
                    "delta_t_1": -0.6487661158983657,
                    "option_price_t_1": 187.29,
                    "underlying_t_1": 4224.16,
                    "Option_PnL": -0.0006465356765812726,
                    "Delta_PnL": -0.005855857118744241,
                    "Total_PnL": 0.005209321442162968,
                    "delta_t": -0.6602580018501107,
                    "option_price_t": 187.8,
                    "underlying_price_t": 4217.04
                }
            },
            "sv_2023-10-16_2023-12-15": {
                "call": {
                    "start_date": "2023-10-16",
                    "strike": 4350.0,
                    "maturity": "2023-12-15",
                    "units": -0.0012989545438339355,
                    "gamma": 0.001398175603766593,
                    "vega": 702.6827021615495,
                    "tau": 0.1643835616438356,
                    "delta_t_1": 0.34710750330522067,
                    "option_price_t_1": 61.45,
                    "underlying_t_1": 4224.16,
                    "Option_PnL": 0.008586089534742313,
                    "Delta_PnL": 0.0032102433045541954,
                    "Total_PnL": 0.005375846230188117,
                    "delta_t": 0.33539583064671125,
                    "option_price_t": 54.84,
                    "underlying_price_t": 4217.04
                },
                "put": {
                    "start_date": "2023-10-16",
                    "strike": 4350.0,
                    "maturity": "2023-12-15",
                    "units": -0.0012989545438339355,
                    "gamma": 0.001398175603766593,
                    "vega": 702.6827021615495,
                    "tau": 0.1643835616438356,
                    "delta_t_1": -0.6528924966947793,
                    "option_price_t_1": 187.29,
                    "underlying_t_1": 4224.16,
                    "Option_PnL": -0.0006624668173553322,
                    "Delta_PnL": -0.006038313047543284,
                    "Total_PnL": 0.005375846230187952,
                    "delta_t": -0.6646041693532887,
                    "option_price_t": 187.8,
                    "underlying_price_t": 4217.04
                }
            },
            "sv_2023-10-17_2023-12-15": {
                "call": {
                    "start_date": "2023-10-17",
                    "strike": 4350.0,
                    "maturity": "2023-12-15",
                    "units": -0.001311750002998564,
                    "gamma": 0.0014133132597179952,
                    "vega": 696.8132915554581,
                    "tau": 0.16164383561643836,
                    "delta_t_1": 0.34567036291742514,
                    "option_price_t_1": 61.45,
                    "underlying_t_1": 4224.16,
                    "Option_PnL": 0.008670667519820508,
                    "Delta_PnL": 0.0032284436691052943,
                    "Total_PnL": 0.005442223850715213,
                    "delta_t": 0.33388254098685854,
                    "option_price_t": 54.84,
                    "underlying_price_t": 4217.04
                },
                "put": {
                    "start_date": "2023-10-17",
                    "strike": 4350.0,
                    "maturity": "2023-12-15",
                    "units": -0.001311750002998564,
                    "gamma": 0.0014133132597179952,
                    "vega": 696.8132915554581,
                    "tau": 0.16164383561643836,
                    "delta_t_1": -0.6543296370825749,
                    "option_price_t_1": 187.29,
                    "underlying_t_1": 4224.16,
                    "Option_PnL": -0.000668992501529293,
                    "Delta_PnL": -0.006111216352244339,
                    "Total_PnL": 0.005442223850715046,
                    "delta_t": -0.6661174590131415,
                    "option_price_t": 187.8,
                    "underlying_price_t": 4217.04
                }
            },
            "sv_2023-10-18_2023-12-15": {
                "call": {
                    "start_date": "2023-10-18",
                    "strike": 4350.0,
                    "maturity": "2023-12-15",
                    "units": -0.0013229210311687264,
                    "gamma": 0.0014104036361138146,
                    "vega": 683.2170925423912,
                    "tau": 0.1589041095890411,
                    "delta_t_1": 0.344200344415967,
                    "option_price_t_1": 61.45,
                    "underlying_t_1": 4224.16,
                    "Option_PnL": 0.00874450801602528,
                    "Delta_PnL": 0.0032420911068913707,
                    "Total_PnL": 0.005502416909133909,
                    "delta_t": 0.332334855571087,
                    "option_price_t": 54.84,
                    "underlying_price_t": 4217.04
                },
                "put": {
                    "start_date": "2023-10-18",
                    "strike": 4350.0,
                    "maturity": "2023-12-15",
                    "units": -0.0013229210311687264,
                    "gamma": 0.0014104036361138146,
                    "vega": 683.2170925423912,
                    "tau": 0.1589041095890411,
                    "delta_t_1": -0.6557996555840331,
                    "option_price_t_1": 187.29,
                    "underlying_t_1": 4224.16,
                    "Option_PnL": -0.000674689725896076,
                    "Delta_PnL": -0.006177106635029816,
                    "Total_PnL": 0.00550241690913374,
                    "delta_t": -0.667665144428913,
                    "option_price_t": 187.8,
                    "underlying_price_t": 4217.04
                }
            },
            "sv_2023-10-19_2023-12-15": {
                "call": {
                    "start_date": "2023-10-19",
                    "strike": 4300.0,
                    "maturity": "2023-12-15",
                    "units": -0.0013334706439005882,
                    "gamma": 0.001424637690487041,
                    "vega": 673.7322963772003,
                    "tau": 0.15616438356164383,
                    "delta_t_1": 0.40811659442384457,
                    "option_price_t_1": 78.89,
                    "underlying_t_1": 4224.16,
                    "Option_PnL": 0.009801009232669316,
                    "Delta_PnL": 0.003874785865424441,
                    "Total_PnL": 0.005926223367244875,
                    "delta_t": 0.3964675126779116,
                    "option_price_t": 71.54,
                    "underlying_price_t": 4217.04
                },
                "put": {
                    "start_date": "2023-10-19",
                    "strike": 4300.0,
                    "maturity": "2023-12-15",
                    "units": -0.0013334706439005882,
                    "gamma": 0.001424637690487041,
                    "vega": 673.7322963772003,
                    "tau": 0.15616438356164383,
                    "delta_t_1": -0.5918834055761555,
                    "option_price_t_1": 154.73,
                    "underlying_t_1": 4224.16,
                    "Option_PnL": 0.0003066982480971217,
                    "Delta_PnL": -0.005619525119147603,
                    "Total_PnL": 0.005926223367244725,
                    "delta_t": -0.6035324873220884,
                    "option_price_t": 154.5,
                    "underlying_price_t": 4217.04
                }
            },
            "sv_2023-10-20_2023-12-15": {
                "call": {
                    "start_date": "2023-10-20",
                    "strike": 4300.0,
                    "maturity": "2023-12-15",
                    "units": -0.0013991453351713977,
                    "gamma": 0.0013847735672107438,
                    "vega": 642.0973653532402,
                    "tau": 0.15342465753424658,
                    "delta_t_1": 0.40708473839476333,
                    "option_price_t_1": 78.89,
                    "underlying_t_1": 4278.0,
                    "delta_t": 0.3953436780525851,
                    "option_price_t": 71.54,
                    "underlying_price_t": 4217.04,
                    "Option_PnL": 0.010283718213509764,
                    "Delta_PnL": 0.03472103064890485,
                    "Total_PnL": -0.02443731243539509
                },
                "put": {
                    "start_date": "2023-10-20",
                    "strike": 4300.0,
                    "maturity": "2023-12-15",
                    "units": -0.0013991453351713977,
                    "gamma": 0.0013847735672107438,
                    "vega": 642.0973653532402,
                    "tau": 0.15342465753424658,
                    "delta_t_1": -0.5929152616052367,
                    "option_price_t_1": 154.73,
                    "underlying_t_1": 4278.0,
                    "delta_t": -0.6046563219474149,
                    "option_price_t": 154.5,
                    "underlying_price_t": 4217.04,
                    "Option_PnL": 0.00032180342708940714,
                    "Delta_PnL": -0.05057086898314359,
                    "Total_PnL": 0.050892672410233
                }
            },
            "sv_2023-10-23_2024-01-19": {
                "call": {
                    "start_date": "2023-10-23",
                    "strike": 4200.0,
                    "maturity": "2024-01-19",
                    "units": -0.0010952709864238159,
                    "delta_t": 0.5360093445162812,
                    "gamma": 0.0011500370916221186,
                    "vega": 822.6947364084548,
                    "tau": 0.2410958904109589,
                    "option_price_t": 146.2,
                    "underlying_price_t": 4224.16
                },
                "put": {
                    "start_date": "2023-10-23",
                    "strike": 4200.0,
                    "maturity": "2024-01-19",
                    "units": -0.0010952709864238159,
                    "delta_t": -0.46399065548371876,
                    "gamma": 0.0011500370916221186,
                    "vega": 822.6947364084548,
                    "tau": 0.2410958904109589,
                    "option_price_t": 129.16,
                    "underlying_price_t": 4224.16
                }
            }
        }
    }
}