{
    "spx_strategy": {
        "date": "2024-05-23",
        "index_levels": 119.78081240060841,
        "result": {
            "sv_2024-03-18_2024-06-21": {
                "call": {
                    "start_date": "2024-03-18",
                    "strike": 5100.0,
                    "maturity": "2024-06-21",
                    "units": -0.0008870834974966192,
                    "gamma": 0.0009739609385129626,
                    "vega": 1034.3762494340356,
                    "tau": 0.2602739726027397,
                    "delta_t_1": 0.7006090410559513,
                    "option_price_t_1": 232.75,
                    "underlying_t_1": 5307.01,
                    "Option_PnL": 0.028253609395267318,
                    "Delta_PnL": 0.024344104804337012,
                    "Total_PnL": 0.003909504590930306,
                    "delta_t": 0.6679420289581257,
                    "option_price_t": 200.9,
                    "underlying_price_t": 5267.84
                },
                "put": {
                    "start_date": "2024-03-18",
                    "strike": 5100.0,
                    "maturity": "2024-06-21",
                    "units": -0.0008870834974966192,
                    "gamma": 0.0009739609385129626,
                    "vega": 1034.3762494340356,
                    "tau": 0.2602739726027397,
                    "delta_t_1": -0.29939095894404866,
                    "option_price_t_1": 25.74,
                    "underlying_t_1": 5307.01,
                    "Option_PnL": -0.006493451201675256,
                    "Delta_PnL": -0.010402955792605624,
                    "Total_PnL": 0.003909504590930367,
                    "delta_t": -0.3320579710418743,
                    "option_price_t": 33.06,
                    "underlying_price_t": 5267.84
                }
            },
            "sv_2024-03-19_2024-06-21": {
                "call": {
                    "start_date": "2024-03-19",
                    "strike": 5150.0,
                    "maturity": "2024-06-21",
                    "units": -0.0008800002484199574,
                    "gamma": 0.0009813712319653395,
                    "vega": 1042.116018488194,
                    "tau": 0.25753424657534246,
                    "delta_t_1": 0.6587006217215338,
                    "option_price_t_1": 194.34,
                    "underlying_t_1": 5307.01,
                    "Option_PnL": 0.025872007303546753,
                    "Delta_PnL": 0.0227051533600513,
                    "Total_PnL": 0.0031668539434954526,
                    "delta_t": 0.6243974163535835,
                    "option_price_t": 164.94,
                    "underlying_price_t": 5267.84
                },
                "put": {
                    "start_date": "2024-03-19",
                    "strike": 5150.0,
                    "maturity": "2024-06-21",
                    "units": -0.0008800002484199574,
                    "gamma": 0.0009813712319653395,
                    "vega": 1042.116018488194,
                    "tau": 0.25753424657534246,
                    "delta_t_1": -0.34129937827846624,
                    "option_price_t_1": 37.33,
                    "underlying_t_1": 5307.01,
                    "Option_PnL": -0.008597602427062987,
                    "Delta_PnL": -0.011764456370558493,
                    "Total_PnL": 0.0031668539434955064,
                    "delta_t": -0.3756025836464165,
                    "option_price_t": 47.1,
                    "underlying_price_t": 5267.84
                }
            },
            "sv_2024-03-20_2024-06-21": {
                "call": {
                    "start_date": "2024-03-20",
                    "strike": 5200.0,
                    "maturity": "2024-06-21",
                    "units": -0.0008736765184954098,
                    "gamma": 0.0009667341743078075,
                    "vega": 1046.9224491433522,
                    "tau": 0.2547945205479452,
                    "delta_t_1": 0.6147058303961173,
                    "option_price_t_1": 159.37,
                    "underlying_t_1": 5307.01,
                    "Option_PnL": 0.02323105862679295,
                    "Delta_PnL": 0.021036407130638996,
                    "Total_PnL": 0.0021946514961539536,
                    "delta_t": 0.5791720627547149,
                    "option_price_t": 132.78,
                    "underlying_price_t": 5267.84
                },
                "put": {
                    "start_date": "2024-03-20",
                    "strike": 5200.0,
                    "maturity": "2024-06-21",
                    "units": -0.0008736765184954098,
                    "gamma": 0.0009667341743078075,
                    "vega": 1046.9224491433522,
                    "tau": 0.2547945205479452,
                    "delta_t_1": -0.38529416960388274,
                    "option_price_t_1": 52.36,
                    "underlying_t_1": 5307.01,
                    "Option_PnL": -0.010990850602672254,
                    "Delta_PnL": -0.013185502098826272,
                    "Total_PnL": 0.0021946514961540178,
                    "delta_t": -0.4208279372452851,
                    "option_price_t": 64.94,
                    "underlying_price_t": 5267.84
                }
            },
            "sv_2024-03-21_2024-06-21": {
                "call": {
                    "start_date": "2024-03-21",
                    "strike": 5200.0,
                    "maturity": "2024-06-21",
                    "units": -0.0008803756336649229,
                    "gamma": 0.0009734222799357483,
                    "vega": 1039.3694316362185,
                    "tau": 0.25205479452054796,
                    "delta_t_1": 0.6151423484018411,
                    "option_price_t_1": 159.37,
                    "underlying_t_1": 5307.01,
                    "Option_PnL": 0.023409188099150303,
                    "Delta_PnL": 0.021212761632878253,
                    "Total_PnL": 0.00219642646627205,
                    "delta_t": 0.5794231867403337,
                    "option_price_t": 132.78,
                    "underlying_price_t": 5267.84
                },
                "put": {
                    "start_date": "2024-03-21",
                    "strike": 5200.0,
                    "maturity": "2024-06-21",
                    "units": -0.0008803756336649229,
                    "gamma": 0.0009734222799357483,
                    "vega": 1039.3694316362185,
                    "tau": 0.25205479452054796,
                    "delta_t_1": -0.3848576515981589,
                    "option_price_t_1": 52.36,
                    "underlying_t_1": 5307.01,
                    "Option_PnL": -0.01107512547150473,
                    "Delta_PnL": -0.01327155193777684,
                    "Total_PnL": 0.002196426466272111,
                    "delta_t": -0.42057681325966634,
                    "option_price_t": 64.94,
                    "underlying_price_t": 5267.84
                }
            },
            "sv_2024-03-22_2024-06-21": {
                "call": {
                    "start_date": "2024-03-22",
                    "strike": 5250.0,
                    "maturity": "2024-06-21",
                    "units": -0.0008783294061808849,
                    "gamma": 0.0009880753105154989,
                    "vega": 1042.6364819337598,
                    "tau": 0.2493150684931507,
                    "delta_t_1": 0.5693385906467103,
                    "option_price_t_1": 128.2,
                    "underlying_t_1": 5307.01,
                    "Option_PnL": 0.02066709092743621,
                    "Delta_PnL": 0.01958761758376549,
                    "Total_PnL": 0.0010794733436707213,
                    "delta_t": 0.5328308664252907,
                    "option_price_t": 104.67,
                    "underlying_price_t": 5267.84
                },
                "put": {
                    "start_date": "2024-03-22",
                    "strike": 5250.0,
                    "maturity": "2024-06-21",
                    "units": -0.0008783294061808849,
                    "gamma": 0.0009880753105154989,
                    "vega": 1042.6364819337598,
                    "tau": 0.2493150684931507,
                    "delta_t_1": -0.43066140935328967,
                    "option_price_t_1": 71.19,
                    "underlying_t_1": 5307.01,
                    "Option_PnL": -0.013737071912669041,
                    "Delta_PnL": -0.014816545256339837,
                    "Total_PnL": 0.0010794733436707959,
                    "delta_t": -0.46716913357470935,
                    "option_price_t": 86.83,
                    "underlying_price_t": 5267.84
                }
            },
            "sv_2024-03-25_2024-06-21": {
                "call": {
                    "start_date": "2024-03-25",
                    "strike": 5250.0,
                    "maturity": "2024-06-21",
                    "units": -0.0008990160659115273,
                    "gamma": 0.0010066991942123571,
                    "vega": 1021.2660515602986,
                    "tau": 0.2410958904109589,
                    "delta_t_1": 0.5699700020393758,
                    "option_price_t_1": 128.2,
                    "underlying_t_1": 5307.01,
                    "Option_PnL": 0.021153848030898224,
                    "Delta_PnL": 0.02007118544003658,
                    "Total_PnL": 0.001082662590861646,
                    "delta_t": 0.5328471916541133,
                    "option_price_t": 104.67,
                    "underlying_price_t": 5267.84
                },
                "put": {
                    "start_date": "2024-03-25",
                    "strike": 5250.0,
                    "maturity": "2024-06-21",
                    "units": -0.0008990160659115273,
                    "gamma": 0.0010066991942123571,
                    "vega": 1021.2660515602986,
                    "tau": 0.2410958904109589,
                    "delta_t_1": -0.43002999796062424,
                    "option_price_t_1": 71.19,
                    "underlying_t_1": 5307.01,
                    "Option_PnL": -0.014060611270856288,
                    "Delta_PnL": -0.015143273861718012,
                    "Total_PnL": 0.001082662590861724,
                    "delta_t": -0.4671528083458867,
                    "option_price_t": 86.83,
                    "underlying_price_t": 5267.84
                }
            },
            "sv_2024-03-26_2024-06-21": {
                "call": {
                    "start_date": "2024-03-26",
                    "strike": 5200.0,
                    "maturity": "2024-06-21",
                    "units": -0.0009079490074106857,
                    "gamma": 0.0010122507559291477,
                    "vega": 1012.3888523247844,
                    "tau": 0.23835616438356164,
                    "delta_t_1": 0.6174486426709453,
                    "option_price_t_1": 159.37,
                    "underlying_t_1": 5307.01,
                    "Option_PnL": 0.024142364107050136,
                    "Delta_PnL": 0.021959167427347107,
                    "Total_PnL": 0.0021831966797030283,
                    "delta_t": 0.580757348406368,
                    "option_price_t": 132.78,
                    "underlying_price_t": 5267.84
                },
                "put": {
                    "start_date": "2024-03-26",
                    "strike": 5200.0,
                    "maturity": "2024-06-21",
                    "units": -0.0009079490074106857,
                    "gamma": 0.0010122507559291477,
                    "vega": 1012.3888523247844,
                    "tau": 0.23835616438356164,
                    "delta_t_1": -0.38255135732905465,
                    "option_price_t_1": 52.36,
                    "underlying_t_1": 5307.01,
                    "Option_PnL": -0.011421998513226424,
                    "Delta_PnL": -0.013605195192929517,
                    "Total_PnL": 0.0021831966797030925,
                    "delta_t": -0.41924265159363205,
                    "option_price_t": 64.94,
                    "underlying_price_t": 5267.84
                }
            },
            "sv_2024-03-27_2024-06-21": {
                "call": {
                    "start_date": "2024-03-27",
                    "strike": 5200.0,
                    "maturity": "2024-06-21",
                    "units": -0.0009171765748180482,
                    "gamma": 0.0010456218028914873,
                    "vega": 1002.5693329785686,
                    "tau": 0.2356164383561644,
                    "delta_t_1": 0.6179363093541212,
                    "option_price_t_1": 159.37,
                    "underlying_t_1": 5307.01,
                    "Option_PnL": 0.024387725124411903,
                    "Delta_PnL": 0.022199860239399422,
                    "Total_PnL": 0.002187864885012481,
                    "delta_t": 0.5810409772551642,
                    "option_price_t": 132.78,
                    "underlying_price_t": 5267.84
                },
                "put": {
                    "start_date": "2024-03-27",
                    "strike": 5200.0,
                    "maturity": "2024-06-21",
                    "units": -0.0009171765748180482,
                    "gamma": 0.0010456218028914873,
                    "vega": 1002.5693329785686,
                    "tau": 0.2356164383561644,
                    "delta_t_1": -0.38206369064587875,
                    "option_price_t_1": 52.36,
                    "underlying_t_1": 5307.01,
                    "Option_PnL": -0.011538081311211045,
                    "Delta_PnL": -0.01372594619622359,
                    "Total_PnL": 0.0021878648850125453,
                    "delta_t": -0.41895902274483576,
                    "option_price_t": 64.94,
                    "underlying_price_t": 5267.84
                }
            },
            "sv_2024-03-28_2024-06-21": {
                "call": {
                    "start_date": "2024-03-28",
                    "strike": 5250.0,
                    "maturity": "2024-06-21",
                    "units": -0.0009111408544521202,
                    "gamma": 0.0010816374047027328,
                    "vega": 1010.4505035382386,
                    "tau": 0.2328767123287671,
                    "delta_t_1": 0.5706436033946815,
                    "option_price_t_1": 128.2,
                    "underlying_t_1": 5307.01,
                    "Option_PnL": 0.021439144305258378,
                    "Delta_PnL": 0.02036592055406744,
                    "Total_PnL": 0.0010732237511909375,
                    "delta_t": 0.5328737753166471,
                    "option_price_t": 104.67,
                    "underlying_price_t": 5267.84
                },
                "put": {
                    "start_date": "2024-03-28",
                    "strike": 5250.0,
                    "maturity": "2024-06-21",
                    "units": -0.0009111408544521202,
                    "gamma": 0.0010816374047027328,
                    "vega": 1010.4505035382386,
                    "tau": 0.2328767123287671,
                    "delta_t_1": -0.42935639660531855,
                    "option_price_t_1": 71.19,
                    "underlying_t_1": 5307.01,
                    "Option_PnL": -0.01425024296363116,
                    "Delta_PnL": -0.015323466714822176,
                    "Total_PnL": 0.0010732237511910155,
                    "delta_t": -0.46712622468335285,
                    "option_price_t": 86.83,
                    "underlying_price_t": 5267.84
                }
            },
            "sv_2024-04-01_2024-06-21": {
                "call": {
                    "start_date": "2024-04-01",
                    "strike": 5250.0,
                    "maturity": "2024-06-21",
                    "units": -0.0009371348315038856,
                    "gamma": 0.0011131775223664924,
                    "vega": 985.3455332798578,
                    "tau": 0.2219178082191781,
                    "delta_t_1": 0.5716142974589513,
                    "option_price_t_1": 128.2,
                    "underlying_t_1": 5307.01,
                    "Option_PnL": 0.022050782585286414,
                    "Delta_PnL": 0.020982572608658732,
                    "Total_PnL": 0.001068209976627682,
                    "delta_t": 0.5329271012005484,
                    "option_price_t": 104.67,
                    "underlying_price_t": 5267.84
                },
                "put": {
                    "start_date": "2024-04-01",
                    "strike": 5250.0,
                    "maturity": "2024-06-21",
                    "units": -0.0009371348315038856,
                    "gamma": 0.0011131775223664924,
                    "vega": 985.3455332798578,
                    "tau": 0.2219178082191781,
                    "delta_t_1": -0.4283857025410487,
                    "option_price_t_1": 71.19,
                    "underlying_t_1": 5307.01,
                    "Option_PnL": -0.01465678876472077,
                    "Delta_PnL": -0.015724998741348535,
                    "Total_PnL": 0.0010682099766277653,
                    "delta_t": -0.4670728987994516,
                    "option_price_t": 86.83,
                    "underlying_price_t": 5267.84
                }
            },
            "sv_2024-04-02_2024-06-21": {
                "call": {
                    "start_date": "2024-04-02",
                    "strike": 5250.0,
                    "maturity": "2024-06-21",
                    "units": -0.0009552236664091807,
                    "gamma": 0.0011125848735748472,
                    "vega": 968.4579189035633,
                    "tau": 0.2191780821917808,
                    "delta_t_1": 0.5718710374446796,
                    "option_price_t_1": 128.2,
                    "underlying_t_1": 5307.01,
                    "Option_PnL": 0.02247641287060801,
                    "Delta_PnL": 0.02139719022229125,
                    "Total_PnL": 0.0010792226483167591,
                    "delta_t": 0.5329439354298477,
                    "option_price_t": 104.67,
                    "underlying_price_t": 5267.84
                },
                "put": {
                    "start_date": "2024-04-02",
                    "strike": 5250.0,
                    "maturity": "2024-06-21",
                    "units": -0.0009552236664091807,
                    "gamma": 0.0011125848735748472,
                    "vega": 968.4579189035633,
                    "tau": 0.2191780821917808,
                    "delta_t_1": -0.4281289625553204,
                    "option_price_t_1": 71.19,
                    "underlying_t_1": 5307.01,
                    "Option_PnL": -0.014939698142639587,
                    "Delta_PnL": -0.016018920790956424,
                    "Total_PnL": 0.0010792226483168372,
                    "delta_t": -0.46705606457015225,
                    "option_price_t": 86.83,
                    "underlying_price_t": 5267.84
                }
            },
            "sv_2024-04-03_2024-06-21": {
                "call": {
                    "start_date": "2024-04-03",
                    "strike": 5200.0,
                    "maturity": "2024-06-21",
                    "units": -0.0009597371106017658,
                    "gamma": 0.0011380651301806377,
                    "vega": 965.1180209893602,
                    "tau": 0.21643835616438356,
                    "delta_t_1": 0.6216297001286525,
                    "option_price_t_1": 159.37,
                    "underlying_t_1": 5307.01,
                    "Option_PnL": 0.025519409770900957,
                    "Delta_PnL": 0.023368864784048104,
                    "Total_PnL": 0.0021505449868528537,
                    "delta_t": 0.5832049126474328,
                    "option_price_t": 132.78,
                    "underlying_price_t": 5267.84
                },
                "put": {
                    "start_date": "2024-04-03",
                    "strike": 5200.0,
                    "maturity": "2024-06-21",
                    "units": -0.0009597371106017658,
                    "gamma": 0.0011380651301806377,
                    "vega": 965.1180209893602,
                    "tau": 0.21643835616438356,
                    "delta_t_1": -0.3783702998713475,
                    "option_price_t_1": 52.36,
                    "underlying_t_1": 5307.01,
                    "Option_PnL": -0.012073492851370212,
                    "Delta_PnL": -0.014224037838223135,
                    "Total_PnL": 0.002150544986852923,
                    "delta_t": -0.4167950873525672,
                    "option_price_t": 64.94,
                    "underlying_price_t": 5267.84
                }
            },
            "sv_2024-04-04_2024-06-21": {
                "call": {
                    "start_date": "2024-04-04",
                    "strike": 5200.0,
                    "maturity": "2024-06-21",
                    "units": -0.000981375347513218,
                    "gamma": 0.0010975106686208888,
                    "vega": 943.5007800018799,
                    "tau": 0.2136986301369863,
                    "delta_t_1": 0.6222010797431382,
                    "option_price_t_1": 159.37,
                    "underlying_t_1": 5307.01,
                    "Option_PnL": 0.02609477049037647,
                    "Delta_PnL": 0.023917703409530415,
                    "Total_PnL": 0.0021770670808460534,
                    "delta_t": 0.5835420401403226,
                    "option_price_t": 132.78,
                    "underlying_price_t": 5267.84
                },
                "put": {
                    "start_date": "2024-04-04",
                    "strike": 5200.0,
                    "maturity": "2024-06-21",
                    "units": -0.000981375347513218,
                    "gamma": 0.0010975106686208888,
                    "vega": 943.5007800018799,
                    "tau": 0.2136986301369863,
                    "delta_t_1": -0.3777989202568618,
                    "option_price_t_1": 52.36,
                    "underlying_t_1": 5307.01,
                    "Option_PnL": -0.01234570187171628,
                    "Delta_PnL": -0.014522768952562404,
                    "Total_PnL": 0.0021770670808461245,
                    "delta_t": -0.4164579598596774,
                    "option_price_t": 64.94,
                    "underlying_price_t": 5267.84
                }
            },
            "sv_2024-04-05_2024-06-21": {
                "call": {
                    "start_date": "2024-04-05",
                    "strike": 5150.0,
                    "maturity": "2024-06-21",
                    "units": -0.0009905717778015287,
                    "gamma": 0.0011724863145422028,
                    "vega": 935.5278544904623,
                    "tau": 0.21095890410958903,
                    "delta_t_1": 0.6713557576866679,
                    "option_price_t_1": 194.34,
                    "underlying_t_1": 5307.01,
                    "Option_PnL": 0.02912281026736495,
                    "Delta_PnL": 0.026049071022022995,
                    "Total_PnL": 0.003073739245341954,
                    "delta_t": 0.6338690940803251,
                    "option_price_t": 164.94,
                    "underlying_price_t": 5267.84
                },
                "put": {
                    "start_date": "2024-04-05",
                    "strike": 5150.0,
                    "maturity": "2024-06-21",
                    "units": -0.0009905717778015287,
                    "gamma": 0.0011724863145422028,
                    "vega": 935.5278544904623,
                    "tau": 0.21095890410958903,
                    "delta_t_1": -0.3286442423133321,
                    "option_price_t_1": 37.33,
                    "underlying_t_1": 5307.01,
                    "Option_PnL": -0.009677886269120937,
                    "Delta_PnL": -0.012751625514462954,
                    "Total_PnL": 0.0030737392453420165,
                    "delta_t": -0.3661309059196749,
                    "option_price_t": 47.1,
                    "underlying_price_t": 5267.84
                }
            },
            "sv_2024-04-08_2024-06-21": {
                "call": {
                    "start_date": "2024-04-08",
                    "strike": 5200.0,
                    "maturity": "2024-06-21",
                    "units": -0.0009945784370253077,
                    "gamma": 0.0012182675514040117,
                    "vega": 933.8051399681636,
                    "tau": 0.20273972602739726,
                    "delta_t_1": 0.6246105059398451,
                    "option_price_t_1": 159.37,
                    "underlying_t_1": 5307.01,
                    "Option_PnL": 0.026445840640502937,
                    "Delta_PnL": 0.02433334959306935,
                    "Total_PnL": 0.002112491047433586,
                    "delta_t": 0.5849700978787694,
                    "option_price_t": 132.78,
                    "underlying_price_t": 5267.84
                },
                "put": {
                    "start_date": "2024-04-08",
                    "strike": 5200.0,
                    "maturity": "2024-06-21",
                    "units": -0.0009945784370253077,
                    "gamma": 0.0012182675514040117,
                    "vega": 933.8051399681636,
                    "tau": 0.20273972602739726,
                    "delta_t_1": -0.37538949406015487,
                    "option_price_t_1": 52.36,
                    "underlying_t_1": 5307.01,
                    "Option_PnL": -0.01251179673777837,
                    "Delta_PnL": -0.014624287785212024,
                    "Total_PnL": 0.0021124910474336536,
                    "delta_t": -0.4150299021212306,
                    "option_price_t": 64.94,
                    "underlying_price_t": 5267.84
                }
            },
            "sv_2024-04-09_2024-06-21": {
                "call": {
                    "start_date": "2024-04-09",
                    "strike": 5200.0,
                    "maturity": "2024-06-21",
                    "units": -0.0010015269586571905,
                    "gamma": 0.001231480985360744,
                    "vega": 927.7444827141704,
                    "tau": 0.2,
                    "delta_t_1": 0.6252459306921215,
                    "option_price_t_1": 159.37,
                    "underlying_t_1": 5307.01,
                    "Option_PnL": 0.026630601830694697,
                    "Delta_PnL": 0.02452827967119019,
                    "Total_PnL": 0.002102322159504507,
                    "delta_t": 0.5853483799155721,
                    "option_price_t": 132.78,
                    "underlying_price_t": 5267.84
                },
                "put": {
                    "start_date": "2024-04-09",
                    "strike": 5200.0,
                    "maturity": "2024-06-21",
                    "units": -0.0010015269586571905,
                    "gamma": 0.001231480985360744,
                    "vega": 927.7444827141704,
                    "tau": 0.2,
                    "delta_t_1": -0.37475406930787847,
                    "option_price_t_1": 52.36,
                    "underlying_t_1": 5307.01,
                    "Option_PnL": -0.012599209139907456,
                    "Delta_PnL": -0.014701531299412039,
                    "Total_PnL": 0.0021023221595045834,
                    "delta_t": -0.4146516200844279,
                    "option_price_t": 64.94,
                    "underlying_price_t": 5267.84
                }
            },
            "sv_2024-04-10_2024-06-21": {
                "call": {
                    "start_date": "2024-04-10",
                    "strike": 5200.0,
                    "maturity": "2024-06-21",
                    "units": -0.0010214335183883422,
                    "gamma": 0.0012105458112976464,
                    "vega": 910.8900154231275,
                    "tau": 0.19726027397260273,
                    "delta_t_1": 0.6258954886264505,
                    "option_price_t_1": 159.37,
                    "underlying_t_1": 5307.01,
                    "Option_PnL": 0.027159917253946023,
                    "Delta_PnL": 0.02504179741983867,
                    "Total_PnL": 0.0021181198341073543,
                    "delta_t": 0.5857357680747101,
                    "option_price_t": 132.78,
                    "underlying_price_t": 5267.84
                },
                "put": {
                    "start_date": "2024-04-10",
                    "strike": 5200.0,
                    "maturity": "2024-06-21",
                    "units": -0.0010214335183883422,
                    "gamma": 0.0012105458112976464,
                    "vega": 910.8900154231275,
                    "tau": 0.19726027397260273,
                    "delta_t_1": -0.3741045113735495,
                    "option_price_t_1": 52.36,
                    "underlying_t_1": 5307.01,
                    "Option_PnL": -0.012849633661325343,
                    "Delta_PnL": -0.014967753495432772,
                    "Total_PnL": 0.002118119834107429,
                    "delta_t": -0.41426423192528994,
                    "option_price_t": 64.94,
                    "underlying_price_t": 5267.84
                }
            },
            "sv_2024-04-11_2024-06-21": {
                "call": {
                    "start_date": "2024-04-11",
                    "strike": 5150.0,
                    "maturity": "2024-06-21",
                    "units": -0.001029842921567602,
                    "gamma": 0.0011814040408492938,
                    "vega": 900.0304828175445,
                    "tau": 0.19452054794520549,
                    "delta_t_1": 0.676893752211284,
                    "option_price_t_1": 194.34,
                    "underlying_t_1": 5307.01,
                    "Option_PnL": 0.030277381894087504,
                    "Delta_PnL": 0.02730518135604951,
                    "Total_PnL": 0.002972200538037994,
                    "delta_t": 0.6380576073328151,
                    "option_price_t": 164.94,
                    "underlying_price_t": 5267.84
                },
                "put": {
                    "start_date": "2024-04-11",
                    "strike": 5150.0,
                    "maturity": "2024-06-21",
                    "units": -0.001029842921567602,
                    "gamma": 0.0011814040408492938,
                    "vega": 900.0304828175445,
                    "tau": 0.19452054794520549,
                    "delta_t_1": -0.323106247788716,
                    "option_price_t_1": 37.33,
                    "underlying_t_1": 5307.01,
                    "Option_PnL": -0.010061565343715474,
                    "Delta_PnL": -0.01303376588175353,
                    "Total_PnL": 0.0029722005380380563,
                    "delta_t": -0.36194239266718486,
                    "option_price_t": 47.1,
                    "underlying_price_t": 5267.84
                }
            },
            "sv_2024-04-12_2024-06-21": {
                "call": {
                    "start_date": "2024-04-12",
                    "strike": 5200.0,
                    "maturity": "2024-06-21",
                    "units": -0.0010541952142451958,
                    "gamma": 0.0011405521937291583,
                    "vega": 879.4761158509014,
                    "tau": 0.1917808219178082,
                    "delta_t_1": 0.627238992258765,
                    "option_price_t_1": 159.37,
                    "underlying_t_1": 5307.01,
                    "Option_PnL": 0.028031050746779758,
                    "Delta_PnL": 0.025900470907710273,
                    "Total_PnL": 0.0021305798390694845,
                    "delta_t": 0.5865391801904629,
                    "option_price_t": 132.78,
                    "underlying_price_t": 5267.84
                },
                "put": {
                    "start_date": "2024-04-12",
                    "strike": 5200.0,
                    "maturity": "2024-06-21",
                    "units": -0.0010541952142451958,
                    "gamma": 0.0011405521937291583,
                    "vega": 879.4761158509014,
                    "tau": 0.1917808219178082,
                    "delta_t_1": -0.372761007741235,
                    "option_price_t_1": 52.36,
                    "underlying_t_1": 5307.01,
                    "Option_PnL": -0.01326177579520456,
                    "Delta_PnL": -0.015392355634274118,
                    "Total_PnL": 0.0021305798390695574,
                    "delta_t": -0.4134608198095371,
                    "option_price_t": 64.94,
                    "underlying_price_t": 5267.84
                }
            },
            "sv_2024-04-15_2024-06-21": {
                "call": {
                    "start_date": "2024-04-15",
                    "strike": 5100.0,
                    "maturity": "2024-06-21",
                    "units": -0.0010803540821543473,
                    "gamma": 0.0011750225025710184,
                    "vega": 862.4904545573658,
                    "tau": 0.18356164383561643,
                    "delta_t_1": 0.7297743196598339,
                    "option_price_t_1": 232.75,
                    "underlying_t_1": 5307.01,
                    "Option_PnL": 0.03440927751661595,
                    "Delta_PnL": 0.030882202439640974,
                    "Total_PnL": 0.0035270750769749795,
                    "delta_t": 0.6923830442802633,
                    "option_price_t": 200.9,
                    "underlying_price_t": 5267.84
                },
                "put": {
                    "start_date": "2024-04-15",
                    "strike": 5100.0,
                    "maturity": "2024-06-21",
                    "units": -0.0010803540821543473,
                    "gamma": 0.0011750225025710184,
                    "vega": 862.4904545573658,
                    "tau": 0.18356164383561643,
                    "delta_t_1": -0.27022568034016614,
                    "option_price_t_1": 25.74,
                    "underlying_t_1": 5307.01,
                    "Option_PnL": -0.007908191881369826,
                    "Delta_PnL": -0.01143526695834489,
                    "Total_PnL": 0.0035270750769750645,
                    "delta_t": -0.3076169557197367,
                    "option_price_t": 33.06,
                    "underlying_price_t": 5267.84
                }
            },
            "sv_2024-04-16_2024-06-21": {
                "call": {
                    "start_date": "2024-04-16",
                    "strike": 5050.0,
                    "maturity": "2024-06-21",
                    "units": -0.0010903635552502186,
                    "gamma": 0.001188649203915714,
                    "vega": 856.3364771425273,
                    "tau": 0.18082191780821918,
                    "delta_t_1": 0.7764804265961667,
                    "option_price_t_1": 274.13,
                    "underlying_t_1": 5307.01,
                    "Option_PnL": 0.03696332452298242,
                    "Delta_PnL": 0.03316312219544792,
                    "Total_PnL": 0.003800202327534502,
                    "delta_t": 0.7419508103355816,
                    "option_price_t": 240.23,
                    "underlying_price_t": 5267.84
                },
                "put": {
                    "start_date": "2024-04-16",
                    "strike": 5050.0,
                    "maturity": "2024-06-21",
                    "units": -0.0010903635552502186,
                    "gamma": 0.001188649203915714,
                    "vega": 856.3364771425273,
                    "tau": 0.18082191780821918,
                    "delta_t_1": -0.22351957340383333,
                    "option_price_t_1": 17.12,
                    "underlying_t_1": 5307.01,
                    "Option_PnL": -0.005746215936168652,
                    "Delta_PnL": -0.009546418263703223,
                    "Total_PnL": 0.0038002023275345714,
                    "delta_t": -0.25804918966441837,
                    "option_price_t": 22.39,
                    "underlying_price_t": 5267.84
                }
            },
            "sv_2024-04-17_2024-06-21": {
                "call": {
                    "start_date": "2024-04-17",
                    "strike": 5050.0,
                    "maturity": "2024-06-21",
                    "units": -0.001110417804104039,
                    "gamma": 0.0012238684347694413,
                    "vega": 844.3284572479419,
                    "tau": 0.1780821917808219,
                    "delta_t_1": 0.778062241810724,
                    "option_price_t_1": 274.13,
                    "underlying_t_1": 5307.01,
                    "Option_PnL": 0.03764316355912693,
                    "Delta_PnL": 0.03384186808252285,
                    "Total_PnL": 0.0038012954766040857,
                    "delta_t": 0.7433871615483568,
                    "option_price_t": 240.23,
                    "underlying_price_t": 5267.84
                },
                "put": {
                    "start_date": "2024-04-17",
                    "strike": 5050.0,
                    "maturity": "2024-06-21",
                    "units": -0.001110417804104039,
                    "gamma": 0.0012238684347694413,
                    "vega": 844.3284572479419,
                    "tau": 0.1780821917808219,
                    "delta_t_1": -0.22193775818927597,
                    "option_price_t_1": 17.12,
                    "underlying_t_1": 5307.01,
                    "Option_PnL": -0.005851901827628285,
                    "Delta_PnL": -0.009653197304232442,
                    "Total_PnL": 0.003801295476604157,
                    "delta_t": -0.2566128384516432,
                    "option_price_t": 22.39,
                    "underlying_price_t": 5267.84
                }
            },
            "sv_2024-04-18_2024-06-21": {
                "call": {
                    "start_date": "2024-04-18",
                    "strike": 5000.0,
                    "maturity": "2024-06-21",
                    "units": -0.0011255224005662433,
                    "gamma": 0.0012440160707474775,
                    "vega": 835.2603060942655,
                    "tau": 0.17534246575342466,
                    "delta_t_1": 0.8209304493373046,
                    "option_price_t_1": 317.98,
                    "underlying_t_1": 5307.01,
                    "Option_PnL": 0.03998981089211866,
                    "Delta_PnL": 0.03619212464511206,
                    "Total_PnL": 0.0037976862470065972,
                    "delta_t": 0.7897457387221865,
                    "option_price_t": 282.45,
                    "underlying_price_t": 5267.84
                },
                "put": {
                    "start_date": "2024-04-18",
                    "strike": 5000.0,
                    "maturity": "2024-06-21",
                    "units": -0.0011255224005662433,
                    "gamma": 0.0012440160707474775,
                    "vega": 835.2603060942655,
                    "tau": 0.17534246575342466,
                    "delta_t_1": -0.17906955066269536,
                    "option_price_t_1": 10.97,
                    "underlying_t_1": 5307.01,
                    "Option_PnL": -0.004096901538061124,
                    "Delta_PnL": -0.00789458778506777,
                    "Total_PnL": 0.003797686247006645,
                    "delta_t": -0.21025426127781355,
                    "option_price_t": 14.61,
                    "underlying_price_t": 5267.84
                }
            },
            "sv_2024-04-19_2024-06-21": {
                "call": {
                    "start_date": "2024-04-19",
                    "strike": 5000.0,
                    "maturity": "2024-06-21",
                    "units": -0.0011429739553196648,
                    "gamma": 0.001285085029340841,
                    "vega": 821.0093007443548,
                    "tau": 0.1726027397260274,
                    "delta_t_1": 0.8226863121523782,
                    "option_price_t_1": 317.98,
                    "underlying_t_1": 5307.01,
                    "Option_PnL": 0.04060986463250772,
                    "Delta_PnL": 0.03683190463412998,
                    "Total_PnL": 0.003777959998377739,
                    "delta_t": 0.7914247917243524,
                    "option_price_t": 282.45,
                    "underlying_price_t": 5267.84
                },
                "put": {
                    "start_date": "2024-04-19",
                    "strike": 5000.0,
                    "maturity": "2024-06-21",
                    "units": -0.0011429739553196648,
                    "gamma": 0.001285085029340841,
                    "vega": 821.0093007443548,
                    "tau": 0.1726027397260274,
                    "delta_t_1": -0.1773136878476218,
                    "option_price_t_1": 10.97,
                    "underlying_t_1": 5307.01,
                    "Option_PnL": -0.004160425197363578,
                    "Delta_PnL": -0.007938385195741365,
                    "Total_PnL": 0.0037779599983777867,
                    "delta_t": -0.20857520827564757,
                    "option_price_t": 14.61,
                    "underlying_price_t": 5267.84
                }
            },
            "sv_2024-04-22_2024-07-19": {
                "call": {
                    "start_date": "2024-04-22",
                    "strike": 4950.0,
                    "maturity": "2024-07-19",
                    "units": -0.0009773208530843484,
                    "gamma": 0.001042382510748607,
                    "vega": 962.083017255965,
                    "tau": 0.2410958904109589,
                    "delta_t_1": 0.82166940129901,
                    "option_price_t_1": 380.14,
                    "underlying_t_1": 5307.01,
                    "Option_PnL": 0.033092084085436055,
                    "Delta_PnL": 0.03145486685784262,
                    "Total_PnL": 0.0016372172275934335,
                    "delta_t": 0.7951821155290089,
                    "option_price_t": 346.28,
                    "underlying_price_t": 5267.84
                },
                "put": {
                    "start_date": "2024-04-22",
                    "strike": 4950.0,
                    "maturity": "2024-07-19",
                    "units": -0.0009773208530843484,
                    "gamma": 0.001042382510748607,
                    "vega": 962.083017255965,
                    "tau": 0.2410958904109589,
                    "delta_t_1": -0.17833059870099,
                    "option_price_t_1": 23.13,
                    "underlying_t_1": 5307.01,
                    "Option_PnL": -0.005189573729877893,
                    "Delta_PnL": -0.006826790957471378,
                    "Total_PnL": 0.0016372172275934856,
                    "delta_t": -0.20481788447099114,
                    "option_price_t": 28.44,
                    "underlying_price_t": 5267.84
                }
            },
            "sv_2024-04-23_2024-07-19": {
                "call": {
                    "start_date": "2024-04-23",
                    "strike": 5000.0,
                    "maturity": "2024-07-19",
                    "units": -0.0009735985352834306,
                    "gamma": 0.0009938422209287844,
                    "vega": 963.989674679371,
                    "tau": 0.23835616438356164,
                    "delta_t_1": 0.7877156014751602,
                    "option_price_t_1": 338.37,
                    "underlying_t_1": 5307.01,
                    "Option_PnL": 0.0315348565578303,
                    "Delta_PnL": 0.03004020766531757,
                    "Total_PnL": 0.0014946488925127316,
                    "delta_t": 0.7584495798913772,
                    "option_price_t": 305.98,
                    "underlying_price_t": 5267.84
                },
                "put": {
                    "start_date": "2024-04-23",
                    "strike": 5000.0,
                    "maturity": "2024-07-19",
                    "units": -0.0009735985352834306,
                    "gamma": 0.0009938422209287844,
                    "vega": 963.989674679371,
                    "tau": 0.23835616438356164,
                    "delta_t_1": -0.21228439852483982,
                    "option_price_t_1": 31.36,
                    "underlying_t_1": 5307.01,
                    "Option_PnL": -0.006600998069221661,
                    "Delta_PnL": -0.008095646961734473,
                    "Total_PnL": 0.0014946488925128123,
                    "delta_t": -0.24155042010862282,
                    "option_price_t": 38.14,
                    "underlying_price_t": 5267.84
                }
            },
            "sv_2024-04-24_2024-07-19": {
                "call": {
                    "start_date": "2024-04-24",
                    "strike": 5050.0,
                    "maturity": "2024-07-19",
                    "units": -0.000963339415282953,
                    "gamma": 0.0010529471488420694,
                    "vega": 977.7209300639571,
                    "tau": 0.2356164383561644,
                    "delta_t_1": 0.750218569473975,
                    "option_price_t_1": 298.69,
                    "underlying_t_1": 5307.01,
                    "Option_PnL": 0.029593786837492288,
                    "Delta_PnL": 0.028308751174076233,
                    "Total_PnL": 0.001285035663416055,
                    "delta_t": 0.7183638693321354,
                    "option_price_t": 267.97,
                    "underlying_price_t": 5267.84
                },
                "put": {
                    "start_date": "2024-04-24",
                    "strike": 5050.0,
                    "maturity": "2024-07-19",
                    "units": -0.000963339415282953,
                    "gamma": 0.0010529471488420694,
                    "vega": 977.7209300639571,
                    "tau": 0.2356164383561644,
                    "delta_t_1": -0.24978143052602497,
                    "option_price_t_1": 41.68,
                    "underlying_t_1": 5307.01,
                    "Option_PnL": -0.008140218059140955,
                    "Delta_PnL": -0.009425253722557106,
                    "Total_PnL": 0.0012850356634161505,
                    "delta_t": -0.28163613066786464,
                    "option_price_t": 50.13,
                    "underlying_price_t": 5267.84
                }
            },
            "sv_2024-04-25_2024-07-19": {
                "call": {
                    "start_date": "2024-04-25",
                    "strike": 5050.0,
                    "maturity": "2024-07-19",
                    "units": -0.0009696217237000927,
                    "gamma": 0.0010645988830577874,
                    "vega": 971.3905501669482,
                    "tau": 0.2328767123287671,
                    "delta_t_1": 0.7513301261865375,
                    "option_price_t_1": 298.69,
                    "underlying_t_1": 5307.01,
                    "Option_PnL": 0.02978677935206682,
                    "Delta_PnL": 0.028535580490854737,
                    "Total_PnL": 0.0012511988612120828,
                    "delta_t": 0.7193526600391513,
                    "option_price_t": 267.97,
                    "underlying_price_t": 5267.84
                },
                "put": {
                    "start_date": "2024-04-25",
                    "strike": 5050.0,
                    "maturity": "2024-07-19",
                    "units": -0.0009696217237000927,
                    "gamma": 0.0010645988830577874,
                    "vega": 971.3905501669482,
                    "tau": 0.2328767123287671,
                    "delta_t_1": -0.2486698738134625,
                    "option_price_t_1": 41.68,
                    "underlying_t_1": 5307.01,
                    "Option_PnL": -0.008193303565265786,
                    "Delta_PnL": -0.009444502426477966,
                    "Total_PnL": 0.00125119886121218,
                    "delta_t": -0.2806473399608487,
                    "option_price_t": 50.13,
                    "underlying_price_t": 5267.84
                }
            },
            "sv_2024-04-26_2024-07-19": {
                "call": {
                    "start_date": "2024-04-26",
                    "strike": 5050.0,
                    "maturity": "2024-07-19",
                    "units": -0.0009773266770969396,
                    "gamma": 0.0010186895453930507,
                    "vega": 962.3880532768436,
                    "tau": 0.23013698630136986,
                    "delta_t_1": 0.7524596186302588,
                    "option_price_t_1": 298.69,
                    "underlying_t_1": 5307.01,
                    "Option_PnL": 0.030023475520417956,
                    "Delta_PnL": 0.028805573296279505,
                    "Total_PnL": 0.0012179022241384507,
                    "delta_t": 0.7203582430480453,
                    "option_price_t": 267.97,
                    "underlying_price_t": 5267.84
                },
                "put": {
                    "start_date": "2024-04-26",
                    "strike": 5050.0,
                    "maturity": "2024-07-19",
                    "units": -0.0009773266770969396,
                    "gamma": 0.0010186895453930507,
                    "vega": 962.3880532768436,
                    "tau": 0.23013698630136986,
                    "delta_t_1": -0.2475403813697412,
                    "option_price_t_1": 41.68,
                    "underlying_t_1": 5307.01,
                    "Option_PnL": -0.008258410421469143,
                    "Delta_PnL": -0.009476312645607691,
                    "Total_PnL": 0.0012179022241385479,
                    "delta_t": -0.2796417569519547,
                    "option_price_t": 50.13,
                    "underlying_price_t": 5267.84
                }
            },
            "sv_2024-04-29_2024-07-19": {
                "call": {
                    "start_date": "2024-04-29",
                    "strike": 5100.0,
                    "maturity": "2024-07-19",
                    "units": -0.0009851369263919414,
                    "gamma": 0.0010526004170745228,
                    "vega": 958.448192653521,
                    "tau": 0.2219178082191781,
                    "delta_t_1": 0.7133735279048777,
                    "option_price_t_1": 261.34,
                    "underlying_t_1": 5307.01,
                    "Option_PnL": 0.028421200326407475,
                    "Delta_PnL": 0.02752752458412438,
                    "Total_PnL": 0.0008936757422830961,
                    "delta_t": 0.6785670134754482,
                    "option_price_t": 232.49,
                    "underlying_price_t": 5267.84
                },
                "put": {
                    "start_date": "2024-04-29",
                    "strike": 5100.0,
                    "maturity": "2024-07-19",
                    "units": -0.0009851369263919414,
                    "gamma": 0.0010526004170745228,
                    "vega": 958.448192653521,
                    "tau": 0.2219178082191781,
                    "delta_t_1": -0.28662647209512226,
                    "option_price_t_1": 54.33,
                    "underlying_t_1": 5307.01,
                    "Option_PnL": -0.010166613080364843,
                    "Delta_PnL": -0.01106028882264804,
                    "Total_PnL": 0.0008936757422831967,
                    "delta_t": -0.32143298652455177,
                    "option_price_t": 64.65,
                    "underlying_price_t": 5267.84
                }
            },
            "sv_2024-04-30_2024-07-19": {
                "call": {
                    "start_date": "2024-04-30",
                    "strike": 5100.0,
                    "maturity": "2024-07-19",
                    "units": -0.0010053155085321317,
                    "gamma": 0.0010247546645768952,
                    "vega": 932.9488541315619,
                    "tau": 0.2191780821917808,
                    "delta_t_1": 0.714407218050841,
                    "option_price_t_1": 261.34,
                    "underlying_t_1": 5307.01,
                    "Option_PnL": 0.029003352421151964,
                    "Delta_PnL": 0.028132076364309862,
                    "Total_PnL": 0.0008712760568421012,
                    "delta_t": 0.6794323445698964,
                    "option_price_t": 232.49,
                    "underlying_price_t": 5267.84
                },
                "put": {
                    "start_date": "2024-04-30",
                    "strike": 5100.0,
                    "maturity": "2024-07-19",
                    "units": -0.0010053155085321317,
                    "gamma": 0.0010247546645768952,
                    "vega": 932.9488541315619,
                    "tau": 0.2191780821917808,
                    "delta_t_1": -0.28559278194915905,
                    "option_price_t_1": 54.33,
                    "underlying_t_1": 5307.01,
                    "Option_PnL": -0.010374856048051606,
                    "Delta_PnL": -0.011246132104893813,
                    "Total_PnL": 0.000871276056842207,
                    "delta_t": -0.32056765543010357,
                    "option_price_t": 64.65,
                    "underlying_price_t": 5267.84
                }
            },
            "sv_2024-05-01_2024-07-19": {
                "call": {
                    "start_date": "2024-05-01",
                    "strike": 5050.0,
                    "maturity": "2024-07-19",
                    "units": -0.0010090373111634287,
                    "gamma": 0.001050280643878207,
                    "vega": 930.4590016552264,
                    "tau": 0.21643835616438356,
                    "delta_t_1": 0.7583929445015509,
                    "option_price_t_1": 298.69,
                    "underlying_t_1": 5307.01,
                    "Option_PnL": 0.0309976261989405,
                    "Delta_PnL": 0.029974716275660587,
                    "Total_PnL": 0.0010229099232799133,
                    "delta_t": 0.7256546602908833,
                    "option_price_t": 267.97,
                    "underlying_price_t": 5267.84
                },
                "put": {
                    "start_date": "2024-05-01",
                    "strike": 5050.0,
                    "maturity": "2024-07-19",
                    "units": -0.0010090373111634287,
                    "gamma": 0.001050280643878207,
                    "vega": 930.4590016552264,
                    "tau": 0.21643835616438356,
                    "delta_t_1": -0.24160705549844907,
                    "option_price_t_1": 41.68,
                    "underlying_t_1": 5307.01,
                    "Option_PnL": -0.008526365279330976,
                    "Delta_PnL": -0.00954927520261099,
                    "Total_PnL": 0.0010229099232800139,
                    "delta_t": -0.2743453397091167,
                    "option_price_t": 50.13,
                    "underlying_price_t": 5267.84
                }
            },
            "sv_2024-05-02_2024-07-19": {
                "call": {
                    "start_date": "2024-05-02",
                    "strike": 5000.0,
                    "maturity": "2024-07-19",
                    "units": -0.0010289933115839236,
                    "gamma": 0.0010252294417133086,
                    "vega": 914.1026510418757,
                    "tau": 0.2136986301369863,
                    "delta_t_1": 0.7992776379927673,
                    "option_price_t_1": 338.37,
                    "underlying_t_1": 5307.01,
                    "Option_PnL": 0.03332909336220327,
                    "Delta_PnL": 0.03221541912854391,
                    "Total_PnL": 0.0011136742336593647,
                    "delta_t": 0.7692484677097526,
                    "option_price_t": 305.98,
                    "underlying_price_t": 5267.84
                },
                "put": {
                    "start_date": "2024-05-02",
                    "strike": 5000.0,
                    "maturity": "2024-07-19",
                    "units": -0.0010289933115839236,
                    "gamma": 0.0010252294417133086,
                    "vega": 914.1026510418757,
                    "tau": 0.2136986301369863,
                    "delta_t_1": -0.2007223620072327,
                    "option_price_t_1": 31.36,
                    "underlying_t_1": 5307.01,
                    "Option_PnL": -0.006976574652539003,
                    "Delta_PnL": -0.008090248886198456,
                    "Total_PnL": 0.0011136742336594532,
                    "delta_t": -0.23075153229024736,
                    "option_price_t": 38.14,
                    "underlying_price_t": 5267.84
                }
            },
            "sv_2024-05-03_2024-07-19": {
                "call": {
                    "start_date": "2024-05-03",
                    "strike": 5050.0,
                    "maturity": "2024-07-19",
                    "units": -0.0010266281655617825,
                    "gamma": 0.0009788205139728038,
                    "vega": 913.6962828748897,
                    "tau": 0.21095890410958903,
                    "delta_t_1": 0.7609094123752531,
                    "option_price_t_1": 298.69,
                    "underlying_t_1": 5307.01,
                    "Option_PnL": 0.031538017246057926,
                    "Delta_PnL": 0.030598469409046092,
                    "Total_PnL": 0.0009395478370118338,
                    "delta_t": 0.7279081890517365,
                    "option_price_t": 267.97,
                    "underlying_price_t": 5267.84
                },
                "put": {
                    "start_date": "2024-05-03",
                    "strike": 5050.0,
                    "maturity": "2024-07-19",
                    "units": -0.0010266281655617825,
                    "gamma": 0.0009788205139728038,
                    "vega": 913.6962828748897,
                    "tau": 0.21095890410958903,
                    "delta_t_1": -0.2390905876247469,
                    "option_price_t_1": 41.68,
                    "underlying_t_1": 5307.01,
                    "Option_PnL": -0.008675007998997066,
                    "Delta_PnL": -0.009614555836009004,
                    "Total_PnL": 0.0009395478370119378,
                    "delta_t": -0.2720918109482635,
                    "option_price_t": 50.13,
                    "underlying_price_t": 5267.84
                }
            },
            "sv_2024-05-06_2024-07-19": {
                "call": {
                    "start_date": "2024-05-06",
                    "strike": 5150.0,
                    "maturity": "2024-07-19",
                    "units": -0.0010148269166732804,
                    "gamma": 0.0009867932720268799,
                    "vega": 924.4276212626899,
                    "tau": 0.20273972602739726,
                    "delta_t_1": 0.6740399850822115,
                    "option_price_t_1": 226.55,
                    "underlying_t_1": 5307.01,
                    "Option_PnL": 0.027197361366843927,
                    "Delta_PnL": 0.02679360863760578,
                    "Total_PnL": 0.00040375272923814584,
                    "delta_t": 0.6358960795670647,
                    "option_price_t": 199.75,
                    "underlying_price_t": 5267.84
                },
                "put": {
                    "start_date": "2024-05-06",
                    "strike": 5150.0,
                    "maturity": "2024-07-19",
                    "units": -0.0010148269166732804,
                    "gamma": 0.0009867932720268799,
                    "vega": 924.4276212626899,
                    "tau": 0.20273972602739726,
                    "delta_t_1": -0.3259600149177885,
                    "option_price_t_1": 69.54,
                    "underlying_t_1": 5307.01,
                    "Option_PnL": -0.012553408959248469,
                    "Delta_PnL": -0.012957161688486683,
                    "Total_PnL": 0.0004037527292382135,
                    "delta_t": -0.36410392043293527,
                    "option_price_t": 81.91,
                    "underlying_price_t": 5267.84
                }
            },
            "sv_2024-05-07_2024-07-19": {
                "call": {
                    "start_date": "2024-05-07",
                    "strike": 5200.0,
                    "maturity": "2024-07-19",
                    "units": -0.0010149724515034104,
                    "gamma": 0.0009998027806903409,
                    "vega": 925.5228622331686,
                    "tau": 0.2,
                    "delta_t_1": 0.6252459306921215,
                    "option_price_t_1": 194.51,
                    "underlying_t_1": 5307.01,
                    "Option_PnL": 0.024998771480528995,
                    "Delta_PnL": 0.024857571664778904,
                    "Total_PnL": 0.00014119981575009058,
                    "delta_t": 0.5853483799155721,
                    "option_price_t": 169.88,
                    "underlying_price_t": 5267.84
                },
                "put": {
                    "start_date": "2024-05-07",
                    "strike": 5200.0,
                    "maturity": "2024-07-19",
                    "units": -0.0010149724515034104,
                    "gamma": 0.0009998027806903409,
                    "vega": 925.5228622331686,
                    "tau": 0.2,
                    "delta_t_1": -0.37475406930787847,
                    "option_price_t_1": 87.5,
                    "underlying_t_1": 5307.01,
                    "Option_PnL": -0.014757699444859594,
                    "Delta_PnL": -0.014898899260609758,
                    "Total_PnL": 0.00014119981575016344,
                    "delta_t": -0.4146516200844279,
                    "option_price_t": 102.04,
                    "underlying_price_t": 5267.84
                }
            },
            "sv_2024-05-08_2024-07-19": {
                "call": {
                    "start_date": "2024-05-08",
                    "strike": 5200.0,
                    "maturity": "2024-07-19",
                    "units": -0.0010236629681825858,
                    "gamma": 0.0010080899360472345,
                    "vega": 919.1608532756069,
                    "tau": 0.19726027397260273,
                    "delta_t_1": 0.6258954886264505,
                    "option_price_t_1": 194.51,
                    "underlying_t_1": 5307.01,
                    "Option_PnL": 0.025212818906337083,
                    "Delta_PnL": 0.025096455338440397,
                    "Total_PnL": 0.00011636356789668581,
                    "delta_t": 0.5857357680747101,
                    "option_price_t": 169.88,
                    "underlying_price_t": 5267.84
                },
                "put": {
                    "start_date": "2024-05-08",
                    "strike": 5200.0,
                    "maturity": "2024-07-19",
                    "units": -0.0010236629681825858,
                    "gamma": 0.0010080899360472345,
                    "vega": 919.1608532756069,
                    "tau": 0.19726027397260273,
                    "delta_t_1": -0.3741045113735495,
                    "option_price_t_1": 87.5,
                    "underlying_t_1": 5307.01,
                    "Option_PnL": -0.014884059557374804,
                    "Delta_PnL": -0.015000423125271563,
                    "Total_PnL": 0.00011636356789675867,
                    "delta_t": -0.41426423192528994,
                    "option_price_t": 102.04,
                    "underlying_price_t": 5267.84
                }
            },
            "sv_2024-05-09_2024-07-19": {
                "call": {
                    "start_date": "2024-05-09",
                    "strike": 5200.0,
                    "maturity": "2024-07-19",
                    "units": -0.001029094727361042,
                    "gamma": 0.0010169839697854116,
                    "vega": 914.9464529624144,
                    "tau": 0.19452054794520549,
                    "delta_t_1": 0.6265596708081224,
                    "option_price_t_1": 194.51,
                    "underlying_t_1": 5307.01,
                    "Option_PnL": 0.02534660313490246,
                    "Delta_PnL": 0.025256395063735664,
                    "Total_PnL": 9.020807116679602e-05,
                    "delta_t": 0.5861325876583243,
                    "option_price_t": 169.88,
                    "underlying_price_t": 5267.84
                },
                "put": {
                    "start_date": "2024-05-09",
                    "strike": 5200.0,
                    "maturity": "2024-07-19",
                    "units": -0.001029094727361042,
                    "gamma": 0.0010169839697854116,
                    "vega": 914.9464529624144,
                    "tau": 0.19452054794520549,
                    "delta_t_1": -0.37344032919187764,
                    "option_price_t_1": 87.5,
                    "underlying_t_1": 5307.01,
                    "Option_PnL": -0.014963037335829557,
                    "Delta_PnL": -0.015053245406996424,
                    "Total_PnL": 9.020807116686715e-05,
                    "delta_t": -0.4138674123416757,
                    "option_price_t": 102.04,
                    "underlying_price_t": 5267.84
                }
            },
            "sv_2024-05-10_2024-07-19": {
                "call": {
                    "start_date": "2024-05-10",
                    "strike": 5200.0,
                    "maturity": "2024-07-19",
                    "units": -0.0010375355910559705,
                    "gamma": 0.0010202859346853128,
                    "vega": 908.2784580910354,
                    "tau": 0.1917808219178082,
                    "delta_t_1": 0.627238992258765,
                    "option_price_t_1": 194.51,
                    "underlying_t_1": 5307.01,
                    "Option_PnL": 0.025554501607708547,
                    "Delta_PnL": 0.025491161436451772,
                    "Total_PnL": 6.334017125677466e-05,
                    "delta_t": 0.5865391801904629,
                    "option_price_t": 169.88,
                    "underlying_price_t": 5267.84
                },
                "put": {
                    "start_date": "2024-05-10",
                    "strike": 5200.0,
                    "maturity": "2024-07-19",
                    "units": -0.0010375355910559705,
                    "gamma": 0.0010202859346853128,
                    "vega": 908.2784580910354,
                    "tau": 0.1917808219178082,
                    "delta_t_1": -0.372761007741235,
                    "option_price_t_1": 87.5,
                    "underlying_t_1": 5307.01,
                    "Option_PnL": -0.015085767493953817,
                    "Delta_PnL": -0.015149107665210665,
                    "Total_PnL": 6.334017125684752e-05,
                    "delta_t": -0.4134608198095371,
                    "option_price_t": 102.04,
                    "underlying_price_t": 5267.84
                }
            },
            "sv_2024-05-13_2024-07-19": {
                "call": {
                    "start_date": "2024-05-13",
                    "strike": 5200.0,
                    "maturity": "2024-07-19",
                    "units": -0.0010653645881514154,
                    "gamma": 0.0010441013678797598,
                    "vega": 888.6231807139926,
                    "tau": 0.18356164383561643,
                    "delta_t_1": 0.6293733345059521,
                    "option_price_t_1": 194.51,
                    "underlying_t_1": 5307.01,
                    "Option_PnL": 0.02623992980616936,
                    "Delta_PnL": 0.026263957519829902,
                    "Total_PnL": -2.4027713660543237e-05,
                    "delta_t": 0.5878212766737981,
                    "option_price_t": 169.88,
                    "underlying_price_t": 5267.84
                },
                "put": {
                    "start_date": "2024-05-13",
                    "strike": 5200.0,
                    "maturity": "2024-07-19",
                    "units": -0.0010653645881514154,
                    "gamma": 0.0010441013678797598,
                    "vega": 888.6231807139926,
                    "tau": 0.18356164383561643,
                    "delta_t_1": -0.3706266654940479,
                    "option_price_t_1": 87.5,
                    "underlying_t_1": 5307.01,
                    "Option_PnL": -0.015490401111721588,
                    "Delta_PnL": -0.01546637339806112,
                    "Total_PnL": -2.402771366046691e-05,
                    "delta_t": -0.41217872332620187,
                    "option_price_t": 102.04,
                    "underlying_price_t": 5267.84
                }
            },
            "sv_2024-05-14_2024-07-19": {
                "call": {
                    "start_date": "2024-05-14",
                    "strike": 5200.0,
                    "maturity": "2024-07-19",
                    "units": -0.0010765244910136025,
                    "gamma": 0.0010443903098311127,
                    "vega": 878.7029201774931,
                    "tau": 0.18082191780821918,
                    "delta_t_1": 0.630118898080367,
                    "option_price_t_1": 194.51,
                    "underlying_t_1": 5307.01,
                    "Option_PnL": 0.026514798213665026,
                    "Delta_PnL": 0.02657051614775258,
                    "Total_PnL": -5.57179340875541e-05,
                    "delta_t": 0.5882707392167869,
                    "option_price_t": 169.88,
                    "underlying_price_t": 5267.84
                },
                "put": {
                    "start_date": "2024-05-14",
                    "strike": 5200.0,
                    "maturity": "2024-07-19",
                    "units": -0.0010765244910136025,
                    "gamma": 0.0010443903098311127,
                    "vega": 878.7029201774931,
                    "tau": 0.18082191780821918,
                    "delta_t_1": -0.36988110191963297,
                    "option_price_t_1": 87.5,
                    "underlying_t_1": 5307.01,
                    "Option_PnL": -0.015652666099337787,
                    "Delta_PnL": -0.015596948165250308,
                    "Total_PnL": -5.5717934087479506e-05,
                    "delta_t": -0.41172926078321315,
                    "option_price_t": 102.04,
                    "underlying_price_t": 5267.84
                }
            },
            "sv_2024-05-15_2024-07-19": {
                "call": {
                    "start_date": "2024-05-15",
                    "strike": 5250.0,
                    "maturity": "2024-07-19",
                    "units": -0.001067291648198817,
                    "gamma": 0.0010105205041074674,
                    "vega": 878.1088647068583,
                    "tau": 0.1780821917808219,
                    "delta_t_1": 0.5765710164525756,
                    "option_price_t_1": 165.34,
                    "underlying_t_1": 5307.01,
                    "Option_PnL": 0.02387531417020754,
                    "Delta_PnL": 0.024104020590857242,
                    "Total_PnL": -0.00022870642064970123,
                    "delta_t": 0.5334137112083186,
                    "option_price_t": 142.97,
                    "underlying_price_t": 5267.84
                },
                "put": {
                    "start_date": "2024-05-15",
                    "strike": 5250.0,
                    "maturity": "2024-07-19",
                    "units": -0.001067291648198817,
                    "gamma": 0.0010105205041074674,
                    "vega": 878.1088647068583,
                    "tau": 0.1780821917808219,
                    "delta_t_1": -0.4234289835474244,
                    "option_price_t_1": 108.33,
                    "underlying_t_1": 5307.01,
                    "Option_PnL": -0.01793049968974012,
                    "Delta_PnL": -0.0177017932690905,
                    "Total_PnL": -0.00022870642064962143,
                    "delta_t": -0.4665862887916814,
                    "option_price_t": 125.13,
                    "underlying_price_t": 5267.84
                }
            },
            "sv_2024-05-16_2024-07-19": {
                "call": {
                    "start_date": "2024-05-16",
                    "strike": 5300.0,
                    "maturity": "2024-07-19",
                    "units": -0.0010645465901307422,
                    "gamma": 0.001072398647643029,
                    "vega": 884.565291521436,
                    "tau": 0.17534246575342466,
                    "delta_t_1": 0.5212507405174148,
                    "option_price_t_1": 139.09,
                    "underlying_t_1": 5307.01,
                    "Option_PnL": 0.021365450063924003,
                    "Delta_PnL": 0.021735264507148192,
                    "Total_PnL": -0.00036981444322418955,
                    "delta_t": 0.47758981850082594,
                    "option_price_t": 119.02,
                    "underlying_price_t": 5267.84
                },
                "put": {
                    "start_date": "2024-05-16",
                    "strike": 5300.0,
                    "maturity": "2024-07-19",
                    "units": -0.0010645465901307422,
                    "gamma": 0.001072398647643029,
                    "vega": 884.565291521436,
                    "tau": 0.17534246575342466,
                    "delta_t_1": -0.4787492594825852,
                    "option_price_t_1": 132.08,
                    "underlying_t_1": 5307.01,
                    "Option_PnL": -0.02033283987149717,
                    "Delta_PnL": -0.019963025428273055,
                    "Total_PnL": -0.0003698144432241167,
                    "delta_t": -0.5224101814991741,
                    "option_price_t": 151.18,
                    "underlying_price_t": 5267.84
                }
            },
            "sv_2024-05-17_2024-07-19": {
                "call": {
                    "start_date": "2024-05-17",
                    "strike": 5300.0,
                    "maturity": "2024-07-19",
                    "units": -0.0010752624574704422,
                    "gamma": 0.0011028276011611343,
                    "vega": 878.1603140637321,
                    "tau": 0.1726027397260274,
                    "delta_t_1": 0.5212074145121866,
                    "option_price_t_1": 139.09,
                    "underlying_t_1": 5307.01,
                    "Option_PnL": 0.021580517521431784,
                    "Delta_PnL": 0.02195222975994205,
                    "Total_PnL": -0.00037171223851026683,
                    "delta_t": 0.477200780617089,
                    "option_price_t": 119.02,
                    "underlying_price_t": 5267.84
                },
                "put": {
                    "start_date": "2024-05-17",
                    "strike": 5300.0,
                    "maturity": "2024-07-19",
                    "units": -0.0010752624574704422,
                    "gamma": 0.0011028276011611343,
                    "vega": 878.1603140637321,
                    "tau": 0.1726027397260274,
                    "delta_t_1": -0.47879258548781345,
                    "option_price_t_1": 132.08,
                    "underlying_t_1": 5307.01,
                    "Option_PnL": -0.02053751293768544,
                    "Delta_PnL": -0.02016580069917525,
                    "Total_PnL": -0.0003717122385101905,
                    "delta_t": -0.522799219382911,
                    "option_price_t": 151.18,
                    "underlying_price_t": 5267.84
                }
            },
            "sv_2024-05-20_2024-08-16": {
                "call": {
                    "start_date": "2024-05-20",
                    "strike": 5300.0,
                    "maturity": "2024-08-16",
                    "units": -0.0009119153231014059,
                    "gamma": 0.0009316863255701578,
                    "vega": 1037.965658202185,
                    "tau": 0.2410958904109589,
                    "delta_t_1": 0.5224135224975324,
                    "option_price_t_1": 168.58,
                    "underlying_t_1": 5307.01,
                    "Option_PnL": 0.01818359154264206,
                    "Delta_PnL": 0.018660466422621733,
                    "Total_PnL": -0.0004768748799796746,
                    "delta_t": 0.485195264757415,
                    "option_price_t": 148.64,
                    "underlying_price_t": 5267.84
                },
                "put": {
                    "start_date": "2024-05-20",
                    "strike": 5300.0,
                    "maturity": "2024-08-16",
                    "units": -0.0009119153231014059,
                    "gamma": 0.0009316863255701578,
                    "vega": 1037.965658202185,
                    "tau": 0.2410958904109589,
                    "delta_t_1": -0.47758647750246763,
                    "option_price_t_1": 161.57,
                    "underlying_t_1": 5307.01,
                    "Option_PnL": -0.017536131663240053,
                    "Delta_PnL": -0.0170592567832604,
                    "Total_PnL": -0.0004768748799796538,
                    "delta_t": -0.5148047352425851,
                    "option_price_t": 180.8,
                    "underlying_price_t": 5267.84
                }
            },
            "sv_2024-05-21_2024-08-16": {
                "call": {
                    "start_date": "2024-05-21",
                    "strike": 5300.0,
                    "maturity": "2024-08-16",
                    "units": -0.0009173031404324595,
                    "gamma": 0.0009319769188125502,
                    "vega": 1032.2294501606552,
                    "tau": 0.23835616438356164,
                    "delta_t_1": 0.5223621721467336,
                    "option_price_t_1": 168.58,
                    "underlying_t_1": 5307.01,
                    "Option_PnL": 0.018291024620223265,
                    "Delta_PnL": 0.01876887193554157,
                    "Total_PnL": -0.0004778473153183062,
                    "delta_t": 0.48492983519632155,
                    "option_price_t": 148.64,
                    "underlying_price_t": 5267.84
                },
                "put": {
                    "start_date": "2024-05-21",
                    "strike": 5300.0,
                    "maturity": "2024-08-16",
                    "units": -0.0009173031404324595,
                    "gamma": 0.0009319769188125502,
                    "vega": 1032.2294501606552,
                    "tau": 0.23835616438356164,
                    "delta_t_1": -0.47763782785326636,
                    "option_price_t_1": 161.57,
                    "underlying_t_1": 5307.01,
                    "Option_PnL": -0.01763973939051621,
                    "Delta_PnL": -0.017161892075197933,
                    "Total_PnL": -0.0004778473153182784,
                    "delta_t": -0.5150701648036784,
                    "option_price_t": 180.8,
                    "underlying_price_t": 5267.84
                }
            },
            "sv_2024-05-22_2024-08-16": {
                "call": {
                    "start_date": "2024-05-22",
                    "strike": 5300.0,
                    "maturity": "2024-08-16",
                    "units": -0.000925414295775666,
                    "gamma": 0.0009618633831897737,
                    "vega": 1026.0839578595762,
                    "tau": 0.2356164383561644,
                    "delta_t_1": 0.5223109699026384,
                    "option_price_t_1": 168.58,
                    "underlying_t_1": 5321.41,
                    "delta_t": 0.4846608433627904,
                    "option_price_t": 148.64,
                    "underlying_price_t": 5267.84,
                    "Option_PnL": 0.018452761057766803,
                    "Delta_PnL": 0.025893275836464044,
                    "Total_PnL": -0.007440514778697241
                },
                "put": {
                    "start_date": "2024-05-22",
                    "strike": 5300.0,
                    "maturity": "2024-08-16",
                    "units": -0.000925414295775666,
                    "gamma": 0.0009618633831897737,
                    "vega": 1026.0839578595762,
                    "tau": 0.2356164383561644,
                    "delta_t_1": -0.47768903009736163,
                    "option_price_t_1": 161.57,
                    "underlying_t_1": 5321.41,
                    "delta_t": -0.5153391566372096,
                    "option_price_t": 180.8,
                    "underlying_price_t": 5267.84,
                    "Option_PnL": -0.017795716907766074,
                    "Delta_PnL": -0.023681167988238112,
                    "Total_PnL": 0.005885451080472039
                }
            },
            "sv_2024-05-23_2024-08-16": {
                "call": {
                    "start_date": "2024-05-23",
                    "strike": 5300.0,
                    "maturity": "2024-08-16",
                    "units": -0.0009380874160014231,
                    "delta_t": 0.4843881911355432,
                    "gamma": 0.0009711048845371756,
                    "vega": 1013.3814838594814,
                    "tau": 0.2328767123287671,
                    "option_price_t": 148.64,
                    "underlying_price_t": 5307.01
                },
                "put": {
                    "start_date": "2024-05-23",
                    "strike": 5300.0,
                    "maturity": "2024-08-16",
                    "units": -0.0009380874160014231,
                    "delta_t": -0.5156118088644568,
                    "gamma": 0.0009711048845371756,
                    "vega": 1013.3814838594814,
                    "tau": 0.2328767123287671,
                    "option_price_t": 180.8,
                    "underlying_price_t": 5307.01
                }
            }
        }
    }
}