{
    "spx_strategy": {
        "date": "2024-01-30",
        "index_levels": 118.36557834019705,
        "result": {
            "sv_2023-11-20_2024-02-16": {
                "call": {
                    "start_date": "2023-11-20",
                    "strike": 4500.0,
                    "maturity": "2024-02-16",
                    "units": -0.0010439977707421882,
                    "gamma": 0.0009481148619149179,
                    "vega": 879.3953762218604,
                    "tau": 0.2410958904109589,
                    "delta_t_1": 0.9182847127267654,
                    "option_price_t_1": 427.98,
                    "underlying_t_1": 4927.93,
                    "Option_PnL": 0.0031006733791043278,
                    "Delta_PnL": 0.0028377140912604214,
                    "Total_PnL": 0.00026295928784390637,
                    "delta_t": 0.9167201331131879,
                    "option_price_t": 425.01,
                    "underlying_price_t": 4924.97
                },
                "put": {
                    "start_date": "2023-11-20",
                    "strike": 4500.0,
                    "maturity": "2024-02-16",
                    "units": -0.0010439977707421882,
                    "gamma": 0.0009481148619149179,
                    "vega": 879.3953762218604,
                    "tau": 0.2410958904109589,
                    "delta_t_1": -0.08171528727323463,
                    "option_price_t_1": 0.05,
                    "underlying_t_1": 4927.93,
                    "Option_PnL": 1.0439977707421884e-05,
                    "Delta_PnL": -0.0002525193101364939,
                    "Total_PnL": 0.00026295928784391575,
                    "delta_t": -0.0832798668868121,
                    "option_price_t": 0.04,
                    "underlying_price_t": 4924.97
                }
            },
            "sv_2023-11-21_2024-02-16": {
                "call": {
                    "start_date": "2023-11-21",
                    "strike": 4550.0,
                    "maturity": "2024-02-16",
                    "units": -0.0010403711951228762,
                    "gamma": 0.000967964070070872,
                    "vega": 883.7812612588131,
                    "tau": 0.23835616438356164,
                    "delta_t_1": 0.8915523379254408,
                    "option_price_t_1": 378.11,
                    "underlying_t_1": 4927.93,
                    "Option_PnL": 0.0031107098734174093,
                    "Delta_PnL": 0.002745534299113406,
                    "Total_PnL": 0.00036517557430400336,
                    "delta_t": 0.8896456726002766,
                    "option_price_t": 375.12,
                    "underlying_price_t": 4924.97
                },
                "put": {
                    "start_date": "2023-11-21",
                    "strike": 4550.0,
                    "maturity": "2024-02-16",
                    "units": -0.0010403711951228762,
                    "gamma": 0.000967964070070872,
                    "vega": 883.7812612588131,
                    "tau": 0.23835616438356164,
                    "delta_t_1": -0.10844766207455925,
                    "option_price_t_1": 0.18,
                    "underlying_t_1": 4927.93,
                    "Option_PnL": 3.121113585368628e-05,
                    "Delta_PnL": -0.00033396443845034555,
                    "Total_PnL": 0.0003651755743040318,
                    "delta_t": -0.1103543273997234,
                    "option_price_t": 0.15,
                    "underlying_price_t": 4924.97
                }
            },
            "sv_2023-11-22_2024-02-16": {
                "call": {
                    "start_date": "2023-11-22",
                    "strike": 4550.0,
                    "maturity": "2024-02-16",
                    "units": -0.001043537324224625,
                    "gamma": 0.0009681596250137773,
                    "vega": 880.7270519814424,
                    "tau": 0.2356164383561644,
                    "delta_t_1": 0.8928079979633874,
                    "option_price_t_1": 378.11,
                    "underlying_t_1": 4927.93,
                    "Option_PnL": 0.003120176599431638,
                    "Delta_PnL": 0.0027577682689535646,
                    "Total_PnL": 0.00036240833047807355,
                    "delta_t": 0.8909060935390107,
                    "option_price_t": 375.12,
                    "underlying_price_t": 4924.97
                },
                "put": {
                    "start_date": "2023-11-22",
                    "strike": 4550.0,
                    "maturity": "2024-02-16",
                    "units": -0.001043537324224625,
                    "gamma": 0.0009681596250137773,
                    "vega": 880.7270519814424,
                    "tau": 0.2356164383561644,
                    "delta_t_1": -0.10719200203661261,
                    "option_price_t_1": 0.18,
                    "underlying_t_1": 4927.93,
                    "Option_PnL": 3.130611972673875e-05,
                    "Delta_PnL": -0.0003311022107513632,
                    "Total_PnL": 0.00036240833047810196,
                    "delta_t": -0.10909390646098927,
                    "option_price_t": 0.15,
                    "underlying_price_t": 4924.97
                }
            },
            "sv_2023-11-24_2024-02-16": {
                "call": {
                    "start_date": "2023-11-24",
                    "strike": 4550.0,
                    "maturity": "2024-02-16",
                    "units": -0.0010580383243619013,
                    "gamma": 0.0009880157553795717,
                    "vega": 870.6009997054882,
                    "tau": 0.23013698630136986,
                    "delta_t_1": 0.8953545608903581,
                    "option_price_t_1": 378.11,
                    "underlying_t_1": 4927.93,
                    "Option_PnL": 0.003163534589842095,
                    "Delta_PnL": 0.0028040655403701272,
                    "Total_PnL": 0.0003594690494719676,
                    "delta_t": 0.8934628807345395,
                    "option_price_t": 375.12,
                    "underlying_price_t": 4924.97
                },
                "put": {
                    "start_date": "2023-11-24",
                    "strike": 4550.0,
                    "maturity": "2024-02-16",
                    "units": -0.0010580383243619013,
                    "gamma": 0.0009880157553795717,
                    "vega": 870.6009997054882,
                    "tau": 0.23013698630136986,
                    "delta_t_1": -0.10464543910964186,
                    "option_price_t_1": 0.18,
                    "underlying_t_1": 4927.93,
                    "Option_PnL": 3.174114973085704e-05,
                    "Delta_PnL": -0.00032772789974113933,
                    "Total_PnL": 0.0003594690494719964,
                    "delta_t": -0.1065371192654605,
                    "option_price_t": 0.15,
                    "underlying_price_t": 4924.97
                }
            },
            "sv_2023-11-27_2024-02-16": {
                "call": {
                    "start_date": "2023-11-27",
                    "strike": 4550.0,
                    "maturity": "2024-02-16",
                    "units": -0.0010821733756014246,
                    "gamma": 0.0010146580920681947,
                    "vega": 854.3450334500773,
                    "tau": 0.2219178082191781,
                    "delta_t_1": 0.8992641988534315,
                    "option_price_t_1": 378.11,
                    "underlying_t_1": 4927.93,
                    "Option_PnL": 0.0032356983930482692,
                    "Delta_PnL": 0.0028805529299469924,
                    "Total_PnL": 0.0003551454631012768,
                    "delta_t": 0.8973897410156999,
                    "option_price_t": 375.12,
                    "underlying_price_t": 4924.97
                },
                "put": {
                    "start_date": "2023-11-27",
                    "strike": 4550.0,
                    "maturity": "2024-02-16",
                    "units": -0.0010821733756014246,
                    "gamma": 0.0010146580920681947,
                    "vega": 854.3450334500773,
                    "tau": 0.2219178082191781,
                    "delta_t_1": -0.10073580114656855,
                    "option_price_t_1": 0.18,
                    "underlying_t_1": 4927.93,
                    "Option_PnL": 3.2465201268042734e-05,
                    "Delta_PnL": -0.000322680261833264,
                    "Total_PnL": 0.0003551454631013067,
                    "delta_t": -0.1026102589843001,
                    "option_price_t": 0.15,
                    "underlying_price_t": 4924.97
                }
            },
            "sv_2023-11-28_2024-02-16": {
                "call": {
                    "start_date": "2023-11-28",
                    "strike": 4550.0,
                    "maturity": "2024-02-16",
                    "units": -0.0010899496860329546,
                    "gamma": 0.0010334453366029803,
                    "vega": 849.4337952077676,
                    "tau": 0.2191780821917808,
                    "delta_t_1": 0.9005917898560654,
                    "option_price_t_1": 378.11,
                    "underlying_t_1": 4927.93,
                    "Option_PnL": 0.003258949561238544,
                    "Delta_PnL": 0.002905535226248562,
                    "Total_PnL": 0.0003534143349899822,
                    "delta_t": 0.898723612722044,
                    "option_price_t": 375.12,
                    "underlying_price_t": 4924.97
                },
                "put": {
                    "start_date": "2023-11-28",
                    "strike": 4550.0,
                    "maturity": "2024-02-16",
                    "units": -0.0010899496860329546,
                    "gamma": 0.0010334453366029803,
                    "vega": 849.4337952077676,
                    "tau": 0.2191780821917808,
                    "delta_t_1": -0.09940821014393464,
                    "option_price_t_1": 0.18,
                    "underlying_t_1": 4927.93,
                    "Option_PnL": 3.269849058098864e-05,
                    "Delta_PnL": -0.00032071584440902334,
                    "Total_PnL": 0.000353414334990012,
                    "delta_t": -0.10127638727795596,
                    "option_price_t": 0.15,
                    "underlying_price_t": 4924.97
                }
            },
            "sv_2023-11-29_2024-02-16": {
                "call": {
                    "start_date": "2023-11-29",
                    "strike": 4550.0,
                    "maturity": "2024-02-16",
                    "units": -0.0010986091548162002,
                    "gamma": 0.0010409753278779242,
                    "vega": 843.7843224003694,
                    "tau": 0.21643835616438356,
                    "delta_t_1": 0.9019317420433595,
                    "option_price_t_1": 378.11,
                    "underlying_t_1": 4927.93,
                    "Option_PnL": 0.0032848413729004485,
                    "Delta_PnL": 0.0029329765877313843,
                    "Total_PnL": 0.0003518647851690642,
                    "delta_t": 0.9000701320802247,
                    "option_price_t": 375.12,
                    "underlying_price_t": 4924.97
                },
                "put": {
                    "start_date": "2023-11-29",
                    "strike": 4550.0,
                    "maturity": "2024-02-16",
                    "units": -0.0010986091548162002,
                    "gamma": 0.0010409753278779242,
                    "vega": 843.7843224003694,
                    "tau": 0.21643835616438356,
                    "delta_t_1": -0.09806825795664054,
                    "option_price_t_1": 0.18,
                    "underlying_t_1": 4927.93,
                    "Option_PnL": 3.2958274644486005e-05,
                    "Delta_PnL": -0.0003189065105246081,
                    "Total_PnL": 0.0003518647851690941,
                    "delta_t": -0.09992986791977532,
                    "option_price_t": 0.15,
                    "underlying_price_t": 4924.97
                }
            },
            "sv_2023-11-30_2024-02-16": {
                "call": {
                    "start_date": "2023-11-30",
                    "strike": 4550.0,
                    "maturity": "2024-02-16",
                    "units": -0.001106526358740772,
                    "gamma": 0.0010828922897307075,
                    "vega": 839.0867907028999,
                    "tau": 0.2136986301369863,
                    "delta_t_1": 0.9032841531770546,
                    "option_price_t_1": 378.11,
                    "underlying_t_1": 4927.93,
                    "Option_PnL": 0.003308513812634918,
                    "Delta_PnL": 0.00295854286577285,
                    "Total_PnL": 0.00034997094686206815,
                    "delta_t": 0.9014294073434943,
                    "option_price_t": 375.12,
                    "underlying_price_t": 4924.97
                },
                "put": {
                    "start_date": "2023-11-30",
                    "strike": 4550.0,
                    "maturity": "2024-02-16",
                    "units": -0.001106526358740772,
                    "gamma": 0.0010828922897307075,
                    "vega": 839.0867907028999,
                    "tau": 0.2136986301369863,
                    "delta_t_1": -0.09671584682294543,
                    "option_price_t_1": 0.18,
                    "underlying_t_1": 4927.93,
                    "Option_PnL": 3.3195790762223154e-05,
                    "Delta_PnL": -0.0003167751560998751,
                    "Total_PnL": 0.00034997094686209823,
                    "delta_t": -0.0985705926565057,
                    "option_price_t": 0.15,
                    "underlying_price_t": 4924.97
                }
            },
            "sv_2023-12-01_2024-02-16": {
                "call": {
                    "start_date": "2023-12-01",
                    "strike": 4550.0,
                    "maturity": "2024-02-16",
                    "units": -0.001116494976628683,
                    "gamma": 0.001093979211486203,
                    "vega": 830.6794006983569,
                    "tau": 0.21095890410958903,
                    "delta_t_1": 0.9046491167013062,
                    "option_price_t_1": 378.11,
                    "underlying_t_1": 4927.93,
                    "Option_PnL": 0.0033383199801197724,
                    "Delta_PnL": 0.0029897071354494445,
                    "Total_PnL": 0.0003486128446703279,
                    "delta_t": 0.9028015428638416,
                    "option_price_t": 375.12,
                    "underlying_price_t": 4924.97
                },
                "put": {
                    "start_date": "2023-12-01",
                    "strike": 4550.0,
                    "maturity": "2024-02-16",
                    "units": -0.001116494976628683,
                    "gamma": 0.001093979211486203,
                    "vega": 830.6794006983569,
                    "tau": 0.21095890410958903,
                    "delta_t_1": -0.09535088329869379,
                    "option_price_t_1": 0.18,
                    "underlying_t_1": 4927.93,
                    "Option_PnL": 3.349484929886049e-05,
                    "Delta_PnL": -0.00031511799537149813,
                    "Total_PnL": 0.0003486128446703586,
                    "delta_t": -0.09719845713615838,
                    "option_price_t": 0.15,
                    "underlying_price_t": 4924.97
                }
            },
            "sv_2023-12-04_2024-02-16": {
                "call": {
                    "start_date": "2023-12-04",
                    "strike": 4600.0,
                    "maturity": "2024-02-16",
                    "units": -0.0011384526045815037,
                    "gamma": 0.0011748530868513323,
                    "vega": 819.7737133604769,
                    "tau": 0.20273972602739726,
                    "delta_t_1": 0.8759683430988667,
                    "option_price_t_1": 328.49,
                    "underlying_t_1": 4927.93,
                    "Option_PnL": 0.0034608959179277944,
                    "Delta_PnL": 0.0029518553875263094,
                    "Total_PnL": 0.000509040530401485,
                    "delta_t": 0.8737290676866749,
                    "option_price_t": 325.45,
                    "underlying_price_t": 4924.97
                },
                "put": {
                    "start_date": "2023-12-04",
                    "strike": 4600.0,
                    "maturity": "2024-02-16",
                    "units": -0.0011384526045815037,
                    "gamma": 0.0011748530868513323,
                    "vega": 819.7737133604769,
                    "tau": 0.20273972602739726,
                    "delta_t_1": -0.12403165690113327,
                    "option_price_t_1": 0.56,
                    "underlying_t_1": 4927.93,
                    "Option_PnL": 9.107620836652037e-05,
                    "Delta_PnL": -0.00041796432203498277,
                    "Total_PnL": 0.0005090405304015032,
                    "delta_t": -0.1262709323133251,
                    "option_price_t": 0.48,
                    "underlying_price_t": 4924.97
                }
            },
            "sv_2023-12-05_2024-02-16": {
                "call": {
                    "start_date": "2023-12-05",
                    "strike": 4550.0,
                    "maturity": "2024-02-16",
                    "units": -0.0011510255877088035,
                    "gamma": 0.0011826558151158835,
                    "vega": 811.6918790895201,
                    "tau": 0.2,
                    "delta_t_1": 0.9102361801985279,
                    "option_price_t_1": 378.11,
                    "underlying_t_1": 4927.93,
                    "Option_PnL": 0.003441566507249333,
                    "Delta_PnL": 0.003101207197429846,
                    "Total_PnL": 0.00034035930981948705,
                    "delta_t": 0.9084206067000045,
                    "option_price_t": 375.12,
                    "underlying_price_t": 4924.97
                },
                "put": {
                    "start_date": "2023-12-05",
                    "strike": 4550.0,
                    "maturity": "2024-02-16",
                    "units": -0.0011510255877088035,
                    "gamma": 0.0011826558151158835,
                    "vega": 811.6918790895201,
                    "tau": 0.2,
                    "delta_t_1": -0.08976381980147208,
                    "option_price_t_1": 0.18,
                    "underlying_t_1": 4927.93,
                    "Option_PnL": 3.4530767631264106e-05,
                    "Delta_PnL": -0.00030582854218825427,
                    "Total_PnL": 0.0003403593098195184,
                    "delta_t": -0.09157939329999554,
                    "option_price_t": 0.15,
                    "underlying_price_t": 4924.97
                }
            },
            "sv_2023-12-06_2024-02-16": {
                "call": {
                    "start_date": "2023-12-06",
                    "strike": 4550.0,
                    "maturity": "2024-02-16",
                    "units": -0.0011624974217316834,
                    "gamma": 0.0011948595871344588,
                    "vega": 805.5952110957406,
                    "tau": 0.19726027397260273,
                    "delta_t_1": 0.9116651147557266,
                    "option_price_t_1": 378.11,
                    "underlying_t_1": 4927.93,
                    "Option_PnL": 0.0034758672909777437,
                    "Delta_PnL": 0.003137032702343343,
                    "Total_PnL": 0.00033883458863440087,
                    "delta_t": 0.9098584319872531,
                    "option_price_t": 375.12,
                    "underlying_price_t": 4924.97
                },
                "put": {
                    "start_date": "2023-12-06",
                    "strike": 4550.0,
                    "maturity": "2024-02-16",
                    "units": -0.0011624974217316834,
                    "gamma": 0.0011948595871344588,
                    "vega": 805.5952110957406,
                    "tau": 0.19726027397260273,
                    "delta_t_1": -0.08833488524427335,
                    "option_price_t_1": 0.18,
                    "underlying_t_1": 4927.93,
                    "Option_PnL": 3.48749226519505e-05,
                    "Delta_PnL": -0.00030395966598248213,
                    "Total_PnL": 0.00033883458863443263,
                    "delta_t": -0.09014156801274686,
                    "option_price_t": 0.15,
                    "underlying_price_t": 4924.97
                }
            },
            "sv_2023-12-07_2024-02-16": {
                "call": {
                    "start_date": "2023-12-07",
                    "strike": 4550.0,
                    "maturity": "2024-02-16",
                    "units": -0.0011721147161009202,
                    "gamma": 0.0012540153488005555,
                    "vega": 798.0700956252136,
                    "tau": 0.19452054794520549,
                    "delta_t_1": 0.9131070371167811,
                    "option_price_t_1": 378.11,
                    "underlying_t_1": 4927.93,
                    "Option_PnL": 0.003504623001141762,
                    "Delta_PnL": 0.0031679879389165085,
                    "Total_PnL": 0.00033663506222525365,
                    "delta_t": 0.9113096281173819,
                    "option_price_t": 375.12,
                    "underlying_price_t": 4924.97
                },
                "put": {
                    "start_date": "2023-12-07",
                    "strike": 4550.0,
                    "maturity": "2024-02-16",
                    "units": -0.0011721147161009202,
                    "gamma": 0.0012540153488005555,
                    "vega": 798.0700956252136,
                    "tau": 0.19452054794520549,
                    "delta_t_1": -0.0868929628832189,
                    "option_price_t_1": 0.18,
                    "underlying_t_1": 4927.93,
                    "Option_PnL": 3.516344148302761e-05,
                    "Delta_PnL": -0.0003014716207422582,
                    "Total_PnL": 0.0003366350622252858,
                    "delta_t": -0.08869037188261808,
                    "option_price_t": 0.15,
                    "underlying_price_t": 4924.97
                }
            },
            "sv_2023-12-08_2024-02-16": {
                "call": {
                    "start_date": "2023-12-08",
                    "strike": 4600.0,
                    "maturity": "2024-02-16",
                    "units": -0.0011654270280031906,
                    "gamma": 0.0013483449877416613,
                    "vega": 803.5362677069255,
                    "tau": 0.1917808219178082,
                    "delta_t_1": 0.8821706526696391,
                    "option_price_t_1": 328.49,
                    "underlying_t_1": 4927.93,
                    "Option_PnL": 0.0035428981651297233,
                    "Delta_PnL": 0.003043192344919978,
                    "Total_PnL": 0.0004997058202097452,
                    "delta_t": 0.8799488117558626,
                    "option_price_t": 325.45,
                    "underlying_price_t": 4924.97
                },
                "put": {
                    "start_date": "2023-12-08",
                    "strike": 4600.0,
                    "maturity": "2024-02-16",
                    "units": -0.0011654270280031906,
                    "gamma": 0.0013483449877416613,
                    "vega": 803.5362677069255,
                    "tau": 0.1917808219178082,
                    "delta_t_1": -0.11782934733036088,
                    "option_price_t_1": 0.56,
                    "underlying_t_1": 4927.93,
                    "Option_PnL": 9.323416224025534e-05,
                    "Delta_PnL": -0.00040647165796950835,
                    "Total_PnL": 0.0004997058202097636,
                    "delta_t": -0.12005118824413741,
                    "option_price_t": 0.48,
                    "underlying_price_t": 4924.97
                }
            },
            "sv_2023-12-11_2024-02-16": {
                "call": {
                    "start_date": "2023-12-11",
                    "strike": 4600.0,
                    "maturity": "2024-02-16",
                    "units": -0.0011926163916333255,
                    "gamma": 0.0013946191460896483,
                    "vega": 785.3280327562117,
                    "tau": 0.18356164383561643,
                    "delta_t_1": 0.8870259794564952,
                    "option_price_t_1": 328.49,
                    "underlying_t_1": 4927.93,
                    "Option_PnL": 0.0036255538305653336,
                    "Delta_PnL": 0.0031313298997971265,
                    "Total_PnL": 0.0004942239307682071,
                    "delta_t": 0.8848209667892433,
                    "option_price_t": 325.45,
                    "underlying_price_t": 4924.97
                },
                "put": {
                    "start_date": "2023-12-11",
                    "strike": 4600.0,
                    "maturity": "2024-02-16",
                    "units": -0.0011926163916333255,
                    "gamma": 0.0013946191460896483,
                    "vega": 785.3280327562117,
                    "tau": 0.18356164383561643,
                    "delta_t_1": -0.1129740205435048,
                    "option_price_t_1": 0.56,
                    "underlying_t_1": 4927.93,
                    "Option_PnL": 9.540931133066612e-05,
                    "Delta_PnL": -0.0003988146194375604,
                    "Total_PnL": 0.0004942239307682265,
                    "delta_t": -0.11517903321075673,
                    "option_price_t": 0.48,
                    "underlying_price_t": 4924.97
                }
            },
            "sv_2023-12-12_2024-02-16": {
                "call": {
                    "start_date": "2023-12-12",
                    "strike": 4600.0,
                    "maturity": "2024-02-16",
                    "units": -0.0012088282840823426,
                    "gamma": 0.0014103690085008824,
                    "vega": 773.9842703602702,
                    "tau": 0.18082191780821918,
                    "delta_t_1": 0.8886847541288934,
                    "option_price_t_1": 328.49,
                    "underlying_t_1": 4927.93,
                    "Option_PnL": 0.003674837983610346,
                    "Delta_PnL": 0.0031798311086143945,
                    "Total_PnL": 0.0004950068749959517,
                    "delta_t": 0.8864861585180668,
                    "option_price_t": 325.45,
                    "underlying_price_t": 4924.97
                },
                "put": {
                    "start_date": "2023-12-12",
                    "strike": 4600.0,
                    "maturity": "2024-02-16",
                    "units": -0.0012088282840823426,
                    "gamma": 0.0014103690085008824,
                    "vega": 773.9842703602702,
                    "tau": 0.18082191780821918,
                    "delta_t_1": -0.11131524587110664,
                    "option_price_t_1": 0.56,
                    "underlying_t_1": 4927.93,
                    "Option_PnL": 9.67062627265875e-05,
                    "Delta_PnL": -0.00039830061226938366,
                    "Total_PnL": 0.0004950068749959712,
                    "delta_t": -0.11351384148193322,
                    "option_price_t": 0.48,
                    "underlying_price_t": 4924.97
                }
            },
            "sv_2023-12-13_2024-02-16": {
                "call": {
                    "start_date": "2023-12-13",
                    "strike": 4650.0,
                    "maturity": "2024-02-16",
                    "units": -0.0012033341816002382,
                    "gamma": 0.0013532748883992424,
                    "vega": 771.6623255248683,
                    "tau": 0.1780821917808219,
                    "delta_t_1": 0.8508562292248205,
                    "option_price_t_1": 279.44,
                    "underlying_t_1": 4927.93,
                    "Option_PnL": 0.00376643598840874,
                    "Delta_PnL": 0.003030638577391031,
                    "Total_PnL": 0.0007357974110177093,
                    "delta_t": 0.8481886247774555,
                    "option_price_t": 276.31,
                    "underlying_price_t": 4924.97
                },
                "put": {
                    "start_date": "2023-12-13",
                    "strike": 4650.0,
                    "maturity": "2024-02-16",
                    "units": -0.0012033341816002382,
                    "gamma": 0.0013532748883992424,
                    "vega": 771.6623255248683,
                    "tau": 0.1780821917808219,
                    "delta_t_1": -0.14914377077517948,
                    "option_price_t_1": 1.51,
                    "underlying_t_1": 4927.93,
                    "Option_PnL": 0.0002045668108720404,
                    "Delta_PnL": -0.000531230600145718,
                    "Total_PnL": 0.0007357974110177584,
                    "delta_t": -0.1518113752225445,
                    "option_price_t": 1.34,
                    "underlying_price_t": 4924.97
                }
            },
            "sv_2023-12-14_2024-02-16": {
                "call": {
                    "start_date": "2023-12-14",
                    "strike": 4700.0,
                    "maturity": "2024-02-16",
                    "units": -0.001183578541011054,
                    "gamma": 0.0014080244695696127,
                    "vega": 784.5320432799774,
                    "tau": 0.17534246575342466,
                    "delta_t_1": 0.8050977791881173,
                    "option_price_t_1": 231.57,
                    "underlying_t_1": 4927.93,
                    "Option_PnL": 0.003846630258285925,
                    "Delta_PnL": 0.0028205735063936608,
                    "Total_PnL": 0.0010260567518922642,
                    "delta_t": 0.8019616681817145,
                    "option_price_t": 228.32,
                    "underlying_price_t": 4924.97
                },
                "put": {
                    "start_date": "2023-12-14",
                    "strike": 4700.0,
                    "maturity": "2024-02-16",
                    "units": -0.001183578541011054,
                    "gamma": 0.0014080244695696127,
                    "vega": 784.5320432799774,
                    "tau": 0.17534246575342466,
                    "delta_t_1": -0.1949022208118827,
                    "option_price_t_1": 3.64,
                    "underlying_t_1": 4927.93,
                    "Option_PnL": 0.00034323777689320567,
                    "Delta_PnL": -0.0006828189749991018,
                    "Total_PnL": 0.0010260567518923075,
                    "delta_t": -0.19803833181828545,
                    "option_price_t": 3.35,
                    "underlying_price_t": 4924.97
                }
            },
            "sv_2023-12-15_2024-02-16": {
                "call": {
                    "start_date": "2023-12-15",
                    "strike": 4700.0,
                    "maturity": "2024-02-16",
                    "units": -0.001196835820995574,
                    "gamma": 0.0015266506048856997,
                    "vega": 778.1509343896957,
                    "tau": 0.1726027397260274,
                    "delta_t_1": 0.8068431708052268,
                    "option_price_t_1": 231.57,
                    "underlying_t_1": 4927.93,
                    "Option_PnL": 0.003889716418235616,
                    "Delta_PnL": 0.002858350073886259,
                    "Total_PnL": 0.001031366344349357,
                    "delta_t": 0.8036991895281962,
                    "option_price_t": 228.32,
                    "underlying_price_t": 4924.97
                },
                "put": {
                    "start_date": "2023-12-15",
                    "strike": 4700.0,
                    "maturity": "2024-02-16",
                    "units": -0.001196835820995574,
                    "gamma": 0.0015266506048856997,
                    "vega": 778.1509343896957,
                    "tau": 0.1726027397260274,
                    "delta_t_1": -0.19315682919477317,
                    "option_price_t_1": 3.64,
                    "underlying_t_1": 4927.93,
                    "Option_PnL": 0.0003470823880887165,
                    "Delta_PnL": -0.000684283956260684,
                    "Total_PnL": 0.0010313663443494005,
                    "delta_t": -0.1963008104718038,
                    "option_price_t": 3.35,
                    "underlying_price_t": 4924.97
                }
            },
            "sv_2023-12-18_2024-03-15": {
                "call": {
                    "start_date": "2023-12-18",
                    "strike": 4700.0,
                    "maturity": "2024-03-15",
                    "units": -0.0010175283429215117,
                    "gamma": 0.0012929574378237052,
                    "vega": 915.9139020522679,
                    "tau": 0.2410958904109589,
                    "delta_t_1": 0.771105813342418,
                    "option_price_t_1": 248.01,
                    "underlying_t_1": 4927.93,
                    "Option_PnL": 0.0031238120127690338,
                    "Delta_PnL": 0.0023224811805836955,
                    "Total_PnL": 0.0008013308321853383,
                    "delta_t": 0.7681738293422318,
                    "option_price_t": 244.94,
                    "underlying_price_t": 4924.97
                },
                "put": {
                    "start_date": "2023-12-18",
                    "strike": 4700.0,
                    "maturity": "2024-03-15",
                    "units": -0.0010175283429215117,
                    "gamma": 0.0012929574378237052,
                    "vega": 915.9139020522679,
                    "tau": 0.2410958904109589,
                    "delta_t_1": -0.228894186657582,
                    "option_price_t_1": 20.08,
                    "underlying_t_1": 4927.93,
                    "Option_PnL": 0.00011192811772136571,
                    "Delta_PnL": -0.000689402714464016,
                    "Total_PnL": 0.0008013308321853817,
                    "delta_t": -0.23182617065776823,
                    "option_price_t": 19.97,
                    "underlying_price_t": 4924.97
                }
            },
            "sv_2023-12-19_2024-03-15": {
                "call": {
                    "start_date": "2023-12-19",
                    "strike": 4750.0,
                    "maturity": "2024-03-15",
                    "units": -0.0010070353676400554,
                    "gamma": 0.0013015096163056222,
                    "vega": 924.7897033003402,
                    "tau": 0.23835616438356164,
                    "delta_t_1": 0.7214000486986372,
                    "option_price_t_1": 207.96,
                    "underlying_t_1": 4927.93,
                    "Option_PnL": 0.0030412468102729777,
                    "Delta_PnL": 0.002150367075240113,
                    "Total_PnL": 0.0008908797350328647,
                    "delta_t": 0.7181849687413919,
                    "option_price_t": 204.94,
                    "underlying_price_t": 4924.97
                },
                "put": {
                    "start_date": "2023-12-19",
                    "strike": 4750.0,
                    "maturity": "2024-03-15",
                    "units": -0.0010070353676400554,
                    "gamma": 0.0013015096163056222,
                    "vega": 924.7897033003402,
                    "tau": 0.23835616438356164,
                    "delta_t_1": -0.27859995130136284,
                    "option_price_t_1": 30.03,
                    "underlying_t_1": 4927.93,
                    "Option_PnL": 6.042212205840562e-05,
                    "Delta_PnL": -0.0008304576129744878,
                    "Total_PnL": 0.0008908797350328935,
                    "delta_t": -0.2818150312586081,
                    "option_price_t": 29.97,
                    "underlying_price_t": 4924.97
                }
            },
            "sv_2023-12-20_2024-03-15": {
                "call": {
                    "start_date": "2023-12-20",
                    "strike": 4750.0,
                    "maturity": "2024-03-15",
                    "units": -0.0010275642840051101,
                    "gamma": 0.0012009063055708803,
                    "vega": 903.2264679949546,
                    "tau": 0.2356164383561644,
                    "delta_t_1": 0.7224129829973923,
                    "option_price_t_1": 207.96,
                    "underlying_t_1": 4927.93,
                    "Option_PnL": 0.003103244137695443,
                    "Delta_PnL": 0.0021972843077039724,
                    "Total_PnL": 0.0009059598299914705,
                    "delta_t": 0.7191847801276361,
                    "option_price_t": 204.94,
                    "underlying_price_t": 4924.97
                },
                "put": {
                    "start_date": "2023-12-20",
                    "strike": 4750.0,
                    "maturity": "2024-03-15",
                    "units": -0.0010275642840051101,
                    "gamma": 0.0012009063055708803,
                    "vega": 903.2264679949546,
                    "tau": 0.2356164383561644,
                    "delta_t_1": -0.2775870170026077,
                    "option_price_t_1": 30.03,
                    "underlying_t_1": 4927.93,
                    "Option_PnL": 6.165385704030895e-05,
                    "Delta_PnL": -0.0008443059729511911,
                    "Total_PnL": 0.0009059598299915,
                    "delta_t": -0.2808152198723639,
                    "option_price_t": 29.97,
                    "underlying_price_t": 4924.97
                }
            },
            "sv_2023-12-21_2024-03-15": {
                "call": {
                    "start_date": "2023-12-21",
                    "strike": 4700.0,
                    "maturity": "2024-03-15",
                    "units": -0.0010285968178303656,
                    "gamma": 0.001166938663201666,
                    "vega": 899.9503824494378,
                    "tau": 0.2328767123287671,
                    "delta_t_1": 0.7746727908564004,
                    "option_price_t_1": 248.01,
                    "underlying_t_1": 4927.93,
                    "Option_PnL": 0.0031577922307392155,
                    "Delta_PnL": 0.0023586048639026276,
                    "Total_PnL": 0.0007991873668365878,
                    "delta_t": 0.7717151150753842,
                    "option_price_t": 244.94,
                    "underlying_price_t": 4924.97
                },
                "put": {
                    "start_date": "2023-12-21",
                    "strike": 4700.0,
                    "maturity": "2024-03-15",
                    "units": -0.0010285968178303656,
                    "gamma": 0.001166938663201666,
                    "vega": 899.9503824494378,
                    "tau": 0.2328767123287671,
                    "delta_t_1": -0.2253272091435996,
                    "option_price_t_1": 20.08,
                    "underlying_t_1": 4927.93,
                    "Option_PnL": 0.00011314564996133963,
                    "Delta_PnL": -0.0006860417168752917,
                    "Total_PnL": 0.0007991873668366314,
                    "delta_t": -0.22828488492461585,
                    "option_price_t": 19.97,
                    "underlying_price_t": 4924.97
                }
            },
            "sv_2023-12-22_2024-03-15": {
                "call": {
                    "start_date": "2023-12-22",
                    "strike": 4750.0,
                    "maturity": "2024-03-15",
                    "units": -0.0010201607256675857,
                    "gamma": 0.0012297611253123785,
                    "vega": 908.8912790432216,
                    "tau": 0.23013698630136986,
                    "delta_t_1": 0.7244894745777354,
                    "option_price_t_1": 207.96,
                    "underlying_t_1": 4927.93,
                    "Option_PnL": 0.0030808853915161192,
                    "Delta_PnL": 0.002187723296046328,
                    "Total_PnL": 0.0008931620954697912,
                    "delta_t": 0.7212346070402333,
                    "option_price_t": 204.94,
                    "underlying_price_t": 4924.97
                },
                "put": {
                    "start_date": "2023-12-22",
                    "strike": 4750.0,
                    "maturity": "2024-03-15",
                    "units": -0.0010201607256675857,
                    "gamma": 0.0012297611253123785,
                    "vega": 908.8912790432216,
                    "tau": 0.23013698630136986,
                    "delta_t_1": -0.2755105254222646,
                    "option_price_t_1": 30.03,
                    "underlying_t_1": 4927.93,
                    "Option_PnL": 6.120964354005746e-05,
                    "Delta_PnL": -0.0008319524519297627,
                    "Total_PnL": 0.0008931620954698201,
                    "delta_t": -0.27876539295976666,
                    "option_price_t": 29.97,
                    "underlying_price_t": 4924.97
                }
            },
            "sv_2023-12-26_2024-03-15": {
                "call": {
                    "start_date": "2023-12-26",
                    "strike": 4750.0,
                    "maturity": "2024-03-15",
                    "units": -0.0010492243252919866,
                    "gamma": 0.0013130612011251516,
                    "vega": 886.0258914220483,
                    "tau": 0.2191780821917808,
                    "delta_t_1": 0.7288580287385453,
                    "option_price_t_1": 207.96,
                    "underlying_t_1": 4927.93,
                    "Option_PnL": 0.00316865746238181,
                    "Delta_PnL": 0.0022636172973730965,
                    "Total_PnL": 0.0009050401650087135,
                    "delta_t": 0.7255481100869736,
                    "option_price_t": 204.94,
                    "underlying_price_t": 4924.97
                },
                "put": {
                    "start_date": "2023-12-26",
                    "strike": 4750.0,
                    "maturity": "2024-03-15",
                    "units": -0.0010492243252919866,
                    "gamma": 0.0013130612011251516,
                    "vega": 886.0258914220483,
                    "tau": 0.2191780821917808,
                    "delta_t_1": -0.2711419712614547,
                    "option_price_t_1": 30.03,
                    "underlying_t_1": 4927.93,
                    "Option_PnL": 6.295345951752157e-05,
                    "Delta_PnL": -0.0008420867054912218,
                    "Total_PnL": 0.0009050401650087434,
                    "delta_t": -0.2744518899130264,
                    "option_price_t": 29.97,
                    "underlying_price_t": 4924.97
                }
            },
            "sv_2023-12-27_2024-03-15": {
                "call": {
                    "start_date": "2023-12-27",
                    "strike": 4750.0,
                    "maturity": "2024-03-15",
                    "units": -0.0010576864842546123,
                    "gamma": 0.0013203716200446498,
                    "vega": 879.151395362844,
                    "tau": 0.21643835616438356,
                    "delta_t_1": 0.7299980140458839,
                    "option_price_t_1": 207.96,
                    "underlying_t_1": 4927.93,
                    "Option_PnL": 0.00319421318244894,
                    "Delta_PnL": 0.0022854427376475866,
                    "Total_PnL": 0.0009087704448013535,
                    "delta_t": 0.7266739646139897,
                    "option_price_t": 204.94,
                    "underlying_price_t": 4924.97
                },
                "put": {
                    "start_date": "2023-12-27",
                    "strike": 4750.0,
                    "maturity": "2024-03-15",
                    "units": -0.0010576864842546123,
                    "gamma": 0.0013203716200446498,
                    "vega": 879.151395362844,
                    "tau": 0.21643835616438356,
                    "delta_t_1": -0.27000198595411606,
                    "option_price_t_1": 30.03,
                    "underlying_t_1": 4927.93,
                    "Option_PnL": 6.346118905527914e-05,
                    "Delta_PnL": -0.0008453092557461042,
                    "Total_PnL": 0.0009087704448013834,
                    "delta_t": -0.2733260353860103,
                    "option_price_t": 29.97,
                    "underlying_price_t": 4924.97
                }
            },
            "sv_2023-12-28_2024-03-15": {
                "call": {
                    "start_date": "2023-12-28",
                    "strike": 4800.0,
                    "maturity": "2024-03-15",
                    "units": -0.001058881635054467,
                    "gamma": 0.0014869478285794166,
                    "vega": 881.6428650892758,
                    "tau": 0.2136986301369863,
                    "delta_t_1": 0.6735646764892526,
                    "option_price_t_1": 171.21,
                    "underlying_t_1": 4927.93,
                    "Option_PnL": 0.0030919343743590604,
                    "Delta_PnL": 0.0021111467872294096,
                    "Total_PnL": 0.0009807875871296508,
                    "delta_t": 0.6699783723160151,
                    "option_price_t": 168.29,
                    "underlying_price_t": 4924.97
                },
                "put": {
                    "start_date": "2023-12-28",
                    "strike": 4800.0,
                    "maturity": "2024-03-15",
                    "units": -0.001058881635054467,
                    "gamma": 0.0014869478285794166,
                    "vega": 881.6428650892758,
                    "tau": 0.2136986301369863,
                    "delta_t_1": -0.32643532351074744,
                    "option_price_t_1": 43.28,
                    "underlying_t_1": 4927.93,
                    "Option_PnL": -4.235526540217778e-05,
                    "Delta_PnL": -0.0010231428525318512,
                    "Total_PnL": 0.0009807875871296733,
                    "delta_t": -0.3300216276839849,
                    "option_price_t": 43.32,
                    "underlying_price_t": 4924.97
                }
            },
            "sv_2023-12-29_2024-03-15": {
                "call": {
                    "start_date": "2023-12-29",
                    "strike": 4800.0,
                    "maturity": "2024-03-15",
                    "units": -0.0010722391918110935,
                    "gamma": 0.0014814147875801017,
                    "vega": 870.927041754934,
                    "tau": 0.21095890410958903,
                    "delta_t_1": 0.6744675792342615,
                    "option_price_t_1": 171.21,
                    "underlying_t_1": 4927.93,
                    "Option_PnL": 0.00313093844008841,
                    "Delta_PnL": 0.0021406440933003767,
                    "Total_PnL": 0.0009902943467880333,
                    "delta_t": 0.6708618993641372,
                    "option_price_t": 168.29,
                    "underlying_price_t": 4924.97
                },
                "put": {
                    "start_date": "2023-12-29",
                    "strike": 4800.0,
                    "maturity": "2024-03-15",
                    "units": -0.0010722391918110935,
                    "gamma": 0.0014814147875801017,
                    "vega": 870.927041754934,
                    "tau": 0.21095890410958903,
                    "delta_t_1": -0.3255324207657385,
                    "option_price_t_1": 43.28,
                    "underlying_t_1": 4927.93,
                    "Option_PnL": -4.288956767244283e-05,
                    "Delta_PnL": -0.001033183914460499,
                    "Total_PnL": 0.0009902943467880562,
                    "delta_t": -0.3291381006358628,
                    "option_price_t": 43.32,
                    "underlying_price_t": 4924.97
                }
            },
            "sv_2024-01-02_2024-03-15": {
                "call": {
                    "start_date": "2024-01-02",
                    "strike": 4750.0,
                    "maturity": "2024-03-15",
                    "units": -0.0011048921300328594,
                    "gamma": 0.001500267015168505,
                    "vega": 846.1792354859504,
                    "tau": 0.2,
                    "delta_t_1": 0.7372837965764024,
                    "option_price_t_1": 207.96,
                    "underlying_t_1": 4927.93,
                    "Option_PnL": 0.0033367742326992464,
                    "Delta_PnL": 0.002411272430736553,
                    "Total_PnL": 0.0009255018019626933,
                    "delta_t": 0.7338717619708182,
                    "option_price_t": 204.94,
                    "underlying_price_t": 4924.97
                },
                "put": {
                    "start_date": "2024-01-02",
                    "strike": 4750.0,
                    "maturity": "2024-03-15",
                    "units": -0.0011048921300328594,
                    "gamma": 0.001500267015168505,
                    "vega": 846.1792354859504,
                    "tau": 0.2,
                    "delta_t_1": -0.2627162034235976,
                    "option_price_t_1": 30.03,
                    "underlying_t_1": 4927.93,
                    "Option_PnL": 6.629352780197408e-05,
                    "Delta_PnL": -0.0008592082741607509,
                    "Total_PnL": 0.000925501801962725,
                    "delta_t": -0.26612823802918184,
                    "option_price_t": 29.97,
                    "underlying_price_t": 4924.97
                }
            },
            "sv_2024-01-03_2024-03-15": {
                "call": {
                    "start_date": "2024-01-03",
                    "strike": 4750.0,
                    "maturity": "2024-03-15",
                    "units": -0.0011318328559375252,
                    "gamma": 0.0014558320461121126,
                    "vega": 825.8618413996285,
                    "tau": 0.19726027397260273,
                    "delta_t_1": 0.7385784022852618,
                    "option_price_t_1": 207.96,
                    "underlying_t_1": 4927.93,
                    "Option_PnL": 0.0034181352249313375,
                    "Delta_PnL": 0.002474404015081245,
                    "Total_PnL": 0.0009437312098500923,
                    "delta_t": 0.7351511591383685,
                    "option_price_t": 204.94,
                    "underlying_price_t": 4924.97
                },
                "put": {
                    "start_date": "2024-01-03",
                    "strike": 4750.0,
                    "maturity": "2024-03-15",
                    "units": -0.0011318328559375252,
                    "gamma": 0.0014558320461121126,
                    "vega": 825.8618413996285,
                    "tau": 0.19726027397260273,
                    "delta_t_1": -0.26142159771473816,
                    "option_price_t_1": 30.03,
                    "underlying_t_1": 4927.93,
                    "Option_PnL": 6.790997135625409e-05,
                    "Delta_PnL": -0.0008758212384938706,
                    "Total_PnL": 0.0009437312098501248,
                    "delta_t": -0.2648488408616315,
                    "option_price_t": 29.97,
                    "underlying_price_t": 4924.97
                }
            },
            "sv_2024-01-04_2024-03-15": {
                "call": {
                    "start_date": "2024-01-04",
                    "strike": 4700.0,
                    "maturity": "2024-03-15",
                    "units": -0.0011347508220209649,
                    "gamma": 0.0014939957536514639,
                    "vega": 824.9005937850584,
                    "tau": 0.19452054794520549,
                    "delta_t_1": 0.7937312563029446,
                    "option_price_t_1": 248.01,
                    "underlying_t_1": 4927.93,
                    "Option_PnL": 0.0034836850236043544,
                    "Delta_PnL": 0.0026660340988383913,
                    "Total_PnL": 0.0008176509247659631,
                    "delta_t": 0.7906529165710782,
                    "option_price_t": 244.94,
                    "underlying_price_t": 4924.97
                },
                "put": {
                    "start_date": "2024-01-04",
                    "strike": 4700.0,
                    "maturity": "2024-03-15",
                    "units": -0.0011347508220209649,
                    "gamma": 0.0014939957536514639,
                    "vega": 824.9005937850584,
                    "tau": 0.19452054794520549,
                    "delta_t_1": -0.2062687436970554,
                    "option_price_t_1": 20.08,
                    "underlying_t_1": 4927.93,
                    "Option_PnL": 0.0001248225904223055,
                    "Delta_PnL": -0.0006928283343437059,
                    "Total_PnL": 0.0008176509247660113,
                    "delta_t": -0.20934708342892183,
                    "option_price_t": 19.97,
                    "underlying_price_t": 4924.97
                }
            },
            "sv_2024-01-05_2024-03-15": {
                "call": {
                    "start_date": "2024-01-05",
                    "strike": 4700.0,
                    "maturity": "2024-03-15",
                    "units": -0.0011410594889041143,
                    "gamma": 0.0015069901550138472,
                    "vega": 820.515873295382,
                    "tau": 0.1917808219178082,
                    "delta_t_1": 0.795269715878888,
                    "option_price_t_1": 248.01,
                    "underlying_t_1": 4927.93,
                    "Option_PnL": 0.003503052630935623,
                    "Delta_PnL": 0.002686052164403418,
                    "Total_PnL": 0.0008170004665322052,
                    "delta_t": 0.7921829111854283,
                    "option_price_t": 244.94,
                    "underlying_price_t": 4924.97
                },
                "put": {
                    "start_date": "2024-01-05",
                    "strike": 4700.0,
                    "maturity": "2024-03-15",
                    "units": -0.0011410594889041143,
                    "gamma": 0.0015069901550138472,
                    "vega": 820.515873295382,
                    "tau": 0.1917808219178082,
                    "delta_t_1": -0.20473028412111205,
                    "option_price_t_1": 20.08,
                    "underlying_t_1": 4927.93,
                    "Option_PnL": 0.0001255165437794519,
                    "Delta_PnL": -0.0006914839227528019,
                    "Total_PnL": 0.0008170004665322538,
                    "delta_t": -0.20781708881457173,
                    "option_price_t": 19.97,
                    "underlying_price_t": 4924.97
                }
            },
            "sv_2024-01-08_2024-03-15": {
                "call": {
                    "start_date": "2024-01-08",
                    "strike": 4700.0,
                    "maturity": "2024-03-15",
                    "units": -0.0011818728190159645,
                    "gamma": 0.0013905152351919624,
                    "vega": 787.1961028844235,
                    "tau": 0.18356164383561643,
                    "delta_t_1": 0.8000509100074118,
                    "option_price_t_1": 248.01,
                    "underlying_t_1": 4927.93,
                    "Option_PnL": 0.0036283495543790027,
                    "Delta_PnL": 0.002798852936125607,
                    "Total_PnL": 0.0008294966182533958,
                    "delta_t": 0.7969390749399303,
                    "option_price_t": 244.94,
                    "underlying_price_t": 4924.97
                },
                "put": {
                    "start_date": "2024-01-08",
                    "strike": 4700.0,
                    "maturity": "2024-03-15",
                    "units": -0.0011818728190159645,
                    "gamma": 0.0013905152351919624,
                    "vega": 787.1961028844235,
                    "tau": 0.18356164383561643,
                    "delta_t_1": -0.1999490899925882,
                    "option_price_t_1": 20.08,
                    "underlying_t_1": 4927.93,
                    "Option_PnL": 0.00013000601009175542,
                    "Delta_PnL": -0.0006994906081616908,
                    "Total_PnL": 0.0008294966182534463,
                    "delta_t": -0.20306092506006967,
                    "option_price_t": 19.97,
                    "underlying_price_t": 4924.97
                }
            },
            "sv_2024-01-09_2024-03-15": {
                "call": {
                    "start_date": "2024-01-09",
                    "strike": 4750.0,
                    "maturity": "2024-03-15",
                    "units": -0.0011555463810055675,
                    "gamma": 0.0014454430525877558,
                    "vega": 805.7919809977078,
                    "tau": 0.18082191780821918,
                    "delta_t_1": 0.7468955217022545,
                    "option_price_t_1": 207.96,
                    "underlying_t_1": 4927.93,
                    "Option_PnL": 0.0034897500706368256,
                    "Delta_PnL": 0.002554694354593256,
                    "Total_PnL": 0.0009350557160435697,
                    "delta_t": 0.743373698086637,
                    "option_price_t": 204.94,
                    "underlying_price_t": 4924.97
                },
                "put": {
                    "start_date": "2024-01-09",
                    "strike": 4750.0,
                    "maturity": "2024-03-15",
                    "units": -0.0011555463810055675,
                    "gamma": 0.0014454430525877558,
                    "vega": 805.7919809977078,
                    "tau": 0.18082191780821918,
                    "delta_t_1": -0.2531044782977455,
                    "option_price_t_1": 30.03,
                    "underlying_t_1": 4927.93,
                    "Option_PnL": 6.933278286033668e-05,
                    "Delta_PnL": -0.0008657229331832663,
                    "Total_PnL": 0.000935055716043603,
                    "delta_t": -0.256626301913363,
                    "option_price_t": 29.97,
                    "underlying_price_t": 4924.97
                }
            },
            "sv_2024-01-10_2024-03-15": {
                "call": {
                    "start_date": "2024-01-10",
                    "strike": 4750.0,
                    "maturity": "2024-03-15",
                    "units": -0.0011679243252862002,
                    "gamma": 0.001431727361012491,
                    "vega": 796.2216990268364,
                    "tau": 0.1780821917808219,
                    "delta_t_1": 0.7483813283618215,
                    "option_price_t_1": 207.96,
                    "underlying_t_1": 4927.93,
                    "Option_PnL": 0.0035271314623643367,
                    "Delta_PnL": 0.002587196163631993,
                    "Total_PnL": 0.0009399352987323438,
                    "delta_t": 0.7448431864951823,
                    "option_price_t": 204.94,
                    "underlying_price_t": 4924.97
                },
                "put": {
                    "start_date": "2024-01-10",
                    "strike": 4750.0,
                    "maturity": "2024-03-15",
                    "units": -0.0011679243252862002,
                    "gamma": 0.001431727361012491,
                    "vega": 796.2216990268364,
                    "tau": 0.1780821917808219,
                    "delta_t_1": -0.2516186716381785,
                    "option_price_t_1": 30.03,
                    "underlying_t_1": 4927.93,
                    "Option_PnL": 7.007545951717467e-05,
                    "Delta_PnL": -0.0008698598392152024,
                    "Total_PnL": 0.0009399352987323771,
                    "delta_t": -0.25515681350481767,
                    "option_price_t": 29.97,
                    "underlying_price_t": 4924.97
                }
            },
            "sv_2024-01-11_2024-03-15": {
                "call": {
                    "start_date": "2024-01-11",
                    "strike": 4800.0,
                    "maturity": "2024-03-15",
                    "units": -0.0011663196138315395,
                    "gamma": 0.0014565853151605125,
                    "vega": 797.7989778187459,
                    "tau": 0.17534246575342466,
                    "delta_t_1": 0.6880434299412292,
                    "option_price_t_1": 171.21,
                    "underlying_t_1": 4927.93,
                    "Option_PnL": 0.003405653272388114,
                    "Delta_PnL": 0.002375336500624841,
                    "Total_PnL": 0.001030316771763273,
                    "delta_t": 0.6841550606156175,
                    "option_price_t": 168.29,
                    "underlying_price_t": 4924.97
                },
                "put": {
                    "start_date": "2024-01-11",
                    "strike": 4800.0,
                    "maturity": "2024-03-15",
                    "units": -0.0011663196138315395,
                    "gamma": 0.0014565853151605125,
                    "vega": 797.7989778187459,
                    "tau": 0.17534246575342466,
                    "delta_t_1": -0.31195657005877075,
                    "option_price_t_1": 43.28,
                    "underlying_t_1": 4927.93,
                    "Option_PnL": -4.665278455326059e-05,
                    "Delta_PnL": -0.0010769695563165582,
                    "Total_PnL": 0.0010303167717632977,
                    "delta_t": -0.3158449393843825,
                    "option_price_t": 43.32,
                    "underlying_price_t": 4924.97
                }
            },
            "sv_2024-01-12_2024-03-15": {
                "call": {
                    "start_date": "2024-01-12",
                    "strike": 4800.0,
                    "maturity": "2024-03-15",
                    "units": -0.0011746105996488332,
                    "gamma": 0.0014705214892240914,
                    "vega": 792.498403132488,
                    "tau": 0.1726027397260274,
                    "delta_t_1": 0.6892549434390243,
                    "option_price_t_1": 171.21,
                    "underlying_t_1": 4927.93,
                    "Option_PnL": 0.0034298629509746117,
                    "Delta_PnL": 0.0023964342407745806,
                    "Total_PnL": 0.001033428710200031,
                    "delta_t": 0.6853421276896265,
                    "option_price_t": 168.29,
                    "underlying_price_t": 4924.97
                },
                "put": {
                    "start_date": "2024-01-12",
                    "strike": 4800.0,
                    "maturity": "2024-03-15",
                    "units": -0.0011746105996488332,
                    "gamma": 0.0014705214892240914,
                    "vega": 792.498403132488,
                    "tau": 0.1726027397260274,
                    "delta_t_1": -0.31074505656097573,
                    "option_price_t_1": 43.28,
                    "underlying_t_1": 4927.93,
                    "Option_PnL": -4.698442398595233e-05,
                    "Delta_PnL": -0.0010804131341860081,
                    "Total_PnL": 0.0010334287102000557,
                    "delta_t": -0.31465787231037345,
                    "option_price_t": 43.32,
                    "underlying_price_t": 4924.97
                }
            },
            "sv_2024-01-16_2024-03-15": {
                "call": {
                    "start_date": "2024-01-16",
                    "strike": 4800.0,
                    "maturity": "2024-03-15",
                    "units": -0.0012271672947052638,
                    "gamma": 0.0015068911482450911,
                    "vega": 760.5430341511925,
                    "tau": 0.16164383561643836,
                    "delta_t_1": 0.6943954773744753,
                    "option_price_t_1": 171.21,
                    "underlying_t_1": 4927.93,
                    "Option_PnL": 0.0035833285005393897,
                    "Delta_PnL": 0.002522332681498638,
                    "Total_PnL": 0.0010609958190407518,
                    "delta_t": 0.6903803525662329,
                    "option_price_t": 168.29,
                    "underlying_price_t": 4924.97
                },
                "put": {
                    "start_date": "2024-01-16",
                    "strike": 4800.0,
                    "maturity": "2024-03-15",
                    "units": -0.0012271672947052638,
                    "gamma": 0.0015068911482450911,
                    "vega": 760.5430341511925,
                    "tau": 0.16164383561643836,
                    "delta_t_1": -0.30560452262552473,
                    "option_price_t_1": 43.28,
                    "underlying_t_1": 4927.93,
                    "Option_PnL": -4.9086691788209505e-05,
                    "Delta_PnL": -0.0011100825108289877,
                    "Total_PnL": 0.0010609958190407782,
                    "delta_t": -0.30961964743376713,
                    "option_price_t": 43.32,
                    "underlying_price_t": 4924.97
                }
            },
            "sv_2024-01-17_2024-03-15": {
                "call": {
                    "start_date": "2024-01-17",
                    "strike": 4750.0,
                    "maturity": "2024-03-15",
                    "units": -0.0012402042087165956,
                    "gamma": 0.001523540070591434,
                    "vega": 753.6050064101001,
                    "tau": 0.1589041095890411,
                    "delta_t_1": 0.7597123798363388,
                    "option_price_t_1": 207.96,
                    "underlying_t_1": 4927.93,
                    "Option_PnL": 0.0037454167103241317,
                    "Delta_PnL": 0.002788907533025934,
                    "Total_PnL": 0.0009565091772981977,
                    "delta_t": 0.7560557347889596,
                    "option_price_t": 204.94,
                    "underlying_price_t": 4924.97
                },
                "put": {
                    "start_date": "2024-01-17",
                    "strike": 4750.0,
                    "maturity": "2024-03-15",
                    "units": -0.0012402042087165956,
                    "gamma": 0.001523540070591434,
                    "vega": 753.6050064101001,
                    "tau": 0.1589041095890411,
                    "delta_t_1": -0.24028762016366123,
                    "option_price_t_1": 30.03,
                    "underlying_t_1": 4927.93,
                    "Option_PnL": 7.441225252299856e-05,
                    "Delta_PnL": -0.0008820969247752343,
                    "Total_PnL": 0.0009565091772982329,
                    "delta_t": -0.2439442652110404,
                    "option_price_t": 29.97,
                    "underlying_price_t": 4924.97
                }
            },
            "sv_2024-01-18_2024-03-15": {
                "call": {
                    "start_date": "2024-01-18",
                    "strike": 4750.0,
                    "maturity": "2024-03-15",
                    "units": -0.001249332260656631,
                    "gamma": 0.001502065279221536,
                    "vega": 745.7803658931081,
                    "tau": 0.15616438356164383,
                    "delta_t_1": 0.7614785805964153,
                    "option_price_t_1": 207.96,
                    "underlying_t_1": 4927.93,
                    "Option_PnL": 0.0037729834271830382,
                    "Delta_PnL": 0.0028159656793528757,
                    "Total_PnL": 0.0009570177478301625,
                    "delta_t": 0.7578044325429047,
                    "option_price_t": 204.94,
                    "underlying_price_t": 4924.97
                },
                "put": {
                    "start_date": "2024-01-18",
                    "strike": 4750.0,
                    "maturity": "2024-03-15",
                    "units": -0.001249332260656631,
                    "gamma": 0.001502065279221536,
                    "vega": 745.7803658931081,
                    "tau": 0.15616438356164383,
                    "delta_t_1": -0.23852141940358473,
                    "option_price_t_1": 30.03,
                    "underlying_t_1": 4927.93,
                    "Option_PnL": 7.49599356394007e-05,
                    "Delta_PnL": -0.0008820578121907971,
                    "Total_PnL": 0.0009570177478301978,
                    "delta_t": -0.24219556745709525,
                    "option_price_t": 29.97,
                    "underlying_price_t": 4924.97
                }
            },
            "sv_2024-01-19_2024-03-15": {
                "call": {
                    "start_date": "2024-01-19",
                    "strike": 4800.0,
                    "maturity": "2024-03-15",
                    "units": -0.0012577641323225923,
                    "gamma": 0.0014430757365287944,
                    "vega": 744.7992775802269,
                    "tau": 0.15342465753424658,
                    "delta_t_1": 0.6985937311802191,
                    "option_price_t_1": 171.21,
                    "underlying_t_1": 4927.93,
                    "Option_PnL": 0.0036726712663819896,
                    "Delta_PnL": 0.002600851768905948,
                    "Total_PnL": 0.0010718194974760416,
                    "delta_t": 0.6944967582968586,
                    "option_price_t": 168.29,
                    "underlying_price_t": 4924.97
                },
                "put": {
                    "start_date": "2024-01-19",
                    "strike": 4800.0,
                    "maturity": "2024-03-15",
                    "units": -0.0012577641323225923,
                    "gamma": 0.0014430757365287944,
                    "vega": 744.7992775802269,
                    "tau": 0.15342465753424658,
                    "delta_t_1": -0.30140626881978094,
                    "option_price_t_1": 43.28,
                    "underlying_t_1": 4927.93,
                    "Option_PnL": -5.031056529290262e-05,
                    "Delta_PnL": -0.001122130062768971,
                    "Total_PnL": 0.0010718194974760685,
                    "delta_t": -0.30550324170314136,
                    "option_price_t": 43.32,
                    "underlying_price_t": 4924.97
                }
            },
            "sv_2024-01-22_2024-04-19": {
                "call": {
                    "start_date": "2024-01-22",
                    "strike": 4850.0,
                    "maturity": "2024-04-19",
                    "units": -0.000988315409080919,
                    "gamma": 0.001177855899838304,
                    "vega": 949.5137223452045,
                    "tau": 0.2410958904109589,
                    "delta_t_1": 0.607218679821612,
                    "option_price_t_1": 167.76,
                    "underlying_t_1": 4927.93,
                    "Option_PnL": 0.00241148959815744,
                    "Delta_PnL": 0.0017763657907304592,
                    "Total_PnL": 0.0006351238074269808,
                    "delta_t": 0.6036818912743085,
                    "option_price_t": 165.32,
                    "underlying_price_t": 4924.97
                },
                "put": {
                    "start_date": "2024-01-22",
                    "strike": 4850.0,
                    "maturity": "2024-04-19",
                    "units": -0.000988315409080919,
                    "gamma": 0.001177855899838304,
                    "vega": 949.5137223452045,
                    "tau": 0.2410958904109589,
                    "delta_t_1": -0.39278132017838796,
                    "option_price_t_1": 89.83,
                    "underlying_t_1": 4927.93,
                    "Option_PnL": -0.0005139240127220738,
                    "Delta_PnL": -0.001149047820149097,
                    "Total_PnL": 0.000635123807427023,
                    "delta_t": -0.3963181087256915,
                    "option_price_t": 90.35,
                    "underlying_price_t": 4924.97
                }
            },
            "sv_2024-01-23_2024-04-19": {
                "call": {
                    "start_date": "2024-01-23",
                    "strike": 4850.0,
                    "maturity": "2024-04-19",
                    "units": -0.0009937142690983317,
                    "gamma": 0.0011904871776629777,
                    "vega": 944.5951174334452,
                    "tau": 0.23835616438356164,
                    "delta_t_1": 0.607671318126546,
                    "option_price_t_1": 167.76,
                    "underlying_t_1": 4927.93,
                    "Option_PnL": 0.002424662816599927,
                    "Delta_PnL": 0.0017874009128426777,
                    "Total_PnL": 0.0006372619037572495,
                    "delta_t": 0.604115215291946,
                    "option_price_t": 165.32,
                    "underlying_price_t": 4924.97
                },
                "put": {
                    "start_date": "2024-01-23",
                    "strike": 4850.0,
                    "maturity": "2024-04-19",
                    "units": -0.0009937142690983317,
                    "gamma": 0.0011904871776629777,
                    "vega": 944.5951174334452,
                    "tau": 0.23835616438356164,
                    "delta_t_1": -0.39232868187345404,
                    "option_price_t_1": 89.83,
                    "underlying_t_1": 4927.93,
                    "Option_PnL": -0.0005167314199311285,
                    "Delta_PnL": -0.0011539933236884203,
                    "Total_PnL": 0.0006372619037572918,
                    "delta_t": -0.395884784708054,
                    "option_price_t": 90.35,
                    "underlying_price_t": 4924.97
                }
            },
            "sv_2024-01-24_2024-04-19": {
                "call": {
                    "start_date": "2024-01-24",
                    "strike": 4850.0,
                    "maturity": "2024-04-19",
                    "units": -0.0010000483466137615,
                    "gamma": 0.00119650166407864,
                    "vega": 938.9680108262687,
                    "tau": 0.2356164383561644,
                    "delta_t_1": 0.6081325290554921,
                    "option_price_t_1": 167.76,
                    "underlying_t_1": 4927.93,
                    "Option_PnL": 0.0024401179657375757,
                    "Delta_PnL": 0.001800159313403833,
                    "Total_PnL": 0.0006399586523337427,
                    "delta_t": 0.6045567964342591,
                    "option_price_t": 165.32,
                    "underlying_price_t": 4924.97
                },
                "put": {
                    "start_date": "2024-01-24",
                    "strike": 4850.0,
                    "maturity": "2024-04-19",
                    "units": -0.0010000483466137615,
                    "gamma": 0.00119650166407864,
                    "vega": 938.9680108262687,
                    "tau": 0.2356164383561644,
                    "delta_t_1": -0.3918674709445079,
                    "option_price_t_1": 89.83,
                    "underlying_t_1": 4927.93,
                    "Option_PnL": -0.000520025140239152,
                    "Delta_PnL": -0.0011599837925729375,
                    "Total_PnL": 0.0006399586523337854,
                    "delta_t": -0.3954432035657409,
                    "option_price_t": 90.35,
                    "underlying_price_t": 4924.97
                }
            },
            "sv_2024-01-25_2024-04-19": {
                "call": {
                    "start_date": "2024-01-25",
                    "strike": 4850.0,
                    "maturity": "2024-04-19",
                    "units": -0.0010094517994010078,
                    "gamma": 0.001182763826877368,
                    "vega": 929.1154348156857,
                    "tau": 0.2328767123287671,
                    "delta_t_1": 0.608602563964411,
                    "option_price_t_1": 167.76,
                    "underlying_t_1": 4927.93,
                    "Option_PnL": 0.002463062390538457,
                    "Delta_PnL": 0.0018184906618092897,
                    "Total_PnL": 0.0006445717287291671,
                    "delta_t": 0.6050068773758783,
                    "option_price_t": 165.32,
                    "underlying_price_t": 4924.97
                },
                "put": {
                    "start_date": "2024-01-25",
                    "strike": 4850.0,
                    "maturity": "2024-04-19",
                    "units": -0.0010094517994010078,
                    "gamma": 0.001182763826877368,
                    "vega": 929.1154348156857,
                    "tau": 0.2328767123287671,
                    "delta_t_1": -0.39139743603558896,
                    "option_price_t_1": 89.83,
                    "underlying_t_1": 4927.93,
                    "Option_PnL": -0.0005249149356885201,
                    "Delta_PnL": -0.0011694866644177302,
                    "Total_PnL": 0.0006445717287292101,
                    "delta_t": -0.3949931226241217,
                    "option_price_t": 90.35,
                    "underlying_price_t": 4924.97
                }
            },
            "sv_2024-01-26_2024-04-19": {
                "call": {
                    "start_date": "2024-01-26",
                    "strike": 4900.0,
                    "maturity": "2024-04-19",
                    "units": -0.0010027238777879,
                    "gamma": 0.0012079112616155561,
                    "vega": 936.0288849293172,
                    "tau": 0.23013698630136986,
                    "delta_t_1": 0.5476533341725913,
                    "option_price_t_1": 140.04,
                    "underlying_t_1": 4927.93,
                    "Option_PnL": 0.0022761832025785145,
                    "Delta_PnL": 0.0016254694217780598,
                    "Total_PnL": 0.0006507137808004547,
                    "delta_t": 0.5439864489648989,
                    "option_price_t": 137.77,
                    "underlying_price_t": 4924.97
                },
                "put": {
                    "start_date": "2024-01-26",
                    "strike": 4900.0,
                    "maturity": "2024-04-19",
                    "units": -0.0010027238777879,
                    "gamma": 0.0012079112616155561,
                    "vega": 936.0288849293172,
                    "tau": 0.23013698630136986,
                    "delta_t_1": -0.4523466658274087,
                    "option_price_t_1": 112.11,
                    "underlying_t_1": 4927.93,
                    "Option_PnL": -0.0006918794756736486,
                    "Delta_PnL": -0.0013425932564741607,
                    "Total_PnL": 0.0006507137808005121,
                    "delta_t": -0.4560135510351011,
                    "option_price_t": 112.8,
                    "underlying_price_t": 4924.97
                }
            },
            "sv_2024-01-29_2024-04-19": {
                "call": {
                    "start_date": "2024-01-29",
                    "strike": 4900.0,
                    "maturity": "2024-04-19",
                    "units": -0.001021157650299589,
                    "gamma": 0.0012543168031825586,
                    "vega": 919.4006173469025,
                    "tau": 0.2219178082191781,
                    "delta_t_1": 0.5480536091844715,
                    "option_price_t_1": 140.04,
                    "underlying_t_1": 4890.97,
                    "delta_t": 0.5443193764146039,
                    "option_price_t": 137.77,
                    "underlying_price_t": 4924.97,
                    "Option_PnL": 0.0023180278661800485,
                    "Delta_PnL": -0.019028070616962826,
                    "Total_PnL": 0.021346098483142874
                },
                "put": {
                    "start_date": "2024-01-29",
                    "strike": 4900.0,
                    "maturity": "2024-04-19",
                    "units": -0.001021157650299589,
                    "gamma": 0.0012543168031825586,
                    "vega": 919.4006173469025,
                    "tau": 0.2219178082191781,
                    "delta_t_1": -0.45194639081552845,
                    "option_price_t_1": 112.11,
                    "underlying_t_1": 4890.97,
                    "delta_t": -0.45568062358539607,
                    "option_price_t": 112.8,
                    "underlying_price_t": 4924.97,
                    "Option_PnL": -0.0007045987787067142,
                    "Delta_PnL": 0.015691289493223206,
                    "Total_PnL": -0.01639588827192992
                }
            },
            "sv_2024-01-30_2024-04-19": {
                "call": {
                    "start_date": "2024-01-30",
                    "strike": 4950.0,
                    "maturity": "2024-04-19",
                    "units": -0.0010224347263526373,
                    "delta_t": 0.4809913274059244,
                    "gamma": 0.0012694456374162887,
                    "vega": 918.7954871683146,
                    "tau": 0.2191780821917808,
                    "option_price_t": 113.41,
                    "underlying_price_t": 4927.93
                },
                "put": {
                    "start_date": "2024-01-30",
                    "strike": 4950.0,
                    "maturity": "2024-04-19",
                    "units": -0.0010224347263526373,
                    "delta_t": -0.5190086725940757,
                    "gamma": 0.0012694456374162887,
                    "vega": 918.7954871683146,
                    "tau": 0.2191780821917808,
                    "option_price_t": 138.44,
                    "underlying_price_t": 4927.93
                }
            }
        }
    }
}