{
    "spx_strategy": {
        "date": "2024-03-20",
        "index_levels": 115.24873187201558,
        "result": {
            "sv_2024-01-22_2024-04-19": {
                "call": {
                    "start_date": "2024-01-22",
                    "strike": 4850.0,
                    "maturity": "2024-04-19",
                    "units": -0.000988315409080919,
                    "gamma": 0.001177855899838304,
                    "vega": 949.5137223452045,
                    "tau": 0.2410958904109589,
                    "delta_t_1": 0.8174893080088145,
                    "option_price_t_1": 335.67,
                    "underlying_t_1": 5178.51,
                    "Option_PnL": -0.04289288875411186,
                    "Delta_PnL": -0.03725398797452918,
                    "Total_PnL": -0.0056389007795826784,
                    "delta_t": 0.8440873683668177,
                    "option_price_t": 379.07,
                    "underlying_price_t": 5224.62
                },
                "put": {
                    "start_date": "2024-01-22",
                    "strike": 4850.0,
                    "maturity": "2024-04-19",
                    "units": -0.000988315409080919,
                    "gamma": 0.001177855899838304,
                    "vega": 949.5137223452045,
                    "tau": 0.2410958904109589,
                    "delta_t_1": -0.18251069199118553,
                    "option_price_t_1": 7.16,
                    "underlying_t_1": 5178.51,
                    "Option_PnL": 0.00267833475860929,
                    "Delta_PnL": 0.008317235538191666,
                    "Total_PnL": -0.005638900779582376,
                    "delta_t": -0.15591263163318225,
                    "option_price_t": 4.45,
                    "underlying_price_t": 5224.62
                }
            },
            "sv_2024-01-23_2024-04-19": {
                "call": {
                    "start_date": "2024-01-23",
                    "strike": 4850.0,
                    "maturity": "2024-04-19",
                    "units": -0.0009937142690983317,
                    "gamma": 0.0011904871776629777,
                    "vega": 944.5951174334452,
                    "tau": 0.23835616438356164,
                    "delta_t_1": 0.8187464109541924,
                    "option_price_t_1": 335.67,
                    "underlying_t_1": 5178.51,
                    "Option_PnL": -0.04312719927886757,
                    "Delta_PnL": -0.03751509560060541,
                    "Total_PnL": -0.005612103678262162,
                    "delta_t": 0.8453658682916834,
                    "option_price_t": 379.07,
                    "underlying_price_t": 5224.62
                },
                "put": {
                    "start_date": "2024-01-23",
                    "strike": 4850.0,
                    "maturity": "2024-04-19",
                    "units": -0.0009937142690983317,
                    "gamma": 0.0011904871776629777,
                    "vega": 944.5951174334452,
                    "tau": 0.23835616438356164,
                    "delta_t_1": -0.18125358904580757,
                    "option_price_t_1": 7.16,
                    "underlying_t_1": 5178.51,
                    "Option_PnL": 0.0026929656692564787,
                    "Delta_PnL": 0.008305069347518339,
                    "Total_PnL": -0.00561210367826186,
                    "delta_t": -0.15463413170831664,
                    "option_price_t": 4.45,
                    "underlying_price_t": 5224.62
                }
            },
            "sv_2024-01-24_2024-04-19": {
                "call": {
                    "start_date": "2024-01-24",
                    "strike": 4850.0,
                    "maturity": "2024-04-19",
                    "units": -0.0010000483466137615,
                    "gamma": 0.00119650166407864,
                    "vega": 938.9680108262687,
                    "tau": 0.2356164383561644,
                    "delta_t_1": 0.8200204537459483,
                    "option_price_t_1": 335.67,
                    "underlying_t_1": 5178.51,
                    "Option_PnL": -0.04340209824303722,
                    "Delta_PnL": -0.03781297116295782,
                    "Total_PnL": -0.005589127080079401,
                    "delta_t": 0.8466600727372997,
                    "option_price_t": 379.07,
                    "underlying_price_t": 5224.62
                },
                "put": {
                    "start_date": "2024-01-24",
                    "strike": 4850.0,
                    "maturity": "2024-04-19",
                    "units": -0.0010000483466137615,
                    "gamma": 0.00119650166407864,
                    "vega": 938.9680108262687,
                    "tau": 0.2356164383561644,
                    "delta_t_1": -0.17997954625405166,
                    "option_price_t_1": 7.16,
                    "underlying_t_1": 5178.51,
                    "Option_PnL": 0.0027101310193232936,
                    "Delta_PnL": 0.008299258099402395,
                    "Total_PnL": -0.005589127080079101,
                    "delta_t": -0.1533399272627003,
                    "option_price_t": 4.45,
                    "underlying_price_t": 5224.62
                }
            },
            "sv_2024-01-25_2024-04-19": {
                "call": {
                    "start_date": "2024-01-25",
                    "strike": 4850.0,
                    "maturity": "2024-04-19",
                    "units": -0.0010094517994010078,
                    "gamma": 0.001182763826877368,
                    "vega": 929.1154348156857,
                    "tau": 0.2328767123287671,
                    "delta_t_1": 0.8213117908723502,
                    "option_price_t_1": 335.67,
                    "underlying_t_1": 5178.51,
                    "Option_PnL": -0.04381020809400372,
                    "Delta_PnL": -0.03822863281077439,
                    "Total_PnL": -0.005581575283229327,
                    "delta_t": 0.8479702682656675,
                    "option_price_t": 379.07,
                    "underlying_price_t": 5224.62
                },
                "put": {
                    "start_date": "2024-01-25",
                    "strike": 4850.0,
                    "maturity": "2024-04-19",
                    "units": -0.0010094517994010078,
                    "gamma": 0.001182763826877368,
                    "vega": 929.1154348156857,
                    "tau": 0.2328767123287671,
                    "delta_t_1": -0.17868820912764982,
                    "option_price_t_1": 7.16,
                    "underlying_t_1": 5178.51,
                    "Option_PnL": 0.002735614376376731,
                    "Delta_PnL": 0.008317189659605748,
                    "Total_PnL": -0.005581575283229017,
                    "delta_t": -0.15202973173433254,
                    "option_price_t": 4.45,
                    "underlying_price_t": 5224.62
                }
            },
            "sv_2024-01-26_2024-04-19": {
                "call": {
                    "start_date": "2024-01-26",
                    "strike": 4900.0,
                    "maturity": "2024-04-19",
                    "units": -0.0010027238777879,
                    "gamma": 0.0012079112616155561,
                    "vega": 936.0288849293172,
                    "tau": 0.23013698630136986,
                    "delta_t_1": 0.7841687513279478,
                    "option_price_t_1": 290.32,
                    "underlying_t_1": 5178.51,
                    "Option_PnL": -0.04204421219564665,
                    "Delta_PnL": -0.036256511154324766,
                    "Total_PnL": -0.005787701041321883,
                    "delta_t": 0.8149038456605768,
                    "option_price_t": 332.25,
                    "underlying_price_t": 5224.62
                },
                "put": {
                    "start_date": "2024-01-26",
                    "strike": 4900.0,
                    "maturity": "2024-04-19",
                    "units": -0.0010027238777879,
                    "gamma": 0.0012079112616155561,
                    "vega": 936.0288849293172,
                    "tau": 0.23013698630136986,
                    "delta_t_1": -0.21583124867205217,
                    "option_price_t_1": 11.81,
                    "underlying_t_1": 5178.51,
                    "Option_PnL": 0.004191385809153422,
                    "Delta_PnL": 0.009979086850474972,
                    "Total_PnL": -0.00578770104132155,
                    "delta_t": -0.18509615433942317,
                    "option_price_t": 7.63,
                    "underlying_price_t": 5224.62
                }
            },
            "sv_2024-01-29_2024-04-19": {
                "call": {
                    "start_date": "2024-01-29",
                    "strike": 4900.0,
                    "maturity": "2024-04-19",
                    "units": -0.001021157650299589,
                    "gamma": 0.0012543168031825586,
                    "vega": 919.4006173469025,
                    "tau": 0.2219178082191781,
                    "delta_t_1": 0.7879818297706441,
                    "option_price_t_1": 290.32,
                    "underlying_t_1": 5178.51,
                    "Option_PnL": -0.04281714027706178,
                    "Delta_PnL": -0.037102580897412786,
                    "Total_PnL": -0.005714559379648994,
                    "delta_t": 0.8189046472448688,
                    "option_price_t": 332.25,
                    "underlying_price_t": 5224.62
                },
                "put": {
                    "start_date": "2024-01-29",
                    "strike": 4900.0,
                    "maturity": "2024-04-19",
                    "units": -0.001021157650299589,
                    "gamma": 0.0012543168031825586,
                    "vega": 919.4006173469025,
                    "tau": 0.2219178082191781,
                    "delta_t_1": -0.21201817022935587,
                    "option_price_t_1": 11.81,
                    "underlying_t_1": 5178.51,
                    "Option_PnL": 0.004268438978252283,
                    "Delta_PnL": 0.009982998357900931,
                    "Total_PnL": -0.005714559379648648,
                    "delta_t": -0.18109535275513122,
                    "option_price_t": 7.63,
                    "underlying_price_t": 5224.62
                }
            },
            "sv_2024-01-30_2024-04-19": {
                "call": {
                    "start_date": "2024-01-30",
                    "strike": 4950.0,
                    "maturity": "2024-04-19",
                    "units": -0.0010224347263526373,
                    "gamma": 0.0012694456374162887,
                    "vega": 918.7954871683146,
                    "tau": 0.2191780821917808,
                    "delta_t_1": 0.7463132822636014,
                    "option_price_t_1": 247.15,
                    "underlying_t_1": 5178.51,
                    "Option_PnL": -0.0408564916650514,
                    "Delta_PnL": -0.03518454058794555,
                    "Total_PnL": -0.005671951077105851,
                    "delta_t": 0.7814646468049743,
                    "option_price_t": 287.11,
                    "underlying_price_t": 5224.62
                },
                "put": {
                    "start_date": "2024-01-30",
                    "strike": 4950.0,
                    "maturity": "2024-04-19",
                    "units": -0.0010224347263526373,
                    "gamma": 0.0012694456374162887,
                    "vega": 918.7954871683146,
                    "tau": 0.2191780821917808,
                    "delta_t_1": -0.2536867177363986,
                    "option_price_t_1": 18.64,
                    "underlying_t_1": 5178.51,
                    "Option_PnL": 0.00628797356706872,
                    "Delta_PnL": 0.011959924644174226,
                    "Total_PnL": -0.005671951077105507,
                    "delta_t": -0.2185353531950257,
                    "option_price_t": 12.49,
                    "underlying_price_t": 5224.62
                }
            },
            "sv_2024-01-31_2024-04-19": {
                "call": {
                    "start_date": "2024-01-31",
                    "strike": 4900.0,
                    "maturity": "2024-04-19",
                    "units": -0.001050350081007503,
                    "gamma": 0.0011790876934823131,
                    "vega": 892.1968450409905,
                    "tau": 0.21643835616438356,
                    "delta_t_1": 0.790624200322392,
                    "option_price_t_1": 290.32,
                    "underlying_t_1": 5178.51,
                    "Option_PnL": -0.044041178896644606,
                    "Delta_PnL": -0.03829122841254916,
                    "Total_PnL": -0.005749950484095448,
                    "delta_t": 0.8216688813832671,
                    "option_price_t": 332.25,
                    "underlying_price_t": 5224.62
                },
                "put": {
                    "start_date": "2024-01-31",
                    "strike": 4900.0,
                    "maturity": "2024-04-19",
                    "units": -0.001050350081007503,
                    "gamma": 0.0011790876934823131,
                    "vega": 892.1968450409905,
                    "tau": 0.21643835616438356,
                    "delta_t_1": -0.209375799677608,
                    "option_price_t_1": 11.81,
                    "underlying_t_1": 5178.51,
                    "Option_PnL": 0.004390463338611364,
                    "Delta_PnL": 0.01014041382270646,
                    "Total_PnL": -0.005749950484095096,
                    "delta_t": -0.1783311186167329,
                    "option_price_t": 7.63,
                    "underlying_price_t": 5224.62
                }
            },
            "sv_2024-02-01_2024-04-19": {
                "call": {
                    "start_date": "2024-02-01",
                    "strike": 4850.0,
                    "maturity": "2024-04-19",
                    "units": -0.001049108552028969,
                    "gamma": 0.001123762610380538,
                    "vega": 887.2746114105804,
                    "tau": 0.2136986301369863,
                    "delta_t_1": 0.8308672654813208,
                    "option_price_t_1": 335.67,
                    "underlying_t_1": 5178.51,
                    "Option_PnL": -0.04553131115805723,
                    "Delta_PnL": -0.04019270157051899,
                    "Total_PnL": -0.005338609587538241,
                    "delta_t": 0.8576147432938985,
                    "option_price_t": 379.07,
                    "underlying_price_t": 5224.62
                },
                "put": {
                    "start_date": "2024-02-01",
                    "strike": 4850.0,
                    "maturity": "2024-04-19",
                    "units": -0.001049108552028969,
                    "gamma": 0.001123762610380538,
                    "vega": 887.2746114105804,
                    "tau": 0.2136986301369863,
                    "delta_t_1": -0.16913273451867916,
                    "option_price_t_1": 7.16,
                    "underlying_t_1": 5178.51,
                    "Option_PnL": 0.0028430841759985058,
                    "Delta_PnL": 0.008181693763536427,
                    "Total_PnL": -0.005338609587537921,
                    "delta_t": -0.14238525670610147,
                    "option_price_t": 4.45,
                    "underlying_price_t": 5224.62
                }
            },
            "sv_2024-02-02_2024-04-19": {
                "call": {
                    "start_date": "2024-02-02",
                    "strike": 4900.0,
                    "maturity": "2024-04-19",
                    "units": -0.0010405001400448934,
                    "gamma": 0.0011000140062988844,
                    "vega": 890.2886540416781,
                    "tau": 0.21095890410958903,
                    "delta_t_1": 0.7933515731284319,
                    "option_price_t_1": 290.32,
                    "underlying_t_1": 5178.51,
                    "Option_PnL": -0.043628170872082386,
                    "Delta_PnL": -0.038062994521992286,
                    "Total_PnL": -0.005565176350090101,
                    "delta_t": 0.8245148701628013,
                    "option_price_t": 332.25,
                    "underlying_price_t": 5224.62
                },
                "put": {
                    "start_date": "2024-02-02",
                    "strike": 4900.0,
                    "maturity": "2024-04-19",
                    "units": -0.0010405001400448934,
                    "gamma": 0.0011000140062988844,
                    "vega": 890.2886540416781,
                    "tau": 0.21095890410958903,
                    "delta_t_1": -0.20664842687156815,
                    "option_price_t_1": 11.81,
                    "underlying_t_1": 5178.51,
                    "Option_PnL": 0.0043492905853876555,
                    "Delta_PnL": 0.009914466935477406,
                    "Total_PnL": -0.00556517635008975,
                    "delta_t": -0.17548512983719866,
                    "option_price_t": 7.63,
                    "underlying_price_t": 5224.62
                }
            },
            "sv_2024-02-05_2024-04-19": {
                "call": {
                    "start_date": "2024-02-05",
                    "strike": 4950.0,
                    "maturity": "2024-04-19",
                    "units": -0.0010497626026089342,
                    "gamma": 0.0012232525695617725,
                    "vega": 887.8249388490088,
                    "tau": 0.20273972602739726,
                    "delta_t_1": 0.7537942134273459,
                    "option_price_t_1": 247.15,
                    "underlying_t_1": 5178.51,
                    "Option_PnL": -0.04194851360025302,
                    "Delta_PnL": -0.036487072411960905,
                    "Total_PnL": -0.0054614411882921154,
                    "delta_t": 0.7896475897195521,
                    "option_price_t": 287.11,
                    "underlying_price_t": 5224.62
                },
                "put": {
                    "start_date": "2024-02-05",
                    "strike": 4950.0,
                    "maturity": "2024-04-19",
                    "units": -0.0010497626026089342,
                    "gamma": 0.0012232525695617725,
                    "vega": 887.8249388490088,
                    "tau": 0.20273972602739726,
                    "delta_t_1": -0.24620578657265413,
                    "option_price_t_1": 18.64,
                    "underlying_t_1": 5178.51,
                    "Option_PnL": 0.0064560400060449455,
                    "Delta_PnL": 0.011917481194336705,
                    "Total_PnL": -0.00546144118829176,
                    "delta_t": -0.21035241028044793,
                    "option_price_t": 12.49,
                    "underlying_price_t": 5224.62
                }
            },
            "sv_2024-02-06_2024-04-19": {
                "call": {
                    "start_date": "2024-02-06",
                    "strike": 4950.0,
                    "maturity": "2024-04-19",
                    "units": -0.001056299563096618,
                    "gamma": 0.0012541260671202297,
                    "vega": 882.9861406335625,
                    "tau": 0.2,
                    "delta_t_1": 0.7551208145716721,
                    "option_price_t_1": 247.15,
                    "underlying_t_1": 5178.51,
                    "Option_PnL": -0.04220973054134087,
                    "Delta_PnL": -0.036778893896308736,
                    "Total_PnL": -0.005430836645032133,
                    "delta_t": 0.7910926717223233,
                    "option_price_t": 287.11,
                    "underlying_price_t": 5224.62
                },
                "put": {
                    "start_date": "2024-02-06",
                    "strike": 4950.0,
                    "maturity": "2024-04-19",
                    "units": -0.001056299563096618,
                    "gamma": 0.0012541260671202297,
                    "vega": 882.9861406335625,
                    "tau": 0.2,
                    "delta_t_1": -0.24487918542832787,
                    "option_price_t_1": 18.64,
                    "underlying_t_1": 5178.51,
                    "Option_PnL": 0.006496242313044202,
                    "Delta_PnL": 0.011927078958075979,
                    "Total_PnL": -0.005430836645031777,
                    "delta_t": -0.20890732827767666,
                    "option_price_t": 12.49,
                    "underlying_price_t": 5224.62
                }
            },
            "sv_2024-02-07_2024-04-19": {
                "call": {
                    "start_date": "2024-02-07",
                    "strike": 4950.0,
                    "maturity": "2024-04-19",
                    "units": -0.001065934261892597,
                    "gamma": 0.0012194595468581905,
                    "vega": 871.9547019261346,
                    "tau": 0.19726027397260273,
                    "delta_t_1": 0.7564720020619029,
                    "option_price_t_1": 247.15,
                    "underlying_t_1": 5178.51,
                    "Option_PnL": -0.04259473310522818,
                    "Delta_PnL": -0.037180771994139765,
                    "Total_PnL": -0.005413961111088418,
                    "delta_t": 0.7925626515772868,
                    "option_price_t": 287.11,
                    "underlying_price_t": 5224.62
                },
                "put": {
                    "start_date": "2024-02-07",
                    "strike": 4950.0,
                    "maturity": "2024-04-19",
                    "units": -0.001065934261892597,
                    "gamma": 0.0012194595468581905,
                    "vega": 871.9547019261346,
                    "tau": 0.19726027397260273,
                    "delta_t_1": -0.2435279979380971,
                    "option_price_t_1": 18.64,
                    "underlying_t_1": 5178.51,
                    "Option_PnL": 0.0065554957106394715,
                    "Delta_PnL": 0.011969456821727531,
                    "Total_PnL": -0.00541396111108806,
                    "delta_t": -0.20743734842271322,
                    "option_price_t": 12.49,
                    "underlying_price_t": 5224.62
                }
            },
            "sv_2024-02-08_2024-04-19": {
                "call": {
                    "start_date": "2024-02-08",
                    "strike": 5000.0,
                    "maturity": "2024-04-19",
                    "units": -0.0010577117046911102,
                    "gamma": 0.001247461085234614,
                    "vega": 879.1047402548611,
                    "tau": 0.19452054794520549,
                    "delta_t_1": 0.7092498747126872,
                    "option_price_t_1": 206.75,
                    "underlying_t_1": 5178.51,
                    "Option_PnL": -0.039611303340682066,
                    "Delta_PnL": -0.034590887133921916,
                    "Total_PnL": -0.0050204162067601504,
                    "delta_t": 0.7499188515040587,
                    "option_price_t": 244.2,
                    "underlying_price_t": 5224.62
                },
                "put": {
                    "start_date": "2024-02-08",
                    "strike": 5000.0,
                    "maturity": "2024-04-19",
                    "units": -0.0010577117046911102,
                    "gamma": 0.001247461085234614,
                    "vega": 879.1047402548611,
                    "tau": 0.19452054794520549,
                    "delta_t_1": -0.2907501252873128,
                    "option_price_t_1": 28.24,
                    "underlying_t_1": 5178.51,
                    "Option_PnL": 0.009159783362625015,
                    "Delta_PnL": 0.014180199569384832,
                    "Total_PnL": -0.005020416206759817,
                    "delta_t": -0.2500811484959413,
                    "option_price_t": 19.58,
                    "underlying_price_t": 5224.62
                }
            },
            "sv_2024-02-09_2024-04-19": {
                "call": {
                    "start_date": "2024-02-09",
                    "strike": 5000.0,
                    "maturity": "2024-04-19",
                    "units": -0.001063798414472582,
                    "gamma": 0.0012353393258228511,
                    "vega": 872.3930301660467,
                    "tau": 0.1917808219178082,
                    "delta_t_1": 0.7104284518642553,
                    "option_price_t_1": 206.75,
                    "underlying_t_1": 5178.51,
                    "Option_PnL": -0.03983925062199818,
                    "Delta_PnL": -0.034847755184388256,
                    "Total_PnL": -0.004991495437609926,
                    "delta_t": 0.7512872891080045,
                    "option_price_t": 244.2,
                    "underlying_price_t": 5224.62
                },
                "put": {
                    "start_date": "2024-02-09",
                    "strike": 5000.0,
                    "maturity": "2024-04-19",
                    "units": -0.001063798414472582,
                    "gamma": 0.0012353393258228511,
                    "vega": 872.3930301660467,
                    "tau": 0.1917808219178082,
                    "delta_t_1": -0.2895715481357447,
                    "option_price_t_1": 28.24,
                    "underlying_t_1": 5178.51,
                    "Option_PnL": 0.009212494269332561,
                    "Delta_PnL": 0.014203989706942153,
                    "Total_PnL": -0.004991495437609591,
                    "delta_t": -0.24871271089199554,
                    "option_price_t": 19.58,
                    "underlying_price_t": 5224.62
                }
            },
            "sv_2024-02-12_2024-04-19": {
                "call": {
                    "start_date": "2024-02-12",
                    "strike": 5050.0,
                    "maturity": "2024-04-19",
                    "units": -0.0010848507683168063,
                    "gamma": 0.001268316227052709,
                    "vega": 856.8983850994144,
                    "tau": 0.18356164383561643,
                    "delta_t_1": 0.6607085012150444,
                    "option_price_t_1": 169.68,
                    "underlying_t_1": 5178.51,
                    "Option_PnL": -0.03734056344546446,
                    "Delta_PnL": -0.033050270471892164,
                    "Total_PnL": -0.004290292973572293,
                    "delta_t": 0.7064083864020577,
                    "option_price_t": 204.1,
                    "underlying_price_t": 5224.62
                },
                "put": {
                    "start_date": "2024-02-12",
                    "strike": 5050.0,
                    "maturity": "2024-04-19",
                    "units": -0.0010848507683168063,
                    "gamma": 0.001268316227052709,
                    "vega": 856.8983850994144,
                    "tau": 0.18356164383561643,
                    "delta_t_1": -0.33929149878495557,
                    "option_price_t_1": 41.17,
                    "underlying_t_1": 5178.51,
                    "Option_PnL": 0.012681905481623467,
                    "Delta_PnL": 0.016972198455195413,
                    "Total_PnL": -0.004290292973571946,
                    "delta_t": -0.2935916135979423,
                    "option_price_t": 29.48,
                    "underlying_price_t": 5224.62
                }
            },
            "sv_2024-02-13_2024-04-19": {
                "call": {
                    "start_date": "2024-02-13",
                    "strike": 5000.0,
                    "maturity": "2024-04-19",
                    "units": -0.0011135260464522438,
                    "gamma": 0.0012196602832538074,
                    "vega": 835.1506600734372,
                    "tau": 0.18082191780821918,
                    "delta_t_1": 0.715395043376151,
                    "option_price_t_1": 206.75,
                    "underlying_t_1": 5178.51,
                    "Option_PnL": -0.04170155043963652,
                    "Delta_PnL": -0.036731733869473114,
                    "Total_PnL": -0.0049698165701634045,
                    "delta_t": 0.757035823088116,
                    "option_price_t": 244.2,
                    "underlying_price_t": 5224.62
                },
                "put": {
                    "start_date": "2024-02-13",
                    "strike": 5000.0,
                    "maturity": "2024-04-19",
                    "units": -0.0011135260464522438,
                    "gamma": 0.0012196602832538074,
                    "vega": 835.1506600734372,
                    "tau": 0.18082191780821918,
                    "delta_t_1": -0.284604956623849,
                    "option_price_t_1": 28.24,
                    "underlying_t_1": 5178.51,
                    "Option_PnL": 0.009643135562276433,
                    "Delta_PnL": 0.014612952132439481,
                    "Total_PnL": -0.004969816570163049,
                    "delta_t": -0.242964176911884,
                    "option_price_t": 19.58,
                    "underlying_price_t": 5224.62
                }
            },
            "sv_2024-02-14_2024-04-19": {
                "call": {
                    "start_date": "2024-02-14",
                    "strike": 4950.0,
                    "maturity": "2024-04-19",
                    "units": -0.0011194874647480952,
                    "gamma": 0.0011995180124186994,
                    "vega": 827.0615282698853,
                    "tau": 0.1780821917808219,
                    "delta_t_1": 0.766684447469903,
                    "option_price_t_1": 247.15,
                    "underlying_t_1": 5178.51,
                    "Option_PnL": -0.04473471909133389,
                    "Delta_PnL": -0.0395759192036736,
                    "Total_PnL": -0.005158799887660291,
                    "delta_t": 0.8036103681921618,
                    "option_price_t": 287.11,
                    "underlying_price_t": 5224.62
                },
                "put": {
                    "start_date": "2024-02-14",
                    "strike": 4950.0,
                    "maturity": "2024-04-19",
                    "units": -0.0011194874647480952,
                    "gamma": 0.0011995180124186994,
                    "vega": 827.0615282698853,
                    "tau": 0.1780821917808219,
                    "delta_t_1": -0.23331555253009695,
                    "option_price_t_1": 18.64,
                    "underlying_t_1": 5178.51,
                    "Option_PnL": 0.006884847908200786,
                    "Delta_PnL": 0.012043647795860705,
                    "Total_PnL": -0.005158799887659919,
                    "delta_t": -0.1963896318078382,
                    "option_price_t": 12.49,
                    "underlying_price_t": 5224.62
                }
            },
            "sv_2024-02-15_2024-04-19": {
                "call": {
                    "start_date": "2024-02-15",
                    "strike": 5000.0,
                    "maturity": "2024-04-19",
                    "units": -0.0011096884474819152,
                    "gamma": 0.0012403904135991695,
                    "vega": 833.674508223258,
                    "tau": 0.17534246575342466,
                    "delta_t_1": 0.7180421104533645,
                    "option_price_t_1": 206.75,
                    "underlying_t_1": 5178.51,
                    "Option_PnL": -0.04155783235819771,
                    "Delta_PnL": -0.036740587933504126,
                    "Total_PnL": -0.004817244424693584,
                    "delta_t": 0.7600875934857277,
                    "option_price_t": 244.2,
                    "underlying_price_t": 5224.62
                },
                "put": {
                    "start_date": "2024-02-15",
                    "strike": 5000.0,
                    "maturity": "2024-04-19",
                    "units": -0.0011096884474819152,
                    "gamma": 0.0012403904135991695,
                    "vega": 833.674508223258,
                    "tau": 0.17534246575342466,
                    "delta_t_1": -0.2819578895466355,
                    "option_price_t_1": 28.24,
                    "underlying_t_1": 5178.51,
                    "Option_PnL": 0.009609901955193385,
                    "Delta_PnL": 0.014427146379886617,
                    "Total_PnL": -0.004817244424693232,
                    "delta_t": -0.23991240651427226,
                    "option_price_t": 19.58,
                    "underlying_price_t": 5224.62
                }
            },
            "sv_2024-02-16_2024-04-19": {
                "call": {
                    "start_date": "2024-02-16",
                    "strike": 5050.0,
                    "maturity": "2024-04-19",
                    "units": -0.001118880948809591,
                    "gamma": 0.00125311362840463,
                    "vega": 824.798674381658,
                    "tau": 0.1726027397260274,
                    "delta_t_1": 0.6646992558522802,
                    "option_price_t_1": 169.68,
                    "underlying_t_1": 5178.51,
                    "Option_PnL": -0.03851188225802611,
                    "Delta_PnL": -0.034292898493553776,
                    "Total_PnL": -0.004218983764472335,
                    "delta_t": 0.711522899794317,
                    "option_price_t": 204.1,
                    "underlying_price_t": 5224.62
                },
                "put": {
                    "start_date": "2024-02-16",
                    "strike": 5050.0,
                    "maturity": "2024-04-19",
                    "units": -0.001118880948809591,
                    "gamma": 0.00125311362840463,
                    "vega": 824.798674381658,
                    "tau": 0.1726027397260274,
                    "delta_t_1": -0.3353007441477198,
                    "option_price_t_1": 41.17,
                    "underlying_t_1": 5178.51,
                    "Option_PnL": 0.01307971829158412,
                    "Delta_PnL": 0.017298702056056103,
                    "Total_PnL": -0.004218983764471983,
                    "delta_t": -0.28847710020568296,
                    "option_price_t": 29.48,
                    "underlying_price_t": 5224.62
                }
            },
            "sv_2024-02-20_2024-05-17": {
                "call": {
                    "start_date": "2024-02-20",
                    "strike": 5000.0,
                    "maturity": "2024-05-17",
                    "units": -0.0009553697176349442,
                    "gamma": 0.0010612956364964173,
                    "vega": 968.7229277068255,
                    "tau": 0.23835616438356164,
                    "delta_t_1": 0.6931643583923419,
                    "option_price_t_1": 234.42,
                    "underlying_t_1": 5178.51,
                    "Option_PnL": -0.033342403145459554,
                    "Delta_PnL": -0.030535344024295846,
                    "Total_PnL": -0.002807059121163708,
                    "delta_t": 0.7310787505189339,
                    "option_price_t": 269.32,
                    "underlying_price_t": 5224.62
                },
                "put": {
                    "start_date": "2024-02-20",
                    "strike": 5000.0,
                    "maturity": "2024-05-17",
                    "units": -0.0009553697176349442,
                    "gamma": 0.0010612956364964173,
                    "vega": 968.7229277068255,
                    "tau": 0.23835616438356164,
                    "delta_t_1": -0.3068356416076581,
                    "option_price_t_1": 55.91,
                    "underlying_t_1": 5178.51,
                    "Option_PnL": 0.010709694534687718,
                    "Delta_PnL": 0.01351675365585112,
                    "Total_PnL": -0.002807059121163401,
                    "delta_t": -0.2689212494810661,
                    "option_price_t": 44.7,
                    "underlying_price_t": 5224.62
                }
            },
            "sv_2024-02-21_2024-05-17": {
                "call": {
                    "start_date": "2024-02-21",
                    "strike": 5000.0,
                    "maturity": "2024-05-17",
                    "units": -0.0009619878078317999,
                    "gamma": 0.001108555113777208,
                    "vega": 964.6156481823442,
                    "tau": 0.2356164383561644,
                    "delta_t_1": 0.6940392721560045,
                    "option_price_t_1": 234.42,
                    "underlying_t_1": 5178.51,
                    "Option_PnL": -0.033573374493329824,
                    "Delta_PnL": -0.030785678931621045,
                    "Total_PnL": -0.00278769556170878,
                    "delta_t": 0.732111284112492,
                    "option_price_t": 269.32,
                    "underlying_price_t": 5224.62
                },
                "put": {
                    "start_date": "2024-02-21",
                    "strike": 5000.0,
                    "maturity": "2024-05-17",
                    "units": -0.0009619878078317999,
                    "gamma": 0.001108555113777208,
                    "vega": 964.6156481823442,
                    "tau": 0.2356164383561644,
                    "delta_t_1": -0.30596072784399553,
                    "option_price_t_1": 55.91,
                    "underlying_t_1": 5178.51,
                    "Option_PnL": 0.01078388332579447,
                    "Delta_PnL": 0.013571578887502935,
                    "Total_PnL": -0.0027876955617084642,
                    "delta_t": -0.26788871588750796,
                    "option_price_t": 44.7,
                    "underlying_price_t": 5224.62
                }
            },
            "sv_2024-02-22_2024-05-17": {
                "call": {
                    "start_date": "2024-02-22",
                    "strike": 5000.0,
                    "maturity": "2024-05-17",
                    "units": -0.0009663223208364235,
                    "gamma": 0.0009697092301376723,
                    "vega": 946.8510386366223,
                    "tau": 0.2328767123287671,
                    "delta_t_1": 0.6949293369658471,
                    "option_price_t_1": 234.42,
                    "underlying_t_1": 5178.51,
                    "Option_PnL": -0.03372464899719119,
                    "Delta_PnL": -0.03096405139711944,
                    "Total_PnL": -0.002760597600071746,
                    "delta_t": 0.733160779140436,
                    "option_price_t": 269.32,
                    "underlying_price_t": 5224.62
                },
                "put": {
                    "start_date": "2024-02-22",
                    "strike": 5000.0,
                    "maturity": "2024-05-17",
                    "units": -0.0009663223208364235,
                    "gamma": 0.0009697092301376723,
                    "vega": 946.8510386366223,
                    "tau": 0.2328767123287671,
                    "delta_t_1": -0.30507066303415287,
                    "option_price_t_1": 55.91,
                    "underlying_t_1": 5178.51,
                    "Option_PnL": 0.010832473216576302,
                    "Delta_PnL": 0.013593070816647733,
                    "Total_PnL": -0.00276059760007143,
                    "delta_t": -0.266839220859564,
                    "option_price_t": 44.7,
                    "underlying_price_t": 5224.62
                }
            },
            "sv_2024-02-23_2024-05-17": {
                "call": {
                    "start_date": "2024-02-23",
                    "strike": 5100.0,
                    "maturity": "2024-05-17",
                    "units": -0.0009402484337374524,
                    "gamma": 0.001010537320206317,
                    "vega": 973.856485363009,
                    "tau": 0.23013698630136986,
                    "delta_t_1": 0.596381218482456,
                    "option_price_t_1": 169.83,
                    "underlying_t_1": 5178.51,
                    "Option_PnL": -0.02804761077838819,
                    "Delta_PnL": -0.025856021418798437,
                    "Total_PnL": -0.0021915893595897545,
                    "delta_t": 0.6407792837547598,
                    "option_price_t": 199.66,
                    "underlying_price_t": 5224.62
                },
                "put": {
                    "start_date": "2024-02-23",
                    "strike": 5100.0,
                    "maturity": "2024-05-17",
                    "units": -0.0009402484337374524,
                    "gamma": 0.001010537320206317,
                    "vega": 973.856485363009,
                    "tau": 0.23013698630136986,
                    "delta_t_1": -0.40361878151754405,
                    "option_price_t_1": 91.32,
                    "underlying_t_1": 5178.51,
                    "Option_PnL": 0.015307244501245713,
                    "Delta_PnL": 0.017498833860835183,
                    "Total_PnL": -0.00219158935958947,
                    "delta_t": -0.3592207162452402,
                    "option_price_t": 75.04,
                    "underlying_price_t": 5224.62
                }
            },
            "sv_2024-02-26_2024-05-17": {
                "call": {
                    "start_date": "2024-02-26",
                    "strike": 5100.0,
                    "maturity": "2024-05-17",
                    "units": -0.0009643305079030832,
                    "gamma": 0.0010262461468487935,
                    "vega": 951.9807326933181,
                    "tau": 0.2219178082191781,
                    "delta_t_1": 0.5975951183069839,
                    "option_price_t_1": 169.83,
                    "underlying_t_1": 5178.51,
                    "Option_PnL": -0.028765979050748958,
                    "Delta_PnL": -0.02657223409447446,
                    "Total_PnL": -0.002193744956274498,
                    "delta_t": 0.6427429258776232,
                    "option_price_t": 199.66,
                    "underlying_price_t": 5224.62
                },
                "put": {
                    "start_date": "2024-02-26",
                    "strike": 5100.0,
                    "maturity": "2024-05-17",
                    "units": -0.0009643305079030832,
                    "gamma": 0.0010262461468487935,
                    "vega": 951.9807326933181,
                    "tau": 0.2219178082191781,
                    "delta_t_1": -0.40240488169301614,
                    "option_price_t_1": 91.32,
                    "underlying_t_1": 5178.51,
                    "Option_PnL": 0.01569930066866218,
                    "Delta_PnL": 0.017893045624936394,
                    "Total_PnL": -0.0021937449562742135,
                    "delta_t": -0.35725707412237684,
                    "option_price_t": 75.04,
                    "underlying_price_t": 5224.62
                }
            },
            "sv_2024-02-27_2024-05-17": {
                "call": {
                    "start_date": "2024-02-27",
                    "strike": 5050.0,
                    "maturity": "2024-05-17",
                    "units": -0.0009739430414457102,
                    "gamma": 0.0010256657081289774,
                    "vega": 942.6129093626187,
                    "tau": 0.2191780821917808,
                    "delta_t_1": 0.6499126747558541,
                    "option_price_t_1": 200.64,
                    "underlying_t_1": 5178.51,
                    "Option_PnL": -0.03161419112532776,
                    "Delta_PnL": -0.029186612219771958,
                    "Total_PnL": -0.0024275789055558036,
                    "delta_t": 0.6924399666490124,
                    "option_price_t": 233.1,
                    "underlying_price_t": 5224.62
                },
                "put": {
                    "start_date": "2024-02-27",
                    "strike": 5050.0,
                    "maturity": "2024-05-17",
                    "units": -0.0009739430414457102,
                    "gamma": 0.0010256657081289774,
                    "vega": 942.6129093626187,
                    "tau": 0.2191780821917808,
                    "delta_t_1": -0.3500873252441459,
                    "option_price_t_1": 72.13,
                    "underlying_t_1": 5178.51,
                    "Option_PnL": 0.013294322515733942,
                    "Delta_PnL": 0.015721901421289416,
                    "Total_PnL": -0.002427578905555474,
                    "delta_t": -0.3075600333509876,
                    "option_price_t": 58.48,
                    "underlying_price_t": 5224.62
                }
            },
            "sv_2024-02-28_2024-05-17": {
                "call": {
                    "start_date": "2024-02-28",
                    "strike": 5100.0,
                    "maturity": "2024-05-17",
                    "units": -0.0009779211924724452,
                    "gamma": 0.0010438532672446977,
                    "vega": 940.1437332595276,
                    "tau": 0.21643835616438356,
                    "delta_t_1": 0.5984473867147208,
                    "option_price_t_1": 169.83,
                    "underlying_t_1": 5178.51,
                    "Option_PnL": -0.029171389171453024,
                    "Delta_PnL": -0.0269851573562367,
                    "Total_PnL": -0.0021862318152163253,
                    "delta_t": 0.6441167686031133,
                    "option_price_t": 199.66,
                    "underlying_price_t": 5224.62
                },
                "put": {
                    "start_date": "2024-02-28",
                    "strike": 5100.0,
                    "maturity": "2024-05-17",
                    "units": -0.0009779211924724452,
                    "gamma": 0.0010438532672446977,
                    "vega": 940.1437332595276,
                    "tau": 0.21643835616438356,
                    "delta_t_1": -0.40155261328527925,
                    "option_price_t_1": 91.32,
                    "underlying_t_1": 5178.51,
                    "Option_PnL": 0.015920557013451395,
                    "Delta_PnL": 0.01810678882866743,
                    "Total_PnL": -0.002186231815216034,
                    "delta_t": -0.3558832313968867,
                    "option_price_t": 75.04,
                    "underlying_price_t": 5224.62
                }
            },
            "sv_2024-02-29_2024-05-17": {
                "call": {
                    "start_date": "2024-02-29",
                    "strike": 5050.0,
                    "maturity": "2024-05-17",
                    "units": -0.0009900232692252426,
                    "gamma": 0.0010449180954648857,
                    "vega": 927.8624437084237,
                    "tau": 0.2136986301369863,
                    "delta_t_1": 0.651391215900972,
                    "option_price_t_1": 200.64,
                    "underlying_t_1": 5178.51,
                    "Option_PnL": -0.03213615531905138,
                    "Delta_PnL": -0.02973599138182275,
                    "Total_PnL": -0.002400163937228632,
                    "delta_t": 0.6943647315397464,
                    "option_price_t": 233.1,
                    "underlying_price_t": 5224.62
                },
                "put": {
                    "start_date": "2024-02-29",
                    "strike": 5050.0,
                    "maturity": "2024-05-17",
                    "units": -0.0009900232692252426,
                    "gamma": 0.0010449180954648857,
                    "vega": 927.8624437084237,
                    "tau": 0.2136986301369863,
                    "delta_t_1": -0.34860878409902796,
                    "option_price_t_1": 72.13,
                    "underlying_t_1": 5178.51,
                    "Option_PnL": 0.013513817624924561,
                    "Delta_PnL": 0.01591398156215286,
                    "Total_PnL": -0.0024001639372282987,
                    "delta_t": -0.3056352684602536,
                    "option_price_t": 58.48,
                    "underlying_price_t": 5224.62
                }
            },
            "sv_2024-03-01_2024-05-17": {
                "call": {
                    "start_date": "2024-03-01",
                    "strike": 5100.0,
                    "maturity": "2024-05-17",
                    "units": -0.000982224723661435,
                    "gamma": 0.0010494095486051672,
                    "vega": 932.697768889921,
                    "tau": 0.21095890410958903,
                    "delta_t_1": 0.5993366691675746,
                    "option_price_t_1": 169.83,
                    "underlying_t_1": 5178.51,
                    "Option_PnL": -0.029299763506820592,
                    "Delta_PnL": -0.027144186698018817,
                    "Total_PnL": -0.002155576808801775,
                    "delta_t": 0.6455462197580738,
                    "option_price_t": 199.66,
                    "underlying_price_t": 5224.62
                },
                "put": {
                    "start_date": "2024-03-01",
                    "strike": 5100.0,
                    "maturity": "2024-05-17",
                    "units": -0.000982224723661435,
                    "gamma": 0.0010494095486051672,
                    "vega": 932.697768889921,
                    "tau": 0.21095890410958903,
                    "delta_t_1": -0.40066333083242545,
                    "option_price_t_1": 91.32,
                    "underlying_t_1": 5178.51,
                    "Option_PnL": 0.01599061850120815,
                    "Delta_PnL": 0.018146195310009633,
                    "Total_PnL": -0.0021555768088014834,
                    "delta_t": -0.3544537802419262,
                    "option_price_t": 75.04,
                    "underlying_price_t": 5224.62
                }
            },
            "sv_2024-03-04_2024-05-17": {
                "call": {
                    "start_date": "2024-03-04",
                    "strike": 5150.0,
                    "maturity": "2024-05-17",
                    "units": -0.00099726276125254,
                    "gamma": 0.0011043944652508533,
                    "vega": 921.5335451676735,
                    "tau": 0.20273972602739726,
                    "delta_t_1": 0.5455227245160246,
                    "option_price_t_1": 142.1,
                    "underlying_t_1": 5178.51,
                    "Option_PnL": -0.02699590294710625,
                    "Delta_PnL": -0.025085200179378805,
                    "Total_PnL": -0.0019107027677274444,
                    "delta_t": 0.5949273679573007,
                    "option_price_t": 169.17,
                    "underlying_price_t": 5224.62
                },
                "put": {
                    "start_date": "2024-03-04",
                    "strike": 5150.0,
                    "maturity": "2024-05-17",
                    "units": -0.00099726276125254,
                    "gamma": 0.0011043944652508533,
                    "vega": 921.5335451676735,
                    "tau": 0.20273972602739726,
                    "delta_t_1": -0.45447727548397543,
                    "option_price_t_1": 113.59,
                    "underlying_t_1": 5178.51,
                    "Option_PnL": 0.018987882974248367,
                    "Delta_PnL": 0.020898585741975485,
                    "Total_PnL": -0.0019107027677271182,
                    "delta_t": -0.4050726320426993,
                    "option_price_t": 94.55,
                    "underlying_price_t": 5224.62
                }
            },
            "sv_2024-03-05_2024-05-17": {
                "call": {
                    "start_date": "2024-03-05",
                    "strike": 5150.0,
                    "maturity": "2024-05-17",
                    "units": -0.0010282749940661712,
                    "gamma": 0.0010738145060282082,
                    "vega": 895.0029399170569,
                    "tau": 0.2,
                    "delta_t_1": 0.5456454407606249,
                    "option_price_t_1": 142.1,
                    "underlying_t_1": 5178.51,
                    "Option_PnL": -0.027835404089371248,
                    "Delta_PnL": -0.025871101960436245,
                    "Total_PnL": -0.0019643021289350027,
                    "delta_t": 0.5953780486030371,
                    "option_price_t": 169.17,
                    "underlying_price_t": 5224.62
                },
                "put": {
                    "start_date": "2024-03-05",
                    "strike": 5150.0,
                    "maturity": "2024-05-17",
                    "units": -0.0010282749940661712,
                    "gamma": 0.0010738145060282082,
                    "vega": 895.0029399170569,
                    "tau": 0.2,
                    "delta_t_1": -0.45435455923937507,
                    "option_price_t_1": 113.59,
                    "underlying_t_1": 5178.51,
                    "Option_PnL": 0.019578355887019908,
                    "Delta_PnL": 0.02154265801595457,
                    "Total_PnL": -0.0019643021289346627,
                    "delta_t": -0.4046219513969629,
                    "option_price_t": 94.55,
                    "underlying_price_t": 5224.62
                }
            },
            "sv_2024-03-06_2024-05-17": {
                "call": {
                    "start_date": "2024-03-06",
                    "strike": 5100.0,
                    "maturity": "2024-05-17",
                    "units": -0.0010168216567430154,
                    "gamma": 0.001085143648944177,
                    "vega": 903.410663705772,
                    "tau": 0.19726027397260273,
                    "delta_t_1": 0.6017386139343261,
                    "option_price_t_1": 169.83,
                    "underlying_t_1": 5178.51,
                    "Option_PnL": -0.030331790020644133,
                    "Delta_PnL": -0.028212903993937537,
                    "Total_PnL": -0.0021188860267065956,
                    "delta_t": 0.6493875502884796,
                    "option_price_t": 199.66,
                    "underlying_price_t": 5224.62
                },
                "put": {
                    "start_date": "2024-03-06",
                    "strike": 5100.0,
                    "maturity": "2024-05-17",
                    "units": -0.0010168216567430154,
                    "gamma": 0.001085143648944177,
                    "vega": 903.410663705772,
                    "tau": 0.19726027397260273,
                    "delta_t_1": -0.39826138606567385,
                    "option_price_t_1": 91.32,
                    "underlying_t_1": 5178.51,
                    "Option_PnL": 0.016553856571776278,
                    "Delta_PnL": 0.01867274259848257,
                    "Total_PnL": -0.002118886026706294,
                    "delta_t": -0.3506124497115204,
                    "option_price_t": 75.04,
                    "underlying_price_t": 5224.62
                }
            },
            "sv_2024-03-07_2024-05-17": {
                "call": {
                    "start_date": "2024-03-07",
                    "strike": 5100.0,
                    "maturity": "2024-05-17",
                    "units": -0.0010252805470494048,
                    "gamma": 0.0010472271587956333,
                    "vega": 891.1354355165239,
                    "tau": 0.19452054794520549,
                    "delta_t_1": 0.6022525148362712,
                    "option_price_t_1": 169.83,
                    "underlying_t_1": 5178.51,
                    "Option_PnL": -0.03058411871848373,
                    "Delta_PnL": -0.028471900798833598,
                    "Total_PnL": -0.0021122179196501334,
                    "delta_t": 0.6502058672241126,
                    "option_price_t": 199.66,
                    "underlying_price_t": 5224.62
                },
                "put": {
                    "start_date": "2024-03-07",
                    "strike": 5100.0,
                    "maturity": "2024-05-17",
                    "units": -0.0010252805470494048,
                    "gamma": 0.0010472271587956333,
                    "vega": 891.1354355165239,
                    "tau": 0.19452054794520549,
                    "delta_t_1": -0.3977474851637288,
                    "option_price_t_1": 91.32,
                    "underlying_t_1": 5178.51,
                    "Option_PnL": 0.016691567305964296,
                    "Delta_PnL": 0.01880378522561412,
                    "Total_PnL": -0.0021122179196498246,
                    "delta_t": -0.34979413277588745,
                    "option_price_t": 75.04,
                    "underlying_price_t": 5224.62
                }
            },
            "sv_2024-03-08_2024-05-17": {
                "call": {
                    "start_date": "2024-03-08",
                    "strike": 5150.0,
                    "maturity": "2024-05-17",
                    "units": -0.0010233589126705767,
                    "gamma": 0.0010678156925967228,
                    "vega": 894.6368333603028,
                    "tau": 0.1917808219178082,
                    "delta_t_1": 0.5460371806397836,
                    "option_price_t_1": 142.1,
                    "underlying_t_1": 5178.51,
                    "Option_PnL": -0.027702325765992505,
                    "Delta_PnL": -0.025765899832732978,
                    "Total_PnL": -0.0019364259332595272,
                    "delta_t": 0.596794627656851,
                    "option_price_t": 169.17,
                    "underlying_price_t": 5224.62
                },
                "put": {
                    "start_date": "2024-03-08",
                    "strike": 5150.0,
                    "maturity": "2024-05-17",
                    "units": -0.0010233589126705767,
                    "gamma": 0.0010678156925967228,
                    "vega": 894.6368333603028,
                    "tau": 0.1917808219178082,
                    "delta_t_1": -0.45396281936021643,
                    "option_price_t_1": 113.59,
                    "underlying_t_1": 5178.51,
                    "Option_PnL": 0.019484753697247788,
                    "Delta_PnL": 0.021421179630506982,
                    "Total_PnL": -0.0019364259332591942,
                    "delta_t": -0.403205372343149,
                    "option_price_t": 94.55,
                    "underlying_price_t": 5224.62
                }
            },
            "sv_2024-03-11_2024-05-17": {
                "call": {
                    "start_date": "2024-03-11",
                    "strike": 5100.0,
                    "maturity": "2024-05-17",
                    "units": -0.0010528916721838295,
                    "gamma": 0.0010888701522975437,
                    "vega": 871.6281829671093,
                    "tau": 0.18356164383561643,
                    "delta_t_1": 0.6044336265714039,
                    "option_price_t_1": 169.83,
                    "underlying_t_1": 5178.51,
                    "Option_PnL": -0.03140775858124362,
                    "Delta_PnL": -0.02934454840752381,
                    "Total_PnL": -0.0020632101737198053,
                    "delta_t": 0.6536658831689707,
                    "option_price_t": 199.66,
                    "underlying_price_t": 5224.62
                },
                "put": {
                    "start_date": "2024-03-11",
                    "strike": 5100.0,
                    "maturity": "2024-05-17",
                    "units": -0.0010528916721838295,
                    "gamma": 0.0010888701522975437,
                    "vega": 871.6281829671093,
                    "tau": 0.18356164383561643,
                    "delta_t_1": -0.39556637342859613,
                    "option_price_t_1": 91.32,
                    "underlying_t_1": 5178.51,
                    "Option_PnL": 0.01714107642315273,
                    "Delta_PnL": 0.01920428659687222,
                    "Total_PnL": -0.0020632101737194895,
                    "delta_t": -0.3463341168310293,
                    "option_price_t": 75.04,
                    "underlying_price_t": 5224.62
                }
            },
            "sv_2024-03-12_2024-05-17": {
                "call": {
                    "start_date": "2024-03-12",
                    "strike": 5100.0,
                    "maturity": "2024-05-17",
                    "units": -0.0010694703178173012,
                    "gamma": 0.0010458326238685135,
                    "vega": 852.9409660699476,
                    "tau": 0.18082191780821918,
                    "delta_t_1": 0.6050126484967592,
                    "option_price_t_1": 169.83,
                    "underlying_t_1": 5178.51,
                    "Option_PnL": -0.03190229958049008,
                    "Delta_PnL": -0.02983515593332218,
                    "Total_PnL": -0.002067143647167903,
                    "delta_t": 0.6545809759623933,
                    "option_price_t": 199.66,
                    "underlying_price_t": 5224.62
                },
                "put": {
                    "start_date": "2024-03-12",
                    "strike": 5100.0,
                    "maturity": "2024-05-17",
                    "units": -0.0010694703178173012,
                    "gamma": 0.0010458326238685135,
                    "vega": 852.9409660699476,
                    "tau": 0.18082191780821918,
                    "delta_t_1": -0.3949873515032408,
                    "option_price_t_1": 91.32,
                    "underlying_t_1": 5178.51,
                    "Option_PnL": 0.01741097677406565,
                    "Delta_PnL": 0.01947812042123323,
                    "Total_PnL": -0.0020671436471675804,
                    "delta_t": -0.3454190240376067,
                    "option_price_t": 75.04,
                    "underlying_price_t": 5224.62
                }
            },
            "sv_2024-03-13_2024-05-17": {
                "call": {
                    "start_date": "2024-03-13",
                    "strike": 5200.0,
                    "maturity": "2024-05-17",
                    "units": -0.0010522655256400976,
                    "gamma": 0.0010833228389236936,
                    "vega": 868.1096786815295,
                    "tau": 0.1780821917808219,
                    "delta_t_1": 0.48748278949143353,
                    "option_price_t_1": 117.5,
                    "underlying_t_1": 5178.51,
                    "Option_PnL": -0.025496393686259552,
                    "Delta_PnL": -0.02365264709804595,
                    "Total_PnL": -0.001843746588213603,
                    "delta_t": 0.5417086823840511,
                    "option_price_t": 141.73,
                    "underlying_price_t": 5224.62
                },
                "put": {
                    "start_date": "2024-03-13",
                    "strike": 5200.0,
                    "maturity": "2024-05-17",
                    "units": -0.0010522655256400976,
                    "gamma": 0.0010833228389236936,
                    "vega": 868.1096786815295,
                    "tau": 0.1780821917808219,
                    "delta_t_1": -0.5125172105085665,
                    "option_price_t_1": 138.99,
                    "underlying_t_1": 5178.51,
                    "Option_PnL": 0.023023569701005345,
                    "Delta_PnL": 0.024867316289218604,
                    "Total_PnL": -0.0018437465882132596,
                    "delta_t": -0.4582913176159489,
                    "option_price_t": 117.11,
                    "underlying_price_t": 5224.62
                }
            },
            "sv_2024-03-14_2024-05-17": {
                "call": {
                    "start_date": "2024-03-14",
                    "strike": 5150.0,
                    "maturity": "2024-05-17",
                    "units": -0.00106891123200595,
                    "gamma": 0.0011703943277719762,
                    "vega": 859.8905384050812,
                    "tau": 0.17534246575342466,
                    "delta_t_1": 0.5469413338550452,
                    "option_price_t_1": 142.1,
                    "underlying_t_1": 5178.51,
                    "Option_PnL": -0.028935427050401058,
                    "Delta_PnL": -0.026957369301125265,
                    "Total_PnL": -0.0019780577492757925,
                    "delta_t": 0.5999557481408996,
                    "option_price_t": 169.17,
                    "underlying_price_t": 5224.62
                },
                "put": {
                    "start_date": "2024-03-14",
                    "strike": 5150.0,
                    "maturity": "2024-05-17",
                    "units": -0.00106891123200595,
                    "gamma": 0.0011703943277719762,
                    "vega": 859.8905384050812,
                    "tau": 0.17534246575342466,
                    "delta_t_1": -0.4530586661449548,
                    "option_price_t_1": 113.59,
                    "underlying_t_1": 5178.51,
                    "Option_PnL": 0.020352069857393292,
                    "Delta_PnL": 0.022330127606668734,
                    "Total_PnL": -0.001978057749275442,
                    "delta_t": -0.4000442518591004,
                    "option_price_t": 94.55,
                    "underlying_price_t": 5224.62
                }
            },
            "sv_2024-03-15_2024-05-17": {
                "call": {
                    "start_date": "2024-03-15",
                    "strike": 5150.0,
                    "maturity": "2024-05-17",
                    "units": -0.0010823577717641874,
                    "gamma": 0.0011986299385475072,
                    "vega": 846.2557160529476,
                    "tau": 0.1726027397260274,
                    "delta_t_1": 0.5471098415300706,
                    "option_price_t_1": 142.1,
                    "underlying_t_1": 5178.51,
                    "Option_PnL": -0.029299424881656547,
                    "Delta_PnL": -0.027304893638270836,
                    "Total_PnL": -0.0019945312433857117,
                    "delta_t": 0.6005307129097041,
                    "option_price_t": 169.17,
                    "underlying_price_t": 5224.62
                },
                "put": {
                    "start_date": "2024-03-15",
                    "strike": 5150.0,
                    "maturity": "2024-05-17",
                    "units": -0.0010823577717641874,
                    "gamma": 0.0011986299385475072,
                    "vega": 846.2557160529476,
                    "tau": 0.1726027397260274,
                    "delta_t_1": -0.4528901584699294,
                    "option_price_t_1": 113.59,
                    "underlying_t_1": 5178.51,
                    "Option_PnL": 0.020608091974390137,
                    "Delta_PnL": 0.022602623217775494,
                    "Total_PnL": -0.0019945312433853578,
                    "delta_t": -0.39946928709029594,
                    "option_price_t": 94.55,
                    "underlying_price_t": 5224.62
                }
            },
            "sv_2024-03-18_2024-06-21": {
                "call": {
                    "start_date": "2024-03-18",
                    "strike": 5100.0,
                    "maturity": "2024-06-21",
                    "units": -0.0008870834974966192,
                    "gamma": 0.0009739609385129626,
                    "vega": 1034.3762494340356,
                    "tau": 0.2602739726027397,
                    "delta_t_1": 0.5924968233170205,
                    "option_price_t_1": 202.25,
                    "underlying_t_1": 5178.51,
                    "Option_PnL": -0.026124609001275424,
                    "Delta_PnL": -0.024235146454021184,
                    "Total_PnL": -0.00188946254725424,
                    "delta_t": 0.6344362397829547,
                    "option_price_t": 231.7,
                    "underlying_price_t": 5224.62
                },
                "put": {
                    "start_date": "2024-03-18",
                    "strike": 5100.0,
                    "maturity": "2024-06-21",
                    "units": -0.0008870834974966192,
                    "gamma": 0.0009739609385129626,
                    "vega": 1034.3762494340356,
                    "tau": 0.2602739726027397,
                    "delta_t_1": -0.40750317668297953,
                    "option_price_t_1": 123.74,
                    "underlying_t_1": 5178.51,
                    "Option_PnL": 0.014778811068293672,
                    "Delta_PnL": 0.016668273615547635,
                    "Total_PnL": -0.0018894625472539624,
                    "delta_t": -0.3655637602170453,
                    "option_price_t": 107.08,
                    "underlying_price_t": 5224.62
                }
            },
            "sv_2024-03-19_2024-06-21": {
                "call": {
                    "start_date": "2024-03-19",
                    "strike": 5150.0,
                    "maturity": "2024-06-21",
                    "units": -0.0008800002484199574,
                    "gamma": 0.0009813712319653395,
                    "vega": 1042.116018488194,
                    "tau": 0.25753424657534246,
                    "delta_t_1": 0.543702466351677,
                    "option_price_t_1": 175.37,
                    "underlying_t_1": 5149.42,
                    "delta_t": 0.5876720977395721,
                    "option_price_t": 202.63,
                    "underlying_price_t": 5224.62,
                    "Option_PnL": -0.02398880677192803,
                    "Delta_PnL": -0.035980064570292555,
                    "Total_PnL": 0.011991257798364525
                },
                "put": {
                    "start_date": "2024-03-19",
                    "strike": 5150.0,
                    "maturity": "2024-06-21",
                    "units": -0.0008800002484199574,
                    "gamma": 0.0009813712319653395,
                    "vega": 1042.116018488194,
                    "tau": 0.25753424657534246,
                    "delta_t_1": -0.45629753364832304,
                    "option_price_t_1": 146.86,
                    "underlying_t_1": 5149.42,
                    "delta_t": -0.4123279022604279,
                    "option_price_t": 128.01,
                    "underlying_price_t": 5224.62,
                    "Option_PnL": 0.016588004682716217,
                    "Delta_PnL": 0.030195954110888074,
                    "Total_PnL": -0.013607949428171857
                }
            },
            "sv_2024-03-20_2024-06-21": {
                "call": {
                    "start_date": "2024-03-20",
                    "strike": 5200.0,
                    "maturity": "2024-06-21",
                    "units": -0.0008736765184954098,
                    "delta_t": 0.5395879211290516,
                    "gamma": 0.0009667341743078075,
                    "vega": 1046.9224491433522,
                    "tau": 0.2547945205479452,
                    "option_price_t": 176.0,
                    "underlying_price_t": 5178.51
                },
                "put": {
                    "start_date": "2024-03-20",
                    "strike": 5200.0,
                    "maturity": "2024-06-21",
                    "units": -0.0008736765184954098,
                    "delta_t": -0.46041207887094837,
                    "gamma": 0.0009667341743078075,
                    "vega": 1046.9224491433522,
                    "tau": 0.2547945205479452,
                    "option_price_t": 151.38,
                    "underlying_price_t": 5178.51
                }
            }
        }
    }
}