{
    "spx_strategy": {
        "date": "2024-05-03",
        "index_levels": 118.1914368762638,
        "result": {
            "sv_2024-02-20_2024-05-17": {
                "call": {
                    "start_date": "2024-02-20",
                    "strike": 5000.0,
                    "maturity": "2024-05-17",
                    "units": -0.0009553697176349442,
                    "gamma": 0.0010612956364964173,
                    "vega": 968.7229277068255,
                    "tau": 0.23835616438356164,
                    "delta_t_1": 0.5793940607317454,
                    "option_price_t_1": 103.2,
                    "underlying_t_1": 5064.2,
                    "Option_PnL": -0.04384191634226759,
                    "Delta_PnL": -0.03519932500135949,
                    "Total_PnL": -0.008642591340908098,
                    "delta_t": 0.6361742733003588,
                    "option_price_t": 149.09,
                    "underlying_price_t": 5127.79
                },
                "put": {
                    "start_date": "2024-02-20",
                    "strike": 5000.0,
                    "maturity": "2024-05-17",
                    "units": -0.0009553697176349442,
                    "gamma": 0.0010612956364964173,
                    "vega": 968.7229277068255,
                    "tau": 0.23835616438356164,
                    "delta_t_1": -0.4206059392682546,
                    "option_price_t_1": 39.0,
                    "underlying_t_1": 5064.2,
                    "Option_PnL": 0.01691004400213851,
                    "Delta_PnL": 0.025552635343046744,
                    "Total_PnL": -0.008642591340908234,
                    "delta_t": -0.3638257266996412,
                    "option_price_t": 21.3,
                    "underlying_price_t": 5127.79
                }
            },
            "sv_2024-02-21_2024-05-17": {
                "call": {
                    "start_date": "2024-02-21",
                    "strike": 5000.0,
                    "maturity": "2024-05-17",
                    "units": -0.0009619878078317999,
                    "gamma": 0.001108555113777208,
                    "vega": 964.6156481823442,
                    "tau": 0.2356164383561644,
                    "delta_t_1": 0.5796686530747791,
                    "option_price_t_1": 103.2,
                    "underlying_t_1": 5064.2,
                    "Option_PnL": -0.0441456205014013,
                    "Delta_PnL": -0.0354599573052696,
                    "Total_PnL": -0.008685663196131697,
                    "delta_t": 0.6367538238721163,
                    "option_price_t": 149.09,
                    "underlying_price_t": 5127.79
                },
                "put": {
                    "start_date": "2024-02-21",
                    "strike": 5000.0,
                    "maturity": "2024-05-17",
                    "units": -0.0009619878078317999,
                    "gamma": 0.001108555113777208,
                    "vega": 964.6156481823442,
                    "tau": 0.2356164383561644,
                    "delta_t_1": -0.4203313469252209,
                    "option_price_t_1": 39.0,
                    "underlying_t_1": 5064.2,
                    "Option_PnL": 0.01702718419862286,
                    "Delta_PnL": 0.025712847394754698,
                    "Total_PnL": -0.00868566319613184,
                    "delta_t": -0.3632461761278837,
                    "option_price_t": 21.3,
                    "underlying_price_t": 5127.79
                }
            },
            "sv_2024-02-22_2024-05-17": {
                "call": {
                    "start_date": "2024-02-22",
                    "strike": 5000.0,
                    "maturity": "2024-05-17",
                    "units": -0.0009663223208364235,
                    "gamma": 0.0009697092301376723,
                    "vega": 946.8510386366223,
                    "tau": 0.2328767123287671,
                    "delta_t_1": 0.5799490898699614,
                    "option_price_t_1": 103.2,
                    "underlying_t_1": 5064.2,
                    "Option_PnL": -0.04434453130318348,
                    "Delta_PnL": -0.035636964753666345,
                    "Total_PnL": -0.008707566549517133,
                    "delta_t": 0.6373442954602885,
                    "option_price_t": 149.09,
                    "underlying_price_t": 5127.79
                },
                "put": {
                    "start_date": "2024-02-22",
                    "strike": 5000.0,
                    "maturity": "2024-05-17",
                    "units": -0.0009663223208364235,
                    "gamma": 0.0009697092301376723,
                    "vega": 946.8510386366223,
                    "tau": 0.2328767123287671,
                    "delta_t_1": -0.4200509101300386,
                    "option_price_t_1": 39.0,
                    "underlying_t_1": 5064.2,
                    "Option_PnL": 0.017103905078804695,
                    "Delta_PnL": 0.025811471628321966,
                    "Total_PnL": -0.008707566549517272,
                    "delta_t": -0.3626557045397115,
                    "option_price_t": 21.3,
                    "underlying_price_t": 5127.79
                }
            },
            "sv_2024-02-23_2024-05-17": {
                "call": {
                    "start_date": "2024-02-23",
                    "strike": 5100.0,
                    "maturity": "2024-05-17",
                    "units": -0.0009402484337374524,
                    "gamma": 0.001010537320206317,
                    "vega": 973.856485363009,
                    "tau": 0.23013698630136986,
                    "delta_t_1": 0.47956786829880915,
                    "option_price_t_1": 50.48,
                    "underlying_t_1": 5064.2,
                    "Option_PnL": -0.029674240568754007,
                    "Delta_PnL": -0.02867355366629508,
                    "Total_PnL": -0.0010006869024589277,
                    "delta_t": 0.5428747108489993,
                    "option_price_t": 82.04,
                    "underlying_price_t": 5127.79
                },
                "put": {
                    "start_date": "2024-02-23",
                    "strike": 5100.0,
                    "maturity": "2024-05-17",
                    "units": -0.0009402484337374524,
                    "gamma": 0.001010537320206317,
                    "vega": 973.856485363009,
                    "tau": 0.23013698630136986,
                    "delta_t_1": -0.5204321317011908,
                    "option_price_t_1": 86.28,
                    "underlying_t_1": 5064.2,
                    "Option_PnL": 0.0301161573326106,
                    "Delta_PnL": 0.031116844235069656,
                    "Total_PnL": -0.001000686902459056,
                    "delta_t": -0.4571252891510007,
                    "option_price_t": 54.25,
                    "underlying_price_t": 5127.79
                }
            },
            "sv_2024-02-26_2024-05-17": {
                "call": {
                    "start_date": "2024-02-26",
                    "strike": 5100.0,
                    "maturity": "2024-05-17",
                    "units": -0.0009643305079030832,
                    "gamma": 0.0010262461468487935,
                    "vega": 951.9807326933181,
                    "tau": 0.2219178082191781,
                    "delta_t_1": 0.478627873102627,
                    "option_price_t_1": 50.48,
                    "underlying_t_1": 5064.2,
                    "Option_PnL": -0.030434270829421316,
                    "Delta_PnL": -0.0293503116992144,
                    "Total_PnL": -0.001083959130206917,
                    "delta_t": 0.5430761425324767,
                    "option_price_t": 82.04,
                    "underlying_price_t": 5127.79
                },
                "put": {
                    "start_date": "2024-02-26",
                    "strike": 5100.0,
                    "maturity": "2024-05-17",
                    "units": -0.0009643305079030832,
                    "gamma": 0.0010262461468487935,
                    "vega": 951.9807326933181,
                    "tau": 0.2219178082191781,
                    "delta_t_1": -0.521372126897373,
                    "option_price_t_1": 86.28,
                    "underlying_t_1": 5064.2,
                    "Option_PnL": 0.030887506168135757,
                    "Delta_PnL": 0.0319714652983428,
                    "Total_PnL": -0.001083959130207042,
                    "delta_t": -0.4569238574675233,
                    "option_price_t": 54.25,
                    "underlying_price_t": 5127.79
                }
            },
            "sv_2024-02-27_2024-05-17": {
                "call": {
                    "start_date": "2024-02-27",
                    "strike": 5050.0,
                    "maturity": "2024-05-17",
                    "units": -0.0009739430414457102,
                    "gamma": 0.0010256657081289774,
                    "vega": 942.6129093626187,
                    "tau": 0.2191780821917808,
                    "delta_t_1": 0.5298723389298545,
                    "option_price_t_1": 73.87,
                    "underlying_t_1": 5064.2,
                    "Option_PnL": -0.0379837786163827,
                    "Delta_PnL": -0.03281660370502326,
                    "Total_PnL": -0.005167174911359436,
                    "delta_t": 0.5922833121154764,
                    "option_price_t": 112.87,
                    "underlying_price_t": 5127.79
                },
                "put": {
                    "start_date": "2024-02-27",
                    "strike": 5050.0,
                    "maturity": "2024-05-17",
                    "units": -0.0009739430414457102,
                    "gamma": 0.0010256657081289774,
                    "vega": 942.6129093626187,
                    "tau": 0.2191780821917808,
                    "delta_t_1": -0.4701276610701455,
                    "option_price_t_1": 59.67,
                    "underlying_t_1": 5064.2,
                    "Option_PnL": 0.023949259389150015,
                    "Delta_PnL": 0.029116434300509586,
                    "Total_PnL": -0.005167174911359571,
                    "delta_t": -0.40771668788452364,
                    "option_price_t": 35.08,
                    "underlying_price_t": 5127.79
                }
            },
            "sv_2024-02-28_2024-05-17": {
                "call": {
                    "start_date": "2024-02-28",
                    "strike": 5100.0,
                    "maturity": "2024-05-17",
                    "units": -0.0009779211924724452,
                    "gamma": 0.0010438532672446977,
                    "vega": 940.1437332595276,
                    "tau": 0.21643835616438356,
                    "delta_t_1": 0.4779776567252929,
                    "option_price_t_1": 50.48,
                    "underlying_t_1": 5064.2,
                    "Option_PnL": -0.03086319283443038,
                    "Delta_PnL": -0.02972352268574262,
                    "Total_PnL": -0.001139670148687759,
                    "delta_t": 0.543222837344841,
                    "option_price_t": 82.04,
                    "underlying_price_t": 5127.79
                },
                "put": {
                    "start_date": "2024-02-28",
                    "strike": 5100.0,
                    "maturity": "2024-05-17",
                    "units": -0.0009779211924724452,
                    "gamma": 0.0010438532672446977,
                    "vega": 940.1437332595276,
                    "tau": 0.21643835616438356,
                    "delta_t_1": -0.5220223432747071,
                    "option_price_t_1": 86.28,
                    "underlying_t_1": 5064.2,
                    "Option_PnL": 0.03132281579489242,
                    "Delta_PnL": 0.03246248594358032,
                    "Total_PnL": -0.0011396701486878977,
                    "delta_t": -0.456777162655159,
                    "option_price_t": 54.25,
                    "underlying_price_t": 5127.79
                }
            },
            "sv_2024-02-29_2024-05-17": {
                "call": {
                    "start_date": "2024-02-29",
                    "strike": 5050.0,
                    "maturity": "2024-05-17",
                    "units": -0.0009900232692252426,
                    "gamma": 0.0010449180954648857,
                    "vega": 927.8624437084237,
                    "tau": 0.2136986301369863,
                    "delta_t_1": 0.5298686094897226,
                    "option_price_t_1": 73.87,
                    "underlying_t_1": 5064.2,
                    "Option_PnL": -0.038610907499784464,
                    "Delta_PnL": -0.033358185469977375,
                    "Total_PnL": -0.005252722029807089,
                    "delta_t": 0.5930503774971553,
                    "option_price_t": 112.87,
                    "underlying_price_t": 5127.79
                },
                "put": {
                    "start_date": "2024-02-29",
                    "strike": 5050.0,
                    "maturity": "2024-05-17",
                    "units": -0.0009900232692252426,
                    "gamma": 0.0010449180954648857,
                    "vega": 927.8624437084237,
                    "tau": 0.2136986301369863,
                    "delta_t_1": -0.4701313905102774,
                    "option_price_t_1": 59.67,
                    "underlying_t_1": 5064.2,
                    "Option_PnL": 0.02434467219024872,
                    "Delta_PnL": 0.029597394220055945,
                    "Total_PnL": -0.005252722029807224,
                    "delta_t": -0.4069496225028447,
                    "option_price_t": 35.08,
                    "underlying_price_t": 5127.79
                }
            },
            "sv_2024-03-01_2024-05-17": {
                "call": {
                    "start_date": "2024-03-01",
                    "strike": 5100.0,
                    "maturity": "2024-05-17",
                    "units": -0.000982224723661435,
                    "gamma": 0.0010494095486051672,
                    "vega": 932.697768889921,
                    "tau": 0.21095890410958903,
                    "delta_t_1": 0.477307255394552,
                    "option_price_t_1": 50.48,
                    "underlying_t_1": 5064.2,
                    "Option_PnL": -0.0309990122787549,
                    "Delta_PnL": -0.02981245374533391,
                    "Total_PnL": -0.0011865585334209922,
                    "delta_t": 0.5433802766402409,
                    "option_price_t": 82.04,
                    "underlying_price_t": 5127.79
                },
                "put": {
                    "start_date": "2024-03-01",
                    "strike": 5100.0,
                    "maturity": "2024-05-17",
                    "units": -0.000982224723661435,
                    "gamma": 0.0010494095486051672,
                    "vega": 932.697768889921,
                    "tau": 0.21095890410958903,
                    "delta_t_1": -0.522692744605448,
                    "option_price_t_1": 86.28,
                    "underlying_t_1": 5064.2,
                    "Option_PnL": 0.03146065789887577,
                    "Delta_PnL": 0.03264721643229689,
                    "Total_PnL": -0.001186558533421124,
                    "delta_t": -0.4566197233597591,
                    "option_price_t": 54.25,
                    "underlying_price_t": 5127.79
                }
            },
            "sv_2024-03-04_2024-05-17": {
                "call": {
                    "start_date": "2024-03-04",
                    "strike": 5150.0,
                    "maturity": "2024-05-17",
                    "units": -0.00099726276125254,
                    "gamma": 0.0011043944652508533,
                    "vega": 921.5335451676735,
                    "tau": 0.20273972602739726,
                    "delta_t_1": 0.42358664470997426,
                    "option_price_t_1": 32.83,
                    "underlying_t_1": 5064.2,
                    "Option_PnL": -0.024143731449923996,
                    "Delta_PnL": -0.026862144817080186,
                    "Total_PnL": 0.0027184133671561903,
                    "delta_t": 0.4923596867953612,
                    "option_price_t": 57.04,
                    "underlying_price_t": 5127.79
                },
                "put": {
                    "start_date": "2024-03-04",
                    "strike": 5150.0,
                    "maturity": "2024-05-17",
                    "units": -0.00099726276125254,
                    "gamma": 0.0011043944652508533,
                    "vega": 921.5335451676735,
                    "tau": 0.20273972602739726,
                    "delta_t_1": -0.5764133552900257,
                    "option_price_t_1": 118.63,
                    "underlying_t_1": 5064.2,
                    "Option_PnL": 0.03927220753812502,
                    "Delta_PnL": 0.036553794170968976,
                    "Total_PnL": 0.0027184133671560445,
                    "delta_t": -0.5076403132046388,
                    "option_price_t": 79.25,
                    "underlying_price_t": 5127.79
                }
            },
            "sv_2024-03-05_2024-05-17": {
                "call": {
                    "start_date": "2024-03-05",
                    "strike": 5150.0,
                    "maturity": "2024-05-17",
                    "units": -0.0010282749940661712,
                    "gamma": 0.0010738145060282082,
                    "vega": 895.0029399170569,
                    "tau": 0.2,
                    "delta_t_1": 0.4228764515443395,
                    "option_price_t_1": 32.83,
                    "underlying_t_1": 5064.2,
                    "Option_PnL": -0.024894537606342006,
                    "Delta_PnL": -0.027651048319870718,
                    "Total_PnL": 0.002756510713528712,
                    "delta_t": 0.4921019371766664,
                    "option_price_t": 57.04,
                    "underlying_price_t": 5127.79
                },
                "put": {
                    "start_date": "2024-03-05",
                    "strike": 5150.0,
                    "maturity": "2024-05-17",
                    "units": -0.0010282749940661712,
                    "gamma": 0.0010738145060282082,
                    "vega": 895.0029399170569,
                    "tau": 0.2,
                    "delta_t_1": -0.5771235484556605,
                    "option_price_t_1": 118.63,
                    "underlying_t_1": 5064.2,
                    "Option_PnL": 0.04049346926632582,
                    "Delta_PnL": 0.03773695855279726,
                    "Total_PnL": 0.0027565107135285594,
                    "delta_t": -0.5078980628233336,
                    "option_price_t": 79.25,
                    "underlying_price_t": 5127.79
                }
            },
            "sv_2024-03-06_2024-05-17": {
                "call": {
                    "start_date": "2024-03-06",
                    "strike": 5100.0,
                    "maturity": "2024-05-17",
                    "units": -0.0010168216567430154,
                    "gamma": 0.001085143648944177,
                    "vega": 903.410663705772,
                    "tau": 0.19726027397260273,
                    "delta_t_1": 0.47553432988205413,
                    "option_price_t_1": 50.48,
                    "underlying_t_1": 5064.2,
                    "Option_PnL": -0.032090891486809575,
                    "Delta_PnL": -0.030747901951415434,
                    "Total_PnL": -0.0013429895353941415,
                    "delta_t": 0.5438261771448706,
                    "option_price_t": 82.04,
                    "underlying_price_t": 5127.79
                },
                "put": {
                    "start_date": "2024-03-06",
                    "strike": 5100.0,
                    "maturity": "2024-05-17",
                    "units": -0.0010168216567430154,
                    "gamma": 0.001085143648944177,
                    "vega": 903.410663705772,
                    "tau": 0.19726027397260273,
                    "delta_t_1": -0.5244656701179459,
                    "option_price_t_1": 86.28,
                    "underlying_t_1": 5064.2,
                    "Option_PnL": 0.03256879766547879,
                    "Delta_PnL": 0.03391178720087306,
                    "Total_PnL": -0.0013429895353942733,
                    "delta_t": -0.4561738228551294,
                    "option_price_t": 54.25,
                    "underlying_price_t": 5127.79
                }
            },
            "sv_2024-03-07_2024-05-17": {
                "call": {
                    "start_date": "2024-03-07",
                    "strike": 5100.0,
                    "maturity": "2024-05-17",
                    "units": -0.0010252805470494048,
                    "gamma": 0.0010472271587956333,
                    "vega": 891.1354355165239,
                    "tau": 0.19452054794520549,
                    "delta_t_1": 0.47516166073367144,
                    "option_price_t_1": 50.48,
                    "underlying_t_1": 5064.2,
                    "Option_PnL": -0.032357854064879225,
                    "Delta_PnL": -0.030979395133994996,
                    "Total_PnL": -0.0013784589308842299,
                    "delta_t": 0.5439252322891944,
                    "option_price_t": 82.04,
                    "underlying_price_t": 5127.79
                },
                "put": {
                    "start_date": "2024-03-07",
                    "strike": 5100.0,
                    "maturity": "2024-05-17",
                    "units": -0.0010252805470494048,
                    "gamma": 0.0010472271587956333,
                    "vega": 891.1354355165239,
                    "tau": 0.19452054794520549,
                    "delta_t_1": -0.5248383392663285,
                    "option_price_t_1": 86.28,
                    "underlying_t_1": 5064.2,
                    "Option_PnL": 0.032839735921992436,
                    "Delta_PnL": 0.034218194852876804,
                    "Total_PnL": -0.0013784589308843687,
                    "delta_t": -0.4560747677108056,
                    "option_price_t": 54.25,
                    "underlying_price_t": 5127.79
                }
            },
            "sv_2024-03-08_2024-05-17": {
                "call": {
                    "start_date": "2024-03-08",
                    "strike": 5150.0,
                    "maturity": "2024-05-17",
                    "units": -0.0010233589126705767,
                    "gamma": 0.0010678156925967228,
                    "vega": 894.6368333603028,
                    "tau": 0.1917808219178082,
                    "delta_t_1": 0.42066525703695185,
                    "option_price_t_1": 32.83,
                    "underlying_t_1": 5064.2,
                    "Option_PnL": -0.024775519275754665,
                    "Delta_PnL": -0.027374957031119737,
                    "Total_PnL": 0.002599437755365072,
                    "delta_t": 0.4913046217073453,
                    "option_price_t": 57.04,
                    "underlying_price_t": 5127.79
                },
                "put": {
                    "start_date": "2024-03-08",
                    "strike": 5150.0,
                    "maturity": "2024-05-17",
                    "units": -0.0010233589126705767,
                    "gamma": 0.0010678156925967228,
                    "vega": 894.6368333603028,
                    "tau": 0.1917808219178082,
                    "delta_t_1": -0.5793347429630482,
                    "option_price_t_1": 118.63,
                    "underlying_t_1": 5064.2,
                    "Option_PnL": 0.04029987398096731,
                    "Delta_PnL": 0.037700436225602395,
                    "Total_PnL": 0.0025994377553649126,
                    "delta_t": -0.5086953782926547,
                    "option_price_t": 79.25,
                    "underlying_price_t": 5127.79
                }
            },
            "sv_2024-03-11_2024-05-17": {
                "call": {
                    "start_date": "2024-03-11",
                    "strike": 5100.0,
                    "maturity": "2024-05-17",
                    "units": -0.0010528916721838295,
                    "gamma": 0.0010888701522975437,
                    "vega": 871.6281829671093,
                    "tau": 0.18356164383561643,
                    "delta_t_1": 0.4736036590315512,
                    "option_price_t_1": 50.48,
                    "underlying_t_1": 5064.2,
                    "Option_PnL": -0.033229261174121665,
                    "Delta_PnL": -0.03170936643175798,
                    "Total_PnL": -0.0015198947423636852,
                    "delta_t": 0.5443587638944927,
                    "option_price_t": 82.04,
                    "underlying_price_t": 5127.79
                },
                "put": {
                    "start_date": "2024-03-11",
                    "strike": 5100.0,
                    "maturity": "2024-05-17",
                    "units": -0.0010528916721838295,
                    "gamma": 0.0010888701522975437,
                    "vega": 871.6281829671093,
                    "tau": 0.18356164383561643,
                    "delta_t_1": -0.5263963409684488,
                    "option_price_t_1": 86.28,
                    "underlying_t_1": 5064.2,
                    "Option_PnL": 0.033724120260048056,
                    "Delta_PnL": 0.035244015002411894,
                    "Total_PnL": -0.0015198947423638379,
                    "delta_t": -0.45564123610550733,
                    "option_price_t": 54.25,
                    "underlying_price_t": 5127.79
                }
            },
            "sv_2024-03-12_2024-05-17": {
                "call": {
                    "start_date": "2024-03-12",
                    "strike": 5100.0,
                    "maturity": "2024-05-17",
                    "units": -0.0010694703178173012,
                    "gamma": 0.0010458326238685135,
                    "vega": 852.9409660699476,
                    "tau": 0.18082191780821918,
                    "delta_t_1": 0.47319612140758543,
                    "option_price_t_1": 50.48,
                    "underlying_t_1": 5064.2,
                    "Option_PnL": -0.03375248323031404,
                    "Delta_PnL": -0.0321809408319037,
                    "Total_PnL": -0.0015715423984103416,
                    "delta_t": 0.5444772320598854,
                    "option_price_t": 82.04,
                    "underlying_price_t": 5127.79
                },
                "put": {
                    "start_date": "2024-03-12",
                    "strike": 5100.0,
                    "maturity": "2024-05-17",
                    "units": -0.0010694703178173012,
                    "gamma": 0.0010458326238685135,
                    "vega": 852.9409660699476,
                    "tau": 0.18082191780821918,
                    "delta_t_1": -0.5268038785924145,
                    "option_price_t_1": 86.28,
                    "underlying_t_1": 5064.2,
                    "Option_PnL": 0.03425513427968816,
                    "Delta_PnL": 0.035826676678098635,
                    "Total_PnL": -0.0015715423984104734,
                    "delta_t": -0.4555227679401146,
                    "option_price_t": 54.25,
                    "underlying_price_t": 5127.79
                }
            },
            "sv_2024-03-13_2024-05-17": {
                "call": {
                    "start_date": "2024-03-13",
                    "strike": 5200.0,
                    "maturity": "2024-05-17",
                    "units": -0.0010522655256400976,
                    "gamma": 0.0010833228389236936,
                    "vega": 868.1096786815295,
                    "tau": 0.1780821917808219,
                    "delta_t_1": 0.36274747072313296,
                    "option_price_t_1": 20.26,
                    "underlying_t_1": 5064.2,
                    "Option_PnL": -0.01846725997498371,
                    "Delta_PnL": -0.024272726379364448,
                    "Total_PnL": 0.005805466404380736,
                    "delta_t": 0.43588669643549016,
                    "option_price_t": 37.81,
                    "underlying_price_t": 5127.79
                },
                "put": {
                    "start_date": "2024-03-13",
                    "strike": 5200.0,
                    "maturity": "2024-05-17",
                    "units": -0.0010522655256400976,
                    "gamma": 0.0010833228389236936,
                    "vega": 868.1096786815295,
                    "tau": 0.1780821917808219,
                    "delta_t_1": -0.637252529276867,
                    "option_price_t_1": 156.06,
                    "underlying_t_1": 5064.2,
                    "Option_PnL": 0.048446304800470096,
                    "Delta_PnL": 0.042640838396089516,
                    "Total_PnL": 0.00580546640438058,
                    "delta_t": -0.5641133035645098,
                    "option_price_t": 110.02,
                    "underlying_price_t": 5127.79
                }
            },
            "sv_2024-03-14_2024-05-17": {
                "call": {
                    "start_date": "2024-03-14",
                    "strike": 5150.0,
                    "maturity": "2024-05-17",
                    "units": -0.00106891123200595,
                    "gamma": 0.0011703943277719762,
                    "vega": 859.8905384050812,
                    "tau": 0.17534246575342466,
                    "delta_t_1": 0.4158354958184023,
                    "option_price_t_1": 32.83,
                    "underlying_t_1": 5064.2,
                    "Option_PnL": -0.025878340926864047,
                    "Delta_PnL": -0.028265197452231192,
                    "Total_PnL": 0.0023868565253671453,
                    "delta_t": 0.4895888604531121,
                    "option_price_t": 57.04,
                    "underlying_price_t": 5127.79
                },
                "put": {
                    "start_date": "2024-03-14",
                    "strike": 5150.0,
                    "maturity": "2024-05-17",
                    "units": -0.00106891123200595,
                    "gamma": 0.0011703943277719762,
                    "vega": 859.8905384050812,
                    "tau": 0.17534246575342466,
                    "delta_t_1": -0.5841645041815977,
                    "option_price_t_1": 118.63,
                    "underlying_t_1": 5064.2,
                    "Option_PnL": 0.042093724316394306,
                    "Delta_PnL": 0.03970686779102732,
                    "Total_PnL": 0.0023868565253669857,
                    "delta_t": -0.5104111395468879,
                    "option_price_t": 79.25,
                    "underlying_price_t": 5127.79
                }
            },
            "sv_2024-03-15_2024-05-17": {
                "call": {
                    "start_date": "2024-03-15",
                    "strike": 5150.0,
                    "maturity": "2024-05-17",
                    "units": -0.0010823577717641874,
                    "gamma": 0.0011986299385475072,
                    "vega": 846.2557160529476,
                    "tau": 0.1726027397260274,
                    "delta_t_1": 0.414971098077671,
                    "option_price_t_1": 32.83,
                    "underlying_t_1": 5064.2,
                    "Option_PnL": -0.02620388165441098,
                    "Delta_PnL": -0.028561270006805403,
                    "Total_PnL": 0.0023573883523944246,
                    "delta_t": 0.489285292398266,
                    "option_price_t": 57.04,
                    "underlying_price_t": 5127.79
                },
                "put": {
                    "start_date": "2024-03-15",
                    "strike": 5150.0,
                    "maturity": "2024-05-17",
                    "units": -0.0010823577717641874,
                    "gamma": 0.0011986299385475072,
                    "vega": 846.2557160529476,
                    "tau": 0.1726027397260274,
                    "delta_t_1": -0.5850289019223289,
                    "option_price_t_1": 118.63,
                    "underlying_t_1": 5064.2,
                    "Option_PnL": 0.042623249052073695,
                    "Delta_PnL": 0.04026586069967943,
                    "Total_PnL": 0.0023573883523942615,
                    "delta_t": -0.510714707601734,
                    "option_price_t": 79.25,
                    "underlying_price_t": 5127.79
                }
            },
            "sv_2024-03-18_2024-06-21": {
                "call": {
                    "start_date": "2024-03-18",
                    "strike": 5100.0,
                    "maturity": "2024-06-21",
                    "units": -0.0008870834974966192,
                    "gamma": 0.0009739609385129626,
                    "vega": 1034.3762494340356,
                    "tau": 0.2602739726027397,
                    "delta_t_1": 0.4827011480609943,
                    "option_price_t_1": 105.0,
                    "underlying_t_1": 5064.2,
                    "Option_PnL": -0.031189855771981127,
                    "Delta_PnL": -0.027228997799431488,
                    "Total_PnL": -0.00396085797254964,
                    "delta_t": 0.5422974342195857,
                    "option_price_t": 140.16,
                    "underlying_price_t": 5127.79
                },
                "put": {
                    "start_date": "2024-03-18",
                    "strike": 5100.0,
                    "maturity": "2024-06-21",
                    "units": -0.0008870834974966192,
                    "gamma": 0.0009739609385129626,
                    "vega": 1034.3762494340356,
                    "tau": 0.2602739726027397,
                    "delta_t_1": -0.5172988519390057,
                    "option_price_t_1": 140.8,
                    "underlying_t_1": 5064.2,
                    "Option_PnL": 0.02521978383382889,
                    "Delta_PnL": 0.029180641806378655,
                    "Total_PnL": -0.003960857972549765,
                    "delta_t": -0.45770256578041435,
                    "option_price_t": 112.37,
                    "underlying_price_t": 5127.79
                }
            },
            "sv_2024-03-19_2024-06-21": {
                "call": {
                    "start_date": "2024-03-19",
                    "strike": 5150.0,
                    "maturity": "2024-06-21",
                    "units": -0.0008800002484199574,
                    "gamma": 0.0009813712319653395,
                    "vega": 1042.116018488194,
                    "tau": 0.25753424657534246,
                    "delta_t_1": 0.4355679435342234,
                    "option_price_t_1": 84.5,
                    "underlying_t_1": 5064.2,
                    "Option_PnL": -0.027359207723376477,
                    "Delta_PnL": -0.0243740405464981,
                    "Total_PnL": -0.002985167176878377,
                    "delta_t": 0.49684509192544424,
                    "option_price_t": 115.59,
                    "underlying_price_t": 5127.79
                },
                "put": {
                    "start_date": "2024-03-19",
                    "strike": 5150.0,
                    "maturity": "2024-06-21",
                    "units": -0.0008800002484199574,
                    "gamma": 0.0009813712319653395,
                    "vega": 1042.116018488194,
                    "tau": 0.25753424657534246,
                    "delta_t_1": -0.5644320564657765,
                    "option_price_t_1": 170.3,
                    "underlying_t_1": 5064.2,
                    "Option_PnL": 0.028600008073648615,
                    "Delta_PnL": 0.03158517525052711,
                    "Total_PnL": -0.0029851671768784983,
                    "delta_t": -0.5031549080745558,
                    "option_price_t": 137.8,
                    "underlying_price_t": 5127.79
                }
            },
            "sv_2024-03-20_2024-06-21": {
                "call": {
                    "start_date": "2024-03-20",
                    "strike": 5200.0,
                    "maturity": "2024-06-21",
                    "units": -0.0008736765184954098,
                    "gamma": 0.0009667341743078075,
                    "vega": 1046.9224491433522,
                    "tau": 0.2547945205479452,
                    "delta_t_1": 0.3892846109436032,
                    "option_price_t_1": 67.07,
                    "underlying_t_1": 5064.2,
                    "Option_PnL": -0.02365916012085571,
                    "Delta_PnL": -0.021627520092281933,
                    "Total_PnL": -0.0020316400285737765,
                    "delta_t": 0.45138967573352823,
                    "option_price_t": 94.15,
                    "underlying_price_t": 5127.79
                },
                "put": {
                    "start_date": "2024-03-20",
                    "strike": 5200.0,
                    "maturity": "2024-06-21",
                    "units": -0.0008736765184954098,
                    "gamma": 0.0009667341743078075,
                    "vega": 1046.9224491433522,
                    "tau": 0.2547945205479452,
                    "delta_t_1": -0.6107153890563968,
                    "option_price_t_1": 202.87,
                    "underlying_t_1": 5064.2,
                    "Option_PnL": 0.031897929690267404,
                    "Delta_PnL": 0.033929569718841306,
                    "Total_PnL": -0.0020316400285739014,
                    "delta_t": -0.5486103242664717,
                    "option_price_t": 166.36,
                    "underlying_price_t": 5127.79
                }
            },
            "sv_2024-03-21_2024-06-21": {
                "call": {
                    "start_date": "2024-03-21",
                    "strike": 5200.0,
                    "maturity": "2024-06-21",
                    "units": -0.0008803756336649229,
                    "gamma": 0.0009734222799357483,
                    "vega": 1039.3694316362185,
                    "tau": 0.25205479452054796,
                    "delta_t_1": 0.3885301572046562,
                    "option_price_t_1": 67.07,
                    "underlying_t_1": 5064.2,
                    "Option_PnL": -0.023840572159646124,
                    "Delta_PnL": -0.021751117416034593,
                    "Total_PnL": -0.002089454743611531,
                    "delta_t": 0.45094572213963074,
                    "option_price_t": 94.15,
                    "underlying_price_t": 5127.79
                },
                "put": {
                    "start_date": "2024-03-21",
                    "strike": 5200.0,
                    "maturity": "2024-06-21",
                    "units": -0.0008803756336649229,
                    "gamma": 0.0009734222799357483,
                    "vega": 1039.3694316362185,
                    "tau": 0.25205479452054796,
                    "delta_t_1": -0.6114698427953438,
                    "option_price_t_1": 202.87,
                    "underlying_t_1": 5064.2,
                    "Option_PnL": 0.032142514385106326,
                    "Delta_PnL": 0.03423196912871798,
                    "Total_PnL": -0.002089454743611656,
                    "delta_t": -0.5490542778603693,
                    "option_price_t": 166.36,
                    "underlying_price_t": 5127.79
                }
            },
            "sv_2024-03-22_2024-06-21": {
                "call": {
                    "start_date": "2024-03-22",
                    "strike": 5250.0,
                    "maturity": "2024-06-21",
                    "units": -0.0008783294061808849,
                    "gamma": 0.0009880753105154989,
                    "vega": 1042.6364819337598,
                    "tau": 0.2493150684931507,
                    "delta_t_1": 0.3434908562259469,
                    "option_price_t_1": 52.49,
                    "underlying_t_1": 5064.2,
                    "Option_PnL": -0.02039480881152014,
                    "Delta_PnL": -0.019184983436651246,
                    "Total_PnL": -0.001209825374868894,
                    "delta_t": 0.40582576108427343,
                    "option_price_t": 75.71,
                    "underlying_price_t": 5127.79
                },
                "put": {
                    "start_date": "2024-03-22",
                    "strike": 5250.0,
                    "maturity": "2024-06-21",
                    "units": -0.0008783294061808849,
                    "gamma": 0.0009880753105154989,
                    "vega": 1042.6364819337598,
                    "tau": 0.2493150684931507,
                    "delta_t_1": -0.6565091437740531,
                    "option_price_t_1": 238.29,
                    "underlying_t_1": 5064.2,
                    "Option_PnL": 0.03545815812752233,
                    "Delta_PnL": 0.03666798350239135,
                    "Total_PnL": -0.0012098253748690224,
                    "delta_t": -0.5941742389157265,
                    "option_price_t": 197.92,
                    "underlying_price_t": 5127.79
                }
            },
            "sv_2024-03-25_2024-06-21": {
                "call": {
                    "start_date": "2024-03-25",
                    "strike": 5250.0,
                    "maturity": "2024-06-21",
                    "units": -0.0008990160659115273,
                    "gamma": 0.0010066991942123571,
                    "vega": 1021.2660515602986,
                    "tau": 0.2410958904109589,
                    "delta_t_1": 0.3404896794754359,
                    "option_price_t_1": 52.49,
                    "underlying_t_1": 5064.2,
                    "Option_PnL": -0.020875153050465656,
                    "Delta_PnL": -0.019465260962259527,
                    "Total_PnL": -0.0014098920882061293,
                    "delta_t": 0.4037190843876067,
                    "option_price_t": 75.71,
                    "underlying_price_t": 5127.79
                },
                "put": {
                    "start_date": "2024-03-25",
                    "strike": 5250.0,
                    "maturity": "2024-06-21",
                    "units": -0.0008990160659115273,
                    "gamma": 0.0010066991942123571,
                    "vega": 1021.2660515602986,
                    "tau": 0.2410958904109589,
                    "delta_t_1": -0.659510320524564,
                    "option_price_t_1": 238.29,
                    "underlying_t_1": 5064.2,
                    "Option_PnL": 0.03629327858084836,
                    "Delta_PnL": 0.037703170669054625,
                    "Total_PnL": -0.0014098920882062646,
                    "delta_t": -0.5962809156123934,
                    "option_price_t": 197.92,
                    "underlying_price_t": 5127.79
                }
            },
            "sv_2024-03-26_2024-06-21": {
                "call": {
                    "start_date": "2024-03-26",
                    "strike": 5200.0,
                    "maturity": "2024-06-21",
                    "units": -0.0009079490074106857,
                    "gamma": 0.0010122507559291477,
                    "vega": 1012.3888523247844,
                    "tau": 0.23835616438356164,
                    "delta_t_1": 0.38458633120522107,
                    "option_price_t_1": 67.07,
                    "underlying_t_1": 5064.2,
                    "Option_PnL": -0.02458725912068138,
                    "Delta_PnL": -0.022204660012766487,
                    "Total_PnL": -0.0023825991079148914,
                    "delta_t": 0.448628956088007,
                    "option_price_t": 94.15,
                    "underlying_price_t": 5127.79
                },
                "put": {
                    "start_date": "2024-03-26",
                    "strike": 5200.0,
                    "maturity": "2024-06-21",
                    "units": -0.0009079490074106857,
                    "gamma": 0.0010122507559291477,
                    "vega": 1012.3888523247844,
                    "tau": 0.23835616438356164,
                    "delta_t_1": -0.6154136687947789,
                    "option_price_t_1": 202.87,
                    "underlying_t_1": 5064.2,
                    "Option_PnL": 0.03314921826056413,
                    "Delta_PnL": 0.03553181736847914,
                    "Total_PnL": -0.0023825991079150163,
                    "delta_t": -0.551371043911993,
                    "option_price_t": 166.36,
                    "underlying_price_t": 5127.79
                }
            },
            "sv_2024-03-27_2024-06-21": {
                "call": {
                    "start_date": "2024-03-27",
                    "strike": 5200.0,
                    "maturity": "2024-06-21",
                    "units": -0.0009171765748180482,
                    "gamma": 0.0010456218028914873,
                    "vega": 1002.5693329785686,
                    "tau": 0.2356164383561644,
                    "delta_t_1": 0.383761067158676,
                    "option_price_t_1": 67.07,
                    "underlying_t_1": 5064.2,
                    "Option_PnL": -0.024837141646072758,
                    "Delta_PnL": -0.022382195880946015,
                    "Total_PnL": -0.0024549457651267433,
                    "delta_t": 0.4481449500128973,
                    "option_price_t": 94.15,
                    "underlying_price_t": 5127.79
                },
                "put": {
                    "start_date": "2024-03-27",
                    "strike": 5200.0,
                    "maturity": "2024-06-21",
                    "units": -0.0009171765748180482,
                    "gamma": 0.0010456218028914873,
                    "vega": 1002.5693329785686,
                    "tau": 0.2356164383561644,
                    "delta_t_1": -0.616238932841324,
                    "option_price_t_1": 202.87,
                    "underlying_t_1": 5064.2,
                    "Option_PnL": 0.03348611674660693,
                    "Delta_PnL": 0.03594106251173381,
                    "Total_PnL": -0.0024549457651268786,
                    "delta_t": -0.5518550499871027,
                    "option_price_t": 166.36,
                    "underlying_price_t": 5127.79
                }
            },
            "sv_2024-03-28_2024-06-21": {
                "call": {
                    "start_date": "2024-03-28",
                    "strike": 5250.0,
                    "maturity": "2024-06-21",
                    "units": -0.0009111408544521202,
                    "gamma": 0.0010816374047027328,
                    "vega": 1010.4505035382386,
                    "tau": 0.2328767123287671,
                    "delta_t_1": 0.33735056632963945,
                    "option_price_t_1": 52.49,
                    "underlying_t_1": 5064.2,
                    "Option_PnL": -0.021156690640378225,
                    "Delta_PnL": -0.01954590523621693,
                    "Total_PnL": -0.0016107854041612947,
                    "delta_t": 0.4015143835966379,
                    "option_price_t": 75.71,
                    "underlying_price_t": 5127.79
                },
                "put": {
                    "start_date": "2024-03-28",
                    "strike": 5250.0,
                    "maturity": "2024-06-21",
                    "units": -0.0009111408544521202,
                    "gamma": 0.0010816374047027328,
                    "vega": 1010.4505035382386,
                    "tau": 0.2328767123287671,
                    "delta_t_1": -0.6626494336703606,
                    "option_price_t_1": 238.29,
                    "underlying_t_1": 5064.2,
                    "Option_PnL": 0.0367827562942321,
                    "Delta_PnL": 0.03839354169839353,
                    "Total_PnL": -0.00161078540416143,
                    "delta_t": -0.5984856164033621,
                    "option_price_t": 197.92,
                    "underlying_price_t": 5127.79
                }
            },
            "sv_2024-04-01_2024-06-21": {
                "call": {
                    "start_date": "2024-04-01",
                    "strike": 5250.0,
                    "maturity": "2024-06-21",
                    "units": -0.0009371348315038856,
                    "gamma": 0.0011131775223664924,
                    "vega": 985.3455332798578,
                    "tau": 0.2219178082191781,
                    "delta_t_1": 0.33293056317943304,
                    "option_price_t_1": 52.49,
                    "underlying_t_1": 5064.2,
                    "Option_PnL": -0.021760270787520214,
                    "Delta_PnL": -0.019840132603406415,
                    "Total_PnL": -0.001920138184113799,
                    "delta_t": 0.3984075279940767,
                    "option_price_t": 75.71,
                    "underlying_price_t": 5127.79
                },
                "put": {
                    "start_date": "2024-04-01",
                    "strike": 5250.0,
                    "maturity": "2024-06-21",
                    "units": -0.0009371348315038856,
                    "gamma": 0.0011131775223664924,
                    "vega": 985.3455332798578,
                    "tau": 0.2219178082191781,
                    "delta_t_1": -0.667069436820567,
                    "option_price_t_1": 238.29,
                    "underlying_t_1": 5064.2,
                    "Option_PnL": 0.037832133147811864,
                    "Delta_PnL": 0.0397522713319258,
                    "Total_PnL": -0.0019201381841139342,
                    "delta_t": -0.6015924720059234,
                    "option_price_t": 197.92,
                    "underlying_price_t": 5127.79
                }
            },
            "sv_2024-04-02_2024-06-21": {
                "call": {
                    "start_date": "2024-04-02",
                    "strike": 5250.0,
                    "maturity": "2024-06-21",
                    "units": -0.0009552236664091807,
                    "gamma": 0.0011125848735748472,
                    "vega": 968.4579189035633,
                    "tau": 0.2191780821917808,
                    "delta_t_1": 0.3317805219531361,
                    "option_price_t_1": 52.49,
                    "underlying_t_1": 5064.2,
                    "Option_PnL": -0.022180293534021168,
                    "Delta_PnL": -0.02015323573517101,
                    "Total_PnL": -0.0020270577988501584,
                    "delta_t": 0.39759859451700047,
                    "option_price_t": 75.71,
                    "underlying_price_t": 5127.79
                },
                "put": {
                    "start_date": "2024-04-02",
                    "strike": 5250.0,
                    "maturity": "2024-06-21",
                    "units": -0.0009552236664091807,
                    "gamma": 0.0011125848735748472,
                    "vega": 968.4579189035633,
                    "tau": 0.2191780821917808,
                    "delta_t_1": -0.6682194780468639,
                    "option_price_t_1": 238.29,
                    "underlying_t_1": 5064.2,
                    "Option_PnL": 0.03856237941293863,
                    "Delta_PnL": 0.040589437211788926,
                    "Total_PnL": -0.002027057798850297,
                    "delta_t": -0.6024014054829996,
                    "option_price_t": 197.92,
                    "underlying_price_t": 5127.79
                }
            },
            "sv_2024-04-03_2024-06-21": {
                "call": {
                    "start_date": "2024-04-03",
                    "strike": 5200.0,
                    "maturity": "2024-06-21",
                    "units": -0.0009597371106017658,
                    "gamma": 0.0011380651301806377,
                    "vega": 965.1180209893602,
                    "tau": 0.21643835616438356,
                    "delta_t_1": 0.37760012639413315,
                    "option_price_t_1": 67.07,
                    "underlying_t_1": 5064.2,
                    "Option_PnL": -0.02598968095509583,
                    "Delta_PnL": -0.023044815962925506,
                    "Total_PnL": -0.0029448649921703235,
                    "delta_t": 0.444539181847618,
                    "option_price_t": 94.15,
                    "underlying_price_t": 5127.79
                },
                "put": {
                    "start_date": "2024-04-03",
                    "strike": 5200.0,
                    "maturity": "2024-06-21",
                    "units": -0.0009597371106017658,
                    "gamma": 0.0011380651301806377,
                    "vega": 965.1180209893602,
                    "tau": 0.21643835616438356,
                    "delta_t_1": -0.6223998736058669,
                    "option_price_t_1": 202.87,
                    "underlying_t_1": 5064.2,
                    "Option_PnL": 0.03504000190807046,
                    "Delta_PnL": 0.03798486690024093,
                    "Total_PnL": -0.002944864992170469,
                    "delta_t": -0.555460818152382,
                    "option_price_t": 166.36,
                    "underlying_price_t": 5127.79
                }
            },
            "sv_2024-04-04_2024-06-21": {
                "call": {
                    "start_date": "2024-04-04",
                    "strike": 5200.0,
                    "maturity": "2024-06-21",
                    "units": -0.000981375347513218,
                    "gamma": 0.0010975106686208888,
                    "vega": 943.5007800018799,
                    "tau": 0.2136986301369863,
                    "delta_t_1": 0.37666019037386106,
                    "option_price_t_1": 67.07,
                    "underlying_t_1": 5064.2,
                    "Option_PnL": -0.026575644410657955,
                    "Delta_PnL": -0.023505727153901545,
                    "Total_PnL": -0.0030699172567564097,
                    "delta_t": 0.4439901246813413,
                    "option_price_t": 94.15,
                    "underlying_price_t": 5127.79
                },
                "put": {
                    "start_date": "2024-04-04",
                    "strike": 5200.0,
                    "maturity": "2024-06-21",
                    "units": -0.000981375347513218,
                    "gamma": 0.0010975106686208888,
                    "vega": 943.5007800018799,
                    "tau": 0.2136986301369863,
                    "delta_t_1": -0.6233398096261389,
                    "option_price_t_1": 202.87,
                    "underlying_t_1": 5064.2,
                    "Option_PnL": 0.03583001393770758,
                    "Delta_PnL": 0.03889993119446412,
                    "Total_PnL": -0.003069917256756538,
                    "delta_t": -0.5560098753186586,
                    "option_price_t": 166.36,
                    "underlying_price_t": 5127.79
                }
            },
            "sv_2024-04-05_2024-06-21": {
                "call": {
                    "start_date": "2024-04-05",
                    "strike": 5150.0,
                    "maturity": "2024-06-21",
                    "units": -0.0009905717778015287,
                    "gamma": 0.0011724863145422028,
                    "vega": 935.5278544904623,
                    "tau": 0.21095890410958903,
                    "delta_t_1": 0.4256425394561799,
                    "option_price_t_1": 84.5,
                    "underlying_t_1": 5064.2,
                    "Option_PnL": -0.03079687657184953,
                    "Delta_PnL": -0.02681141907941525,
                    "Total_PnL": -0.003985457492434279,
                    "delta_t": 0.49311057672630604,
                    "option_price_t": 115.59,
                    "underlying_price_t": 5127.79
                },
                "put": {
                    "start_date": "2024-04-05",
                    "strike": 5150.0,
                    "maturity": "2024-06-21",
                    "units": -0.0009905717778015287,
                    "gamma": 0.0011724863145422028,
                    "vega": 935.5278544904623,
                    "tau": 0.21095890410958903,
                    "delta_t_1": -0.5743574605438201,
                    "option_price_t_1": 170.3,
                    "underlying_t_1": 5064.2,
                    "Option_PnL": 0.03219358277854968,
                    "Delta_PnL": 0.0361790402709841,
                    "Total_PnL": -0.0039854574924344174,
                    "delta_t": -0.506889423273694,
                    "option_price_t": 137.8,
                    "underlying_price_t": 5127.79
                }
            },
            "sv_2024-04-08_2024-06-21": {
                "call": {
                    "start_date": "2024-04-08",
                    "strike": 5200.0,
                    "maturity": "2024-06-21",
                    "units": -0.0009945784370253077,
                    "gamma": 0.0012182675514040117,
                    "vega": 933.8051399681636,
                    "tau": 0.20273972602739726,
                    "delta_t_1": 0.37273213317051956,
                    "option_price_t_1": 67.07,
                    "underlying_t_1": 5064.2,
                    "Option_PnL": -0.026933184074645344,
                    "Delta_PnL": -0.023573534265622566,
                    "Total_PnL": -0.0033596498090227786,
                    "delta_t": 0.4416981423608064,
                    "option_price_t": 94.15,
                    "underlying_price_t": 5127.79
                },
                "put": {
                    "start_date": "2024-04-08",
                    "strike": 5200.0,
                    "maturity": "2024-06-21",
                    "units": -0.0009945784370253077,
                    "gamma": 0.0012182675514040117,
                    "vega": 933.8051399681636,
                    "tau": 0.20273972602739726,
                    "delta_t_1": -0.6272678668294804,
                    "option_price_t_1": 202.87,
                    "underlying_t_1": 5064.2,
                    "Option_PnL": 0.036312058735793976,
                    "Delta_PnL": 0.03967170854481689,
                    "Total_PnL": -0.0033596498090229174,
                    "delta_t": -0.5583018576391936,
                    "option_price_t": 166.36,
                    "underlying_price_t": 5127.79
                }
            },
            "sv_2024-04-09_2024-06-21": {
                "call": {
                    "start_date": "2024-04-09",
                    "strike": 5200.0,
                    "maturity": "2024-06-21",
                    "units": -0.0010015269586571905,
                    "gamma": 0.001231480985360744,
                    "vega": 927.7444827141704,
                    "tau": 0.2,
                    "delta_t_1": 0.37170534480779605,
                    "option_price_t_1": 67.07,
                    "underlying_t_1": 5064.2,
                    "Option_PnL": -0.027121350040436733,
                    "Delta_PnL": -0.0236728352054906,
                    "Total_PnL": -0.003448514834946133,
                    "delta_t": 0.44109964248834815,
                    "option_price_t": 94.15,
                    "underlying_price_t": 5127.79
                },
                "put": {
                    "start_date": "2024-04-09",
                    "strike": 5200.0,
                    "maturity": "2024-06-21",
                    "units": -0.0010015269586571905,
                    "gamma": 0.001231480985360744,
                    "vega": 927.7444827141704,
                    "tau": 0.2,
                    "delta_t_1": -0.628294655192204,
                    "option_price_t_1": 202.87,
                    "underlying_t_1": 5064.2,
                    "Option_PnL": 0.036565749260574015,
                    "Delta_PnL": 0.040014264095520294,
                    "Total_PnL": -0.0034485148349462785,
                    "delta_t": -0.5589003575116518,
                    "option_price_t": 166.36,
                    "underlying_price_t": 5127.79
                }
            },
            "sv_2024-04-10_2024-06-21": {
                "call": {
                    "start_date": "2024-04-10",
                    "strike": 5200.0,
                    "maturity": "2024-06-21",
                    "units": -0.0010214335183883422,
                    "gamma": 0.0012105458112976464,
                    "vega": 910.8900154231275,
                    "tau": 0.19726027397260273,
                    "delta_t_1": 0.37065948201987536,
                    "option_price_t_1": 67.07,
                    "underlying_t_1": 5064.2,
                    "Option_PnL": -0.027660419677956318,
                    "Delta_PnL": -0.024075429558262147,
                    "Total_PnL": -0.003584990119694171,
                    "delta_t": 0.44049026279994735,
                    "option_price_t": 94.15,
                    "underlying_price_t": 5127.79
                },
                "put": {
                    "start_date": "2024-04-10",
                    "strike": 5200.0,
                    "maturity": "2024-06-21",
                    "units": -0.0010214335183883422,
                    "gamma": 0.0012105458112976464,
                    "vega": 910.8900154231275,
                    "tau": 0.19726027397260273,
                    "delta_t_1": -0.6293405179801246,
                    "option_price_t_1": 202.87,
                    "underlying_t_1": 5064.2,
                    "Option_PnL": 0.037292537756358365,
                    "Delta_PnL": 0.04087752787605268,
                    "Total_PnL": -0.003584990119694313,
                    "delta_t": -0.5595097372000526,
                    "option_price_t": 166.36,
                    "underlying_price_t": 5127.79
                }
            },
            "sv_2024-04-11_2024-06-21": {
                "call": {
                    "start_date": "2024-04-11",
                    "strike": 5150.0,
                    "maturity": "2024-06-21",
                    "units": -0.001029842921567602,
                    "gamma": 0.0011814040408492938,
                    "vega": 900.0304828175445,
                    "tau": 0.19452054794520549,
                    "delta_t_1": 0.42141621165780657,
                    "option_price_t_1": 84.5,
                    "underlying_t_1": 5064.2,
                    "Option_PnL": -0.03201781643153675,
                    "Delta_PnL": -0.027597583240946213,
                    "Total_PnL": -0.0044202331905905355,
                    "delta_t": 0.4915745352847933,
                    "option_price_t": 115.59,
                    "underlying_price_t": 5127.79
                },
                "put": {
                    "start_date": "2024-04-11",
                    "strike": 5150.0,
                    "maturity": "2024-06-21",
                    "units": -0.001029842921567602,
                    "gamma": 0.0011814040408492938,
                    "vega": 900.0304828175445,
                    "tau": 0.19452054794520549,
                    "delta_t_1": -0.5785837883421934,
                    "option_price_t_1": 170.3,
                    "underlying_t_1": 5064.2,
                    "Option_PnL": 0.033469894950947064,
                    "Delta_PnL": 0.03789012814153775,
                    "Total_PnL": -0.004420233190590685,
                    "delta_t": -0.5084254647152067,
                    "option_price_t": 137.8,
                    "underlying_price_t": 5127.79
                }
            },
            "sv_2024-04-12_2024-06-21": {
                "call": {
                    "start_date": "2024-04-12",
                    "strike": 5200.0,
                    "maturity": "2024-06-21",
                    "units": -0.0010541952142451958,
                    "gamma": 0.0011405521937291583,
                    "vega": 879.4761158509014,
                    "tau": 0.1917808219178082,
                    "delta_t_1": 0.3685079843171025,
                    "option_price_t_1": 67.07,
                    "underlying_t_1": 5064.2,
                    "Option_PnL": -0.028547606401759913,
                    "Delta_PnL": -0.0247034020876809,
                    "Total_PnL": -0.003844204314079013,
                    "delta_t": 0.4392373761478817,
                    "option_price_t": 94.15,
                    "underlying_price_t": 5127.79
                },
                "put": {
                    "start_date": "2024-04-12",
                    "strike": 5200.0,
                    "maturity": "2024-06-21",
                    "units": -0.0010541952142451958,
                    "gamma": 0.0011405521937291583,
                    "vega": 879.4761158509014,
                    "tau": 0.1917808219178082,
                    "delta_t_1": -0.6314920156828975,
                    "option_price_t_1": 202.87,
                    "underlying_t_1": 5064.2,
                    "Option_PnL": 0.03848866727209209,
                    "Delta_PnL": 0.04233287158617125,
                    "Total_PnL": -0.0038442043140791624,
                    "delta_t": -0.5607626238521183,
                    "option_price_t": 166.36,
                    "underlying_price_t": 5127.79
                }
            },
            "sv_2024-04-15_2024-06-21": {
                "call": {
                    "start_date": "2024-04-15",
                    "strike": 5100.0,
                    "maturity": "2024-06-21",
                    "units": -0.0010803540821543473,
                    "gamma": 0.0011750225025710184,
                    "vega": 862.4904545573658,
                    "tau": 0.18356164383561643,
                    "delta_t_1": 0.4736036590315512,
                    "option_price_t_1": 105.0,
                    "underlying_t_1": 5064.2,
                    "Option_PnL": -0.037985249528546844,
                    "Delta_PnL": -0.03253643691190351,
                    "Total_PnL": -0.005448812616643331,
                    "delta_t": 0.5443587638944927,
                    "option_price_t": 140.16,
                    "underlying_price_t": 5127.79
                },
                "put": {
                    "start_date": "2024-04-15",
                    "strike": 5100.0,
                    "maturity": "2024-06-21",
                    "units": -0.0010803540821543473,
                    "gamma": 0.0011750225025710184,
                    "vega": 862.4904545573658,
                    "tau": 0.18356164383561643,
                    "delta_t_1": -0.5263963409684488,
                    "option_price_t_1": 140.8,
                    "underlying_t_1": 5064.2,
                    "Option_PnL": 0.0307144665556481,
                    "Delta_PnL": 0.03616327917229159,
                    "Total_PnL": -0.0054488126166434905,
                    "delta_t": -0.45564123610550733,
                    "option_price_t": 112.37,
                    "underlying_price_t": 5127.79
                }
            },
            "sv_2024-04-16_2024-06-21": {
                "call": {
                    "start_date": "2024-04-16",
                    "strike": 5050.0,
                    "maturity": "2024-06-21",
                    "units": -0.0010903635552502186,
                    "gamma": 0.001188649203915714,
                    "vega": 856.3364771425273,
                    "tau": 0.18082191780821918,
                    "delta_t_1": 0.5299638110274469,
                    "option_price_t_1": 128.69,
                    "underlying_t_1": 5064.2,
                    "Option_PnL": -0.04273134773025607,
                    "Delta_PnL": -0.036745686587024186,
                    "Total_PnL": -0.005985661143231881,
                    "delta_t": 0.5984743255543697,
                    "option_price_t": 167.88,
                    "underlying_price_t": 5127.79
                },
                "put": {
                    "start_date": "2024-04-16",
                    "strike": 5050.0,
                    "maturity": "2024-06-21",
                    "units": -0.0010903635552502186,
                    "gamma": 0.001188649203915714,
                    "vega": 856.3364771425273,
                    "tau": 0.18082191780821918,
                    "delta_t_1": -0.47003618897255306,
                    "option_price_t_1": 114.49,
                    "underlying_t_1": 5064.2,
                    "Option_PnL": 0.026604870748105327,
                    "Delta_PnL": 0.03259053189133738,
                    "Total_PnL": -0.005985661143232051,
                    "delta_t": -0.40152567444563025,
                    "option_price_t": 90.09,
                    "underlying_price_t": 5127.79
                }
            },
            "sv_2024-04-17_2024-06-21": {
                "call": {
                    "start_date": "2024-04-17",
                    "strike": 5050.0,
                    "maturity": "2024-06-21",
                    "units": -0.001110417804104039,
                    "gamma": 0.0012238684347694413,
                    "vega": 844.3284572479419,
                    "tau": 0.1780821917808219,
                    "delta_t_1": 0.5299829023845024,
                    "option_price_t_1": 128.69,
                    "underlying_t_1": 5064.2,
                    "Option_PnL": -0.04351727374283729,
                    "Delta_PnL": -0.037422870838644914,
                    "Total_PnL": -0.0060944029041923725,
                    "delta_t": 0.5990020661120037,
                    "option_price_t": 167.88,
                    "underlying_price_t": 5127.79
                },
                "put": {
                    "start_date": "2024-04-17",
                    "strike": 5050.0,
                    "maturity": "2024-06-21",
                    "units": -0.001110417804104039,
                    "gamma": 0.0012238684347694413,
                    "vega": 844.3284572479419,
                    "tau": 0.1780821917808219,
                    "delta_t_1": -0.4700170976154976,
                    "option_price_t_1": 114.49,
                    "underlying_t_1": 5064.2,
                    "Option_PnL": 0.027094194420138544,
                    "Delta_PnL": 0.03318859732433109,
                    "Total_PnL": -0.006094402904192546,
                    "delta_t": -0.4009979338879963,
                    "option_price_t": 90.09,
                    "underlying_price_t": 5127.79
                }
            },
            "sv_2024-04-18_2024-06-21": {
                "call": {
                    "start_date": "2024-04-18",
                    "strike": 5000.0,
                    "maturity": "2024-06-21",
                    "units": -0.0011255224005662433,
                    "gamma": 0.0012440160707474775,
                    "vega": 835.2603060942655,
                    "tau": 0.17534246575342466,
                    "delta_t_1": 0.5875877853784528,
                    "option_price_t_1": 155.66,
                    "underlying_t_1": 5064.2,
                    "Option_PnL": -0.048464994568382436,
                    "Delta_PnL": -0.042054815025479406,
                    "Total_PnL": -0.00641017954290303,
                    "delta_t": 0.6529776317174901,
                    "option_price_t": 198.72,
                    "underlying_price_t": 5127.79
                },
                "put": {
                    "start_date": "2024-04-18",
                    "strike": 5000.0,
                    "maturity": "2024-06-21",
                    "units": -0.0011255224005662433,
                    "gamma": 0.0012440160707474775,
                    "vega": 835.2603060942655,
                    "tau": 0.17534246575342466,
                    "delta_t_1": -0.4124122146215472,
                    "option_price_t_1": 91.46,
                    "underlying_t_1": 5064.2,
                    "Option_PnL": 0.02310697488362496,
                    "Delta_PnL": 0.029517154426528167,
                    "Total_PnL": -0.006410179542903207,
                    "delta_t": -0.3470223682825099,
                    "option_price_t": 70.93,
                    "underlying_price_t": 5127.79
                }
            },
            "sv_2024-04-19_2024-06-21": {
                "call": {
                    "start_date": "2024-04-19",
                    "strike": 5000.0,
                    "maturity": "2024-06-21",
                    "units": -0.0011429739553196648,
                    "gamma": 0.001285085029340841,
                    "vega": 821.0093007443548,
                    "tau": 0.1726027397260274,
                    "delta_t_1": 0.5880600707180771,
                    "option_price_t_1": 155.66,
                    "underlying_t_1": 5064.2,
                    "Option_PnL": -0.049216458516064765,
                    "Delta_PnL": -0.04274121376818143,
                    "Total_PnL": -0.006475244747883337,
                    "delta_t": 0.6539205034104025,
                    "option_price_t": 198.72,
                    "underlying_price_t": 5127.79
                },
                "put": {
                    "start_date": "2024-04-19",
                    "strike": 5000.0,
                    "maturity": "2024-06-21",
                    "units": -0.0011429739553196648,
                    "gamma": 0.001285085029340841,
                    "vega": 821.0093007443548,
                    "tau": 0.1726027397260274,
                    "delta_t_1": -0.4119399292819229,
                    "option_price_t_1": 91.46,
                    "underlying_t_1": 5064.2,
                    "Option_PnL": 0.023465255302712703,
                    "Delta_PnL": 0.029940500050596223,
                    "Total_PnL": -0.0064752447478835205,
                    "delta_t": -0.34607949658959747,
                    "option_price_t": 70.93,
                    "underlying_price_t": 5127.79
                }
            },
            "sv_2024-04-22_2024-07-19": {
                "call": {
                    "start_date": "2024-04-22",
                    "strike": 4950.0,
                    "maturity": "2024-07-19",
                    "units": -0.0009773208530843484,
                    "gamma": 0.001042382510748607,
                    "vega": 962.083017255965,
                    "tau": 0.2410958904109589,
                    "delta_t_1": 0.6275879488179099,
                    "option_price_t_1": 214.14,
                    "underlying_t_1": 5064.2,
                    "Option_PnL": -0.04495675924188003,
                    "Delta_PnL": -0.03900323106584245,
                    "Total_PnL": -0.00595352817603758,
                    "delta_t": 0.6802391704149023,
                    "option_price_t": 260.14,
                    "underlying_price_t": 5127.79
                },
                "put": {
                    "start_date": "2024-04-22",
                    "strike": 4950.0,
                    "maturity": "2024-07-19",
                    "units": -0.0009773208530843484,
                    "gamma": 0.001042382510748607,
                    "vega": 962.083017255965,
                    "tau": 0.2410958904109589,
                    "delta_t_1": -0.3724120511820901,
                    "option_price_t_1": 99.94,
                    "underlying_t_1": 5064.2,
                    "Option_PnL": 0.017191073805753694,
                    "Delta_PnL": 0.023144601981791413,
                    "Total_PnL": -0.005953528176037719,
                    "delta_t": -0.31976082958509766,
                    "option_price_t": 82.35,
                    "underlying_price_t": 5127.79
                }
            },
            "sv_2024-04-23_2024-07-19": {
                "call": {
                    "start_date": "2024-04-23",
                    "strike": 5000.0,
                    "maturity": "2024-07-19",
                    "units": -0.0009735985352834306,
                    "gamma": 0.0009938422209287844,
                    "vega": 963.989674679371,
                    "tau": 0.23835616438356164,
                    "delta_t_1": 0.5793940607317454,
                    "option_price_t_1": 185.21,
                    "underlying_t_1": 5064.2,
                    "Option_PnL": -0.041903680958598845,
                    "Delta_PnL": -0.03587094151270131,
                    "Total_PnL": -0.006032739445897536,
                    "delta_t": 0.6361742733003588,
                    "option_price_t": 228.25,
                    "underlying_price_t": 5127.79
                },
                "put": {
                    "start_date": "2024-04-23",
                    "strike": 5000.0,
                    "maturity": "2024-07-19",
                    "units": -0.0009735985352834306,
                    "gamma": 0.0009938422209287844,
                    "vega": 963.989674679371,
                    "tau": 0.23835616438356164,
                    "delta_t_1": -0.4206059392682546,
                    "option_price_t_1": 121.01,
                    "underlying_t_1": 5064.2,
                    "Option_PnL": 0.02000744990007451,
                    "Delta_PnL": 0.02604018934597219,
                    "Total_PnL": -0.006032739445897679,
                    "delta_t": -0.3638257266996412,
                    "option_price_t": 100.46,
                    "underlying_price_t": 5127.79
                }
            },
            "sv_2024-04-24_2024-07-19": {
                "call": {
                    "start_date": "2024-04-24",
                    "strike": 5050.0,
                    "maturity": "2024-07-19",
                    "units": -0.000963339415282953,
                    "gamma": 0.0010529471488420694,
                    "vega": 977.7209300639571,
                    "tau": 0.2356164383561644,
                    "delta_t_1": 0.5299093153308473,
                    "option_price_t_1": 158.9,
                    "underlying_t_1": 5064.2,
                    "Option_PnL": -0.03846614285224832,
                    "Delta_PnL": -0.03246158408167045,
                    "Total_PnL": -0.0060045587705778725,
                    "delta_t": 0.5901699190998912,
                    "option_price_t": 198.83,
                    "underlying_price_t": 5127.79
                },
                "put": {
                    "start_date": "2024-04-24",
                    "strike": 5050.0,
                    "maturity": "2024-07-19",
                    "units": -0.000963339415282953,
                    "gamma": 0.0010529471488420694,
                    "vega": 977.7209300639571,
                    "tau": 0.2356164383561644,
                    "delta_t_1": -0.4700906846691527,
                    "option_price_t_1": 144.7,
                    "underlying_t_1": 5064.2,
                    "Option_PnL": 0.022792610565594652,
                    "Delta_PnL": 0.02879716933617267,
                    "Total_PnL": -0.006004558770578018,
                    "delta_t": -0.40983008090010875,
                    "option_price_t": 121.04,
                    "underlying_price_t": 5127.79
                }
            },
            "sv_2024-04-25_2024-07-19": {
                "call": {
                    "start_date": "2024-04-25",
                    "strike": 5050.0,
                    "maturity": "2024-07-19",
                    "units": -0.0009696217237000927,
                    "gamma": 0.0010645988830577874,
                    "vega": 971.3905501669482,
                    "tau": 0.2328767123287671,
                    "delta_t_1": 0.5299006909474845,
                    "option_price_t_1": 158.9,
                    "underlying_t_1": 5064.2,
                    "Option_PnL": -0.03871699542734471,
                    "Delta_PnL": -0.03267274684541575,
                    "Total_PnL": -0.006044248581928965,
                    "delta_t": 0.5905039617788785,
                    "option_price_t": 198.83,
                    "underlying_price_t": 5127.79
                },
                "put": {
                    "start_date": "2024-04-25",
                    "strike": 5050.0,
                    "maturity": "2024-07-19",
                    "units": -0.0009696217237000927,
                    "gamma": 0.0010645988830577874,
                    "vega": 971.3905501669482,
                    "tau": 0.2328767123287671,
                    "delta_t_1": -0.4700993090525155,
                    "option_price_t_1": 144.7,
                    "underlying_t_1": 5064.2,
                    "Option_PnL": 0.022941249982744178,
                    "Delta_PnL": 0.028985498564673293,
                    "Total_PnL": -0.006044248581929115,
                    "delta_t": -0.40949603822112146,
                    "option_price_t": 121.04,
                    "underlying_price_t": 5127.79
                }
            },
            "sv_2024-04-26_2024-07-19": {
                "call": {
                    "start_date": "2024-04-26",
                    "strike": 5050.0,
                    "maturity": "2024-07-19",
                    "units": -0.0009773266770969396,
                    "gamma": 0.0010186895453930507,
                    "vega": 962.3880532768436,
                    "tau": 0.23013698630136986,
                    "delta_t_1": 0.5298930033443535,
                    "option_price_t_1": 158.9,
                    "underlying_t_1": 5064.2,
                    "Option_PnL": -0.039024654216480804,
                    "Delta_PnL": -0.03293189815027723,
                    "Total_PnL": -0.006092756066203575,
                    "delta_t": 0.5908449860159777,
                    "option_price_t": 198.83,
                    "underlying_price_t": 5127.79
                },
                "put": {
                    "start_date": "2024-04-26",
                    "strike": 5050.0,
                    "maturity": "2024-07-19",
                    "units": -0.0009773266770969396,
                    "gamma": 0.0010186895453930507,
                    "vega": 962.3880532768436,
                    "tau": 0.23013698630136986,
                    "delta_t_1": -0.4701069966556465,
                    "option_price_t_1": 144.7,
                    "underlying_t_1": 5064.2,
                    "Option_PnL": 0.023123549180113574,
                    "Delta_PnL": 0.029216305246317305,
                    "Total_PnL": -0.006092756066203731,
                    "delta_t": -0.4091550139840223,
                    "option_price_t": 121.04,
                    "underlying_price_t": 5127.79
                }
            },
            "sv_2024-04-29_2024-07-19": {
                "call": {
                    "start_date": "2024-04-29",
                    "strike": 5100.0,
                    "maturity": "2024-07-19",
                    "units": -0.0009851369263919414,
                    "gamma": 0.0010526004170745228,
                    "vega": 958.448192653521,
                    "tau": 0.2219178082191781,
                    "delta_t_1": 0.478627873102627,
                    "option_price_t_1": 135.21,
                    "underlying_t_1": 5064.2,
                    "Option_PnL": -0.036174227937112086,
                    "Delta_PnL": -0.02998357473816998,
                    "Total_PnL": -0.006190653198942107,
                    "delta_t": 0.5430761425324767,
                    "option_price_t": 171.93,
                    "underlying_price_t": 5127.79
                },
                "put": {
                    "start_date": "2024-04-29",
                    "strike": 5100.0,
                    "maturity": "2024-07-19",
                    "units": -0.0009851369263919414,
                    "gamma": 0.0010526004170745228,
                    "vega": 958.448192653521,
                    "tau": 0.2219178082191781,
                    "delta_t_1": -0.521372126897373,
                    "option_price_t_1": 171.01,
                    "underlying_t_1": 5064.2,
                    "Option_PnL": 0.02647062921215147,
                    "Delta_PnL": 0.032661282411093714,
                    "Total_PnL": -0.0061906531989422454,
                    "delta_t": -0.4569238574675233,
                    "option_price_t": 144.14,
                    "underlying_price_t": 5127.79
                }
            },
            "sv_2024-04-30_2024-07-19": {
                "call": {
                    "start_date": "2024-04-30",
                    "strike": 5100.0,
                    "maturity": "2024-07-19",
                    "units": -0.0010053155085321317,
                    "gamma": 0.0010247546645768952,
                    "vega": 932.9488541315619,
                    "tau": 0.2191780821917808,
                    "delta_t_1": 0.4783052130384809,
                    "option_price_t_1": 135.21,
                    "underlying_t_1": 5064.2,
                    "Option_PnL": -0.036915185473299875,
                    "Delta_PnL": -0.03057710196680194,
                    "Total_PnL": -0.006338083506497935,
                    "delta_t": 0.5431481927327942,
                    "option_price_t": 171.93,
                    "underlying_price_t": 5127.79
                },
                "put": {
                    "start_date": "2024-04-30",
                    "strike": 5100.0,
                    "maturity": "2024-07-19",
                    "units": -0.0010053155085321317,
                    "gamma": 0.0010247546645768952,
                    "vega": 932.9488541315619,
                    "tau": 0.2191780821917808,
                    "delta_t_1": -0.5216947869615192,
                    "option_price_t_1": 171.01,
                    "underlying_t_1": 5064.2,
                    "Option_PnL": 0.02701282771425838,
                    "Delta_PnL": 0.03335091122075647,
                    "Total_PnL": -0.006338083506498091,
                    "delta_t": -0.45685180726720576,
                    "option_price_t": 144.14,
                    "underlying_price_t": 5127.79
                }
            },
            "sv_2024-05-01_2024-07-19": {
                "call": {
                    "start_date": "2024-05-01",
                    "strike": 5050.0,
                    "maturity": "2024-07-19",
                    "units": -0.0010090373111634287,
                    "gamma": 0.001050280643878207,
                    "vega": 930.4590016552264,
                    "tau": 0.21643835616438356,
                    "delta_t_1": 0.5298698888307015,
                    "option_price_t_1": 158.9,
                    "underlying_t_1": 5064.2,
                    "Option_PnL": -0.040290859834755714,
                    "Delta_PnL": -0.033998933245064825,
                    "Total_PnL": -0.00629192658969089,
                    "delta_t": 0.5926626393940905,
                    "option_price_t": 198.83,
                    "underlying_price_t": 5127.79
                },
                "put": {
                    "start_date": "2024-05-01",
                    "strike": 5050.0,
                    "maturity": "2024-07-19",
                    "units": -0.0010090373111634287,
                    "gamma": 0.001050280643878207,
                    "vega": 930.4590016552264,
                    "tau": 0.21643835616438356,
                    "delta_t_1": -0.4701301111692985,
                    "option_price_t_1": 144.7,
                    "underlying_t_1": 5064.2,
                    "Option_PnL": 0.023873822782126707,
                    "Delta_PnL": 0.030165749371817766,
                    "Total_PnL": -0.00629192658969106,
                    "delta_t": -0.4073373606059095,
                    "option_price_t": 121.04,
                    "underlying_price_t": 5127.79
                }
            },
            "sv_2024-05-02_2024-07-19": {
                "call": {
                    "start_date": "2024-05-02",
                    "strike": 5000.0,
                    "maturity": "2024-07-19",
                    "units": -0.0010289933115839236,
                    "gamma": 0.0010252294417133086,
                    "vega": 914.1026510418757,
                    "tau": 0.2136986301369863,
                    "delta_t_1": 0.5820917567425575,
                    "option_price_t_1": 185.21,
                    "underlying_t_1": 5018.39,
                    "delta_t": 0.6418119614667801,
                    "option_price_t": 228.25,
                    "underlying_price_t": 5127.79,
                    "Option_PnL": -0.04428787213057206,
                    "Delta_PnL": -0.06552715657113511,
                    "Total_PnL": 0.021239284440563055
                },
                "put": {
                    "start_date": "2024-05-02",
                    "strike": 5000.0,
                    "maturity": "2024-07-19",
                    "units": -0.0010289933115839236,
                    "gamma": 0.0010252294417133086,
                    "vega": 914.1026510418757,
                    "tau": 0.2136986301369863,
                    "delta_t_1": -0.41790824325744247,
                    "option_price_t_1": 121.01,
                    "underlying_t_1": 5018.39,
                    "delta_t": -0.3581880385332199,
                    "option_price_t": 100.46,
                    "underlying_price_t": 5127.79,
                    "Option_PnL": 0.02114581255304964,
                    "Delta_PnL": 0.04704471171614574,
                    "Total_PnL": -0.025898899163096102
                }
            },
            "sv_2024-05-03_2024-07-19": {
                "call": {
                    "start_date": "2024-05-03",
                    "strike": 5050.0,
                    "maturity": "2024-07-19",
                    "units": -0.0010266281655617825,
                    "delta_t": 0.5934468029722814,
                    "gamma": 0.0009788205139728038,
                    "vega": 913.6962828748897,
                    "tau": 0.21095890410958903,
                    "option_price_t": 198.83,
                    "underlying_price_t": 5064.2
                },
                "put": {
                    "start_date": "2024-05-03",
                    "strike": 5050.0,
                    "maturity": "2024-07-19",
                    "units": -0.0010266281655617825,
                    "delta_t": -0.40655319702771864,
                    "gamma": 0.0009788205139728038,
                    "vega": 913.6962828748897,
                    "tau": 0.21095890410958903,
                    "option_price_t": 121.04,
                    "underlying_price_t": 5064.2
                }
            }
        }
    }
}