{
    "spx_strategy": {
        "date": "2024-07-31",
        "index_levels": 118.25458631464899,
        "result": {
            "sv_2024-05-20_2024-08-16": {
                "call": {
                    "start_date": "2024-05-20",
                    "strike": 5300.0,
                    "maturity": "2024-08-16",
                    "units": -0.0009119153231014059,
                    "gamma": 0.0009316863255701578,
                    "vega": 1037.965658202185,
                    "tau": 0.2410958904109589,
                    "delta_t_1": 0.6423044454570974,
                    "option_price_t_1": 160.98,
                    "underlying_t_1": 5436.44,
                    "Option_PnL": -0.06580380971499744,
                    "Delta_PnL": -0.050290543050902296,
                    "Total_PnL": -0.015513266664095145,
                    "delta_t": 0.7075036425390886,
                    "option_price_t": 233.14,
                    "underlying_price_t": 5522.3
                },
                "put": {
                    "start_date": "2024-05-20",
                    "strike": 5300.0,
                    "maturity": "2024-08-16",
                    "units": -0.0009119153231014059,
                    "gamma": 0.0009316863255701578,
                    "vega": 1037.965658202185,
                    "tau": 0.2410958904109589,
                    "delta_t_1": -0.3576955545429026,
                    "option_price_t_1": 24.54,
                    "underlying_t_1": 5436.44,
                    "Option_PnL": 0.01249323992648926,
                    "Delta_PnL": 0.028006506590584953,
                    "Total_PnL": -0.015513266664095693,
                    "delta_t": -0.2924963574609114,
                    "option_price_t": 10.84,
                    "underlying_price_t": 5522.3
                }
            },
            "sv_2024-05-21_2024-08-16": {
                "call": {
                    "start_date": "2024-05-21",
                    "strike": 5300.0,
                    "maturity": "2024-08-16",
                    "units": -0.0009173031404324595,
                    "gamma": 0.0009319769188125502,
                    "vega": 1032.2294501606552,
                    "tau": 0.23835616438356164,
                    "delta_t_1": 0.6429177408271021,
                    "option_price_t_1": 160.98,
                    "underlying_t_1": 5436.44,
                    "Option_PnL": -0.06619259461360627,
                    "Delta_PnL": -0.05063597472746036,
                    "Total_PnL": -0.015556619886145907,
                    "delta_t": 0.7084188971841625,
                    "option_price_t": 233.14,
                    "underlying_price_t": 5522.3
                },
                "put": {
                    "start_date": "2024-05-21",
                    "strike": 5300.0,
                    "maturity": "2024-08-16",
                    "units": -0.0009173031404324595,
                    "gamma": 0.0009319769188125502,
                    "vega": 1032.2294501606552,
                    "tau": 0.23835616438356164,
                    "delta_t_1": -0.35708225917289793,
                    "option_price_t_1": 24.54,
                    "underlying_t_1": 5436.44,
                    "Option_PnL": 0.012567053023924694,
                    "Delta_PnL": 0.028123672910071142,
                    "Total_PnL": -0.015556619886146449,
                    "delta_t": -0.2915811028158375,
                    "option_price_t": 10.84,
                    "underlying_price_t": 5522.3
                }
            },
            "sv_2024-05-22_2024-08-16": {
                "call": {
                    "start_date": "2024-05-22",
                    "strike": 5300.0,
                    "maturity": "2024-08-16",
                    "units": -0.000925414295775666,
                    "gamma": 0.0009618633831897737,
                    "vega": 1026.0839578595762,
                    "tau": 0.2356164383561644,
                    "delta_t_1": 0.6435422877900011,
                    "option_price_t_1": 160.98,
                    "underlying_t_1": 5436.44,
                    "Option_PnL": -0.06677789558317206,
                    "Delta_PnL": -0.05113334199027821,
                    "Total_PnL": -0.015644553592893844,
                    "delta_t": 0.7093496195464393,
                    "option_price_t": 233.14,
                    "underlying_price_t": 5522.3
                },
                "put": {
                    "start_date": "2024-05-22",
                    "strike": 5300.0,
                    "maturity": "2024-08-16",
                    "units": -0.000925414295775666,
                    "gamma": 0.0009618633831897737,
                    "vega": 1026.0839578595762,
                    "tau": 0.2356164383561644,
                    "delta_t_1": -0.3564577122099989,
                    "option_price_t_1": 24.54,
                    "underlying_t_1": 5436.44,
                    "Option_PnL": 0.012678175852126623,
                    "Delta_PnL": 0.028322729445021,
                    "Total_PnL": -0.015644553592894378,
                    "delta_t": -0.29065038045356073,
                    "option_price_t": 10.84,
                    "underlying_price_t": 5522.3
                }
            },
            "sv_2024-05-23_2024-08-16": {
                "call": {
                    "start_date": "2024-05-23",
                    "strike": 5300.0,
                    "maturity": "2024-08-16",
                    "units": -0.0009380874160014231,
                    "gamma": 0.0009711048845371756,
                    "vega": 1013.3814838594814,
                    "tau": 0.2328767123287671,
                    "delta_t_1": 0.6441784096150532,
                    "option_price_t_1": 160.98,
                    "underlying_t_1": 5436.44,
                    "Option_PnL": -0.06769238793866268,
                    "Delta_PnL": -0.051884825343533066,
                    "Total_PnL": -0.015807562595129616,
                    "delta_t": 0.7102962269900976,
                    "option_price_t": 233.14,
                    "underlying_price_t": 5522.3
                },
                "put": {
                    "start_date": "2024-05-23",
                    "strike": 5300.0,
                    "maturity": "2024-08-16",
                    "units": -0.0009380874160014231,
                    "gamma": 0.0009711048845371756,
                    "vega": 1013.3814838594814,
                    "tau": 0.2328767123287671,
                    "delta_t_1": -0.35582159038494676,
                    "option_price_t_1": 24.54,
                    "underlying_t_1": 5436.44,
                    "Option_PnL": 0.012851797599219495,
                    "Delta_PnL": 0.02865936019434966,
                    "Total_PnL": -0.015807562595130165,
                    "delta_t": -0.28970377300990235,
                    "option_price_t": 10.84,
                    "underlying_price_t": 5522.3
                }
            },
            "sv_2024-05-24_2024-08-16": {
                "call": {
                    "start_date": "2024-05-24",
                    "strike": 5250.0,
                    "maturity": "2024-08-16",
                    "units": -0.0009539268359963632,
                    "gamma": 0.0010016221346045853,
                    "vega": 999.4110637393858,
                    "tau": 0.23013698630136986,
                    "delta_t_1": 0.6899354217763386,
                    "option_price_t_1": 201.22,
                    "underlying_t_1": 5436.44,
                    "Option_PnL": -0.07352868051859969,
                    "Delta_PnL": -0.056508579890624244,
                    "Total_PnL": -0.017020100627975446,
                    "delta_t": 0.7506127524791395,
                    "option_price_t": 278.3,
                    "underlying_price_t": 5522.3
                },
                "put": {
                    "start_date": "2024-05-24",
                    "strike": 5250.0,
                    "maturity": "2024-08-16",
                    "units": -0.0009539268359963632,
                    "gamma": 0.0010016221346045853,
                    "vega": 999.4110637393858,
                    "tau": 0.23013698630136986,
                    "delta_t_1": -0.3100645782236614,
                    "option_price_t_1": 14.78,
                    "underlying_t_1": 5436.44,
                    "Option_PnL": 0.008375477620048068,
                    "Delta_PnL": 0.025395578248024048,
                    "Total_PnL": -0.01702010062797598,
                    "delta_t": -0.2493872475208605,
                    "option_price_t": 6.0,
                    "underlying_price_t": 5522.3
                }
            },
            "sv_2024-05-28_2024-08-16": {
                "call": {
                    "start_date": "2024-05-28",
                    "strike": 5300.0,
                    "maturity": "2024-08-16",
                    "units": -0.0009697772362045647,
                    "gamma": 0.0010910683373282265,
                    "vega": 989.7265560170744,
                    "tau": 0.2191780821917808,
                    "delta_t_1": 0.6475449063591885,
                    "option_price_t_1": 160.98,
                    "underlying_t_1": 5436.44,
                    "Option_PnL": -0.06997912536452139,
                    "Delta_PnL": -0.05391787422288808,
                    "Total_PnL": -0.016061251141633308,
                    "delta_t": 0.7152832957283145,
                    "option_price_t": 233.14,
                    "underlying_price_t": 5522.3
                },
                "put": {
                    "start_date": "2024-05-28",
                    "strike": 5300.0,
                    "maturity": "2024-08-16",
                    "units": -0.0009697772362045647,
                    "gamma": 0.0010910683373282265,
                    "vega": 989.7265560170744,
                    "tau": 0.2191780821917808,
                    "delta_t_1": -0.3524550936408115,
                    "option_price_t_1": 24.54,
                    "underlying_t_1": 5436.44,
                    "Option_PnL": 0.013285948136002536,
                    "Delta_PnL": 0.02934719927763641,
                    "Total_PnL": -0.016061251141633877,
                    "delta_t": -0.2847167042716855,
                    "option_price_t": 10.84,
                    "underlying_price_t": 5522.3
                }
            },
            "sv_2024-05-29_2024-08-16": {
                "call": {
                    "start_date": "2024-05-29",
                    "strike": 5300.0,
                    "maturity": "2024-08-16",
                    "units": -0.0009839034783431448,
                    "gamma": 0.0010862286632017774,
                    "vega": 976.0651435701056,
                    "tau": 0.21643835616438356,
                    "delta_t_1": 0.6482580448688209,
                    "option_price_t_1": 160.98,
                    "underlying_t_1": 5436.44,
                    "Option_PnL": -0.07099847499724132,
                    "Delta_PnL": -0.05476351241976182,
                    "Total_PnL": -0.0162349625774795,
                    "delta_t": 0.7163349173191034,
                    "option_price_t": 233.14,
                    "underlying_price_t": 5522.3
                },
                "put": {
                    "start_date": "2024-05-29",
                    "strike": 5300.0,
                    "maturity": "2024-08-16",
                    "units": -0.0009839034783431448,
                    "gamma": 0.0010862286632017774,
                    "vega": 976.0651435701056,
                    "tau": 0.21643835616438356,
                    "delta_t_1": -0.3517419551311791,
                    "option_price_t_1": 24.54,
                    "underlying_t_1": 5436.44,
                    "Option_PnL": 0.013479477653301083,
                    "Delta_PnL": 0.029714440230781167,
                    "Total_PnL": -0.016234962577480083,
                    "delta_t": -0.28366508268089663,
                    "option_price_t": 10.84,
                    "underlying_price_t": 5522.3
                }
            },
            "sv_2024-05-30_2024-08-16": {
                "call": {
                    "start_date": "2024-05-30",
                    "strike": 5250.0,
                    "maturity": "2024-08-16",
                    "units": -0.0009961443388313096,
                    "gamma": 0.001100561063379877,
                    "vega": 965.5197166728339,
                    "tau": 0.2136986301369863,
                    "delta_t_1": 0.6955175272964453,
                    "option_price_t_1": 201.22,
                    "underlying_t_1": 5436.44,
                    "Option_PnL": -0.07678280563711735,
                    "Delta_PnL": -0.059486885855558225,
                    "Total_PnL": -0.01729591978155913,
                    "delta_t": 0.7577271098990481,
                    "option_price_t": 278.3,
                    "underlying_price_t": 5522.3
                },
                "put": {
                    "start_date": "2024-05-30",
                    "strike": 5250.0,
                    "maturity": "2024-08-16",
                    "units": -0.0009961443388313096,
                    "gamma": 0.001100561063379877,
                    "vega": 965.5197166728339,
                    "tau": 0.2136986301369863,
                    "delta_t_1": -0.30448247270355466,
                    "option_price_t_1": 14.78,
                    "underlying_t_1": 5436.44,
                    "Option_PnL": 0.008746147294938897,
                    "Delta_PnL": 0.026042067076498605,
                    "Total_PnL": -0.017295919781559706,
                    "delta_t": -0.24227289010095188,
                    "option_price_t": 6.0,
                    "underlying_price_t": 5522.3
                }
            },
            "sv_2024-05-31_2024-08-16": {
                "call": {
                    "start_date": "2024-05-31",
                    "strike": 5250.0,
                    "maturity": "2024-08-16",
                    "units": -0.0009989371818967987,
                    "gamma": 0.0010844626160474336,
                    "vega": 961.1850182594872,
                    "tau": 0.21095890410958903,
                    "delta_t_1": 0.6965097500697769,
                    "option_price_t_1": 201.22,
                    "underlying_t_1": 5436.44,
                    "Option_PnL": -0.07699807798060526,
                    "Delta_PnL": -0.059738768145092436,
                    "Total_PnL": -0.017259309835512826,
                    "delta_t": 0.7589847878476299,
                    "option_price_t": 278.3,
                    "underlying_price_t": 5522.3
                },
                "put": {
                    "start_date": "2024-05-31",
                    "strike": 5250.0,
                    "maturity": "2024-08-16",
                    "units": -0.0009989371818967987,
                    "gamma": 0.0010844626160474336,
                    "vega": 961.1850182594872,
                    "tau": 0.21095890410958903,
                    "delta_t_1": -0.3034902499302231,
                    "option_price_t_1": 14.78,
                    "underlying_t_1": 5436.44,
                    "Option_PnL": 0.008770668457053892,
                    "Delta_PnL": 0.02602997829256728,
                    "Total_PnL": -0.017259309835513388,
                    "delta_t": -0.2410152121523701,
                    "option_price_t": 6.0,
                    "underlying_price_t": 5522.3
                }
            },
            "sv_2024-06-03_2024-08-16": {
                "call": {
                    "start_date": "2024-06-03",
                    "strike": 5300.0,
                    "maturity": "2024-08-16",
                    "units": -0.0010168767053958835,
                    "gamma": 0.0011461435037897194,
                    "vega": 948.9561827179683,
                    "tau": 0.20273972602739726,
                    "delta_t_1": 0.6520466754658683,
                    "option_price_t_1": 160.98,
                    "underlying_t_1": 5436.44,
                    "Option_PnL": -0.07337782306136695,
                    "Delta_PnL": -0.056929565309122805,
                    "Total_PnL": -0.016448257752244143,
                    "delta_t": 0.72189415409916,
                    "option_price_t": 233.14,
                    "underlying_price_t": 5522.3
                },
                "put": {
                    "start_date": "2024-06-03",
                    "strike": 5300.0,
                    "maturity": "2024-08-16",
                    "units": -0.0010168767053958835,
                    "gamma": 0.0011461435037897194,
                    "vega": 948.9561827179683,
                    "tau": 0.20273972602739726,
                    "delta_t_1": -0.34795332453413175,
                    "option_price_t_1": 24.54,
                    "underlying_t_1": 5436.44,
                    "Option_PnL": 0.013931210863923604,
                    "Delta_PnL": 0.030379468616168352,
                    "Total_PnL": -0.016448257752244747,
                    "delta_t": -0.27810584590084,
                    "option_price_t": 10.84,
                    "underlying_price_t": 5522.3
                }
            },
            "sv_2024-06-04_2024-08-16": {
                "call": {
                    "start_date": "2024-06-04",
                    "strike": 5300.0,
                    "maturity": "2024-08-16",
                    "units": -0.001023670913634419,
                    "gamma": 0.0011672883306025337,
                    "vega": 944.017762402959,
                    "tau": 0.2,
                    "delta_t_1": 0.6528524259471877,
                    "option_price_t_1": 160.98,
                    "underlying_t_1": 5436.44,
                    "Option_PnL": -0.07386809312785966,
                    "Delta_PnL": -0.057380756537544285,
                    "Total_PnL": -0.016487336590315378,
                    "delta_t": 0.7230705452208881,
                    "option_price_t": 233.14,
                    "underlying_price_t": 5522.3
                },
                "put": {
                    "start_date": "2024-06-04",
                    "strike": 5300.0,
                    "maturity": "2024-08-16",
                    "units": -0.001023670913634419,
                    "gamma": 0.0011672883306025337,
                    "vega": 944.017762402959,
                    "tau": 0.2,
                    "delta_t_1": -0.34714757405281227,
                    "option_price_t_1": 24.54,
                    "underlying_t_1": 5436.44,
                    "Option_PnL": 0.01402429151679154,
                    "Delta_PnL": 0.030511628107107523,
                    "Total_PnL": -0.016487336590315982,
                    "delta_t": -0.2769294547791119,
                    "option_price_t": 10.84,
                    "underlying_price_t": 5522.3
                }
            },
            "sv_2024-06-05_2024-08-16": {
                "call": {
                    "start_date": "2024-06-05",
                    "strike": 5300.0,
                    "maturity": "2024-08-16",
                    "units": -0.0010321679750208814,
                    "gamma": 0.0011415548194725507,
                    "vega": 931.6410246621404,
                    "tau": 0.19726027397260273,
                    "delta_t_1": 0.6536754366257922,
                    "option_price_t_1": 160.98,
                    "underlying_t_1": 5436.44,
                    "Option_PnL": -0.0744812410775068,
                    "Delta_PnL": -0.057929986850648735,
                    "Total_PnL": -0.01655125422685806,
                    "delta_t": 0.7242700143007154,
                    "option_price_t": 233.14,
                    "underlying_price_t": 5522.3
                },
                "put": {
                    "start_date": "2024-06-05",
                    "strike": 5300.0,
                    "maturity": "2024-08-16",
                    "units": -0.0010321679750208814,
                    "gamma": 0.0011415548194725507,
                    "vega": 931.6410246621404,
                    "tau": 0.19726027397260273,
                    "delta_t_1": -0.3463245633742078,
                    "option_price_t_1": 24.54,
                    "underlying_t_1": 5436.44,
                    "Option_PnL": 0.014140701257786074,
                    "Delta_PnL": 0.030691955484644734,
                    "Total_PnL": -0.016551254226858658,
                    "delta_t": -0.27572998569928464,
                    "option_price_t": 10.84,
                    "underlying_price_t": 5522.3
                }
            },
            "sv_2024-06-06_2024-08-16": {
                "call": {
                    "start_date": "2024-06-06",
                    "strike": 5350.0,
                    "maturity": "2024-08-16",
                    "units": -0.0010228164609873223,
                    "gamma": 0.00116933765623319,
                    "vega": 941.0878343332445,
                    "tau": 0.19452054794520549,
                    "delta_t_1": 0.6039693824085873,
                    "option_price_t_1": 124.95,
                    "underlying_t_1": 5436.44,
                    "Option_PnL": -0.06727063863913618,
                    "Delta_PnL": -0.05304000008267108,
                    "Total_PnL": -0.0142306385564651,
                    "delta_t": 0.6810504443844896,
                    "option_price_t": 190.72,
                    "underlying_price_t": 5522.3
                },
                "put": {
                    "start_date": "2024-06-06",
                    "strike": 5350.0,
                    "maturity": "2024-08-16",
                    "units": -0.0010228164609873223,
                    "gamma": 0.00116933765623319,
                    "vega": 941.0878343332445,
                    "tau": 0.19452054794520549,
                    "delta_t_1": -0.39603061759141267,
                    "option_price_t_1": 38.51,
                    "underlying_t_1": 5436.44,
                    "Option_PnL": 0.0205483827012353,
                    "Delta_PnL": 0.03477902125770101,
                    "Total_PnL": -0.014230638556465707,
                    "delta_t": -0.3189495556155104,
                    "option_price_t": 18.42,
                    "underlying_price_t": 5522.3
                }
            },
            "sv_2024-06-07_2024-08-16": {
                "call": {
                    "start_date": "2024-06-07",
                    "strike": 5350.0,
                    "maturity": "2024-08-16",
                    "units": -0.0010326424574975302,
                    "gamma": 0.001190945965539966,
                    "vega": 933.9287402157321,
                    "tau": 0.1917808219178082,
                    "delta_t_1": 0.6045006772210384,
                    "option_price_t_1": 124.95,
                    "underlying_t_1": 5436.44,
                    "Option_PnL": -0.06791689442961256,
                    "Delta_PnL": -0.05359665095097962,
                    "Total_PnL": -0.014320243478632942,
                    "delta_t": 0.6820611041927118,
                    "option_price_t": 190.72,
                    "underlying_price_t": 5522.3
                },
                "put": {
                    "start_date": "2024-06-07",
                    "strike": 5350.0,
                    "maturity": "2024-08-16",
                    "units": -0.0010326424574975302,
                    "gamma": 0.001190945965539966,
                    "vega": 933.9287402157321,
                    "tau": 0.1917808219178082,
                    "delta_t_1": -0.3954993227789616,
                    "option_price_t_1": 38.51,
                    "underlying_t_1": 5436.44,
                    "Option_PnL": 0.020745786971125377,
                    "Delta_PnL": 0.03506603044975893,
                    "Total_PnL": -0.014320243478633553,
                    "delta_t": -0.3179388958072882,
                    "option_price_t": 18.42,
                    "underlying_price_t": 5522.3
                }
            },
            "sv_2024-06-10_2024-08-16": {
                "call": {
                    "start_date": "2024-06-10",
                    "strike": 5350.0,
                    "maturity": "2024-08-16",
                    "units": -0.001057291515791933,
                    "gamma": 0.0012377377764807881,
                    "vega": 914.4333138245379,
                    "tau": 0.18356164383561643,
                    "delta_t_1": 0.6061725946479105,
                    "option_price_t_1": 124.95,
                    "underlying_t_1": 5436.44,
                    "Option_PnL": -0.06953806299363542,
                    "Delta_PnL": -0.05502777200290699,
                    "Total_PnL": -0.014510290990728432,
                    "delta_t": 0.6852270917360971,
                    "option_price_t": 190.72,
                    "underlying_price_t": 5522.3
                },
                "put": {
                    "start_date": "2024-06-10",
                    "strike": 5350.0,
                    "maturity": "2024-08-16",
                    "units": -0.001057291515791933,
                    "gamma": 0.0012377377764807881,
                    "vega": 914.4333138245379,
                    "tau": 0.18356164383561643,
                    "delta_t_1": -0.3938274053520895,
                    "option_price_t_1": 38.51,
                    "underlying_t_1": 5436.44,
                    "Option_PnL": 0.02124098655225993,
                    "Delta_PnL": 0.03575127754298899,
                    "Total_PnL": -0.014510290990729063,
                    "delta_t": -0.3147729082639029,
                    "option_price_t": 18.42,
                    "underlying_price_t": 5522.3
                }
            },
            "sv_2024-06-11_2024-08-16": {
                "call": {
                    "start_date": "2024-06-11",
                    "strike": 5350.0,
                    "maturity": "2024-08-16",
                    "units": -0.0010658473397880104,
                    "gamma": 0.0012392940360200246,
                    "vega": 906.4760512290732,
                    "tau": 0.18082191780821918,
                    "delta_t_1": 0.6067575478745943,
                    "option_price_t_1": 124.95,
                    "underlying_t_1": 5436.44,
                    "Option_PnL": -0.07010077953785744,
                    "Delta_PnL": -0.05552659944510381,
                    "Total_PnL": -0.01457418009275363,
                    "delta_t": 0.6863297323090992,
                    "option_price_t": 190.72,
                    "underlying_price_t": 5522.3
                },
                "put": {
                    "start_date": "2024-06-11",
                    "strike": 5350.0,
                    "maturity": "2024-08-16",
                    "units": -0.0010658473397880104,
                    "gamma": 0.0012392940360200246,
                    "vega": 906.4760512290732,
                    "tau": 0.18082191780821918,
                    "delta_t_1": -0.39324245212540565,
                    "option_price_t_1": 38.51,
                    "underlying_t_1": 5436.44,
                    "Option_PnL": 0.021412873056341125,
                    "Delta_PnL": 0.03598705314909538,
                    "Total_PnL": -0.014574180092754255,
                    "delta_t": -0.3136702676909008,
                    "option_price_t": 18.42,
                    "underlying_price_t": 5522.3
                }
            },
            "sv_2024-06-12_2024-08-16": {
                "call": {
                    "start_date": "2024-06-12",
                    "strike": 5400.0,
                    "maturity": "2024-08-16",
                    "units": -0.0010633688898186735,
                    "gamma": 0.001366289070640044,
                    "vega": 908.1553376922251,
                    "tau": 0.1780821917808219,
                    "delta_t_1": 0.5532148502337867,
                    "option_price_t_1": 93.8,
                    "underlying_t_1": 5436.44,
                    "Option_PnL": -0.061781732498464935,
                    "Delta_PnL": -0.05050898765213321,
                    "Total_PnL": -0.011272744846331728,
                    "delta_t": 0.6388929103536815,
                    "option_price_t": 151.9,
                    "underlying_price_t": 5522.3
                },
                "put": {
                    "start_date": "2024-06-12",
                    "strike": 5400.0,
                    "maturity": "2024-08-16",
                    "units": -0.0010633688898186735,
                    "gamma": 0.001366289070640044,
                    "vega": 908.1553376922251,
                    "tau": 0.1780821917808219,
                    "delta_t_1": -0.4467851497662133,
                    "option_price_t_1": 57.36,
                    "underlying_t_1": 5436.44,
                    "Option_PnL": 0.029519120381366372,
                    "Delta_PnL": 0.04079186522769871,
                    "Total_PnL": -0.011272744846332339,
                    "delta_t": -0.36110708964631855,
                    "option_price_t": 29.6,
                    "underlying_price_t": 5522.3
                }
            },
            "sv_2024-06-13_2024-08-16": {
                "call": {
                    "start_date": "2024-06-13",
                    "strike": 5400.0,
                    "maturity": "2024-08-16",
                    "units": -0.0010748829798965112,
                    "gamma": 0.0013858192562345758,
                    "vega": 898.2255628833155,
                    "tau": 0.17534246575342466,
                    "delta_t_1": 0.553420860638963,
                    "option_price_t_1": 93.8,
                    "underlying_t_1": 5436.44,
                    "Option_PnL": -0.062450701131987314,
                    "Delta_PnL": -0.05107490831562851,
                    "Total_PnL": -0.011375792816358803,
                    "delta_t": 0.6397258753119979,
                    "option_price_t": 151.9,
                    "underlying_price_t": 5522.3
                },
                "put": {
                    "start_date": "2024-06-13",
                    "strike": 5400.0,
                    "maturity": "2024-08-16",
                    "units": -0.0010748829798965112,
                    "gamma": 0.0013858192562345758,
                    "vega": 898.2255628833155,
                    "tau": 0.17534246575342466,
                    "delta_t_1": -0.446579139361037,
                    "option_price_t_1": 57.36,
                    "underlying_t_1": 5436.44,
                    "Option_PnL": 0.02983875152192715,
                    "Delta_PnL": 0.04121454433828657,
                    "Total_PnL": -0.01137579281635942,
                    "delta_t": -0.36027412468800213,
                    "option_price_t": 29.6,
                    "underlying_price_t": 5522.3
                }
            },
            "sv_2024-06-14_2024-08-16": {
                "call": {
                    "start_date": "2024-06-14",
                    "strike": 5450.0,
                    "maturity": "2024-08-16",
                    "units": -0.001074685920672687,
                    "gamma": 0.0014316694232676134,
                    "vega": 899.5147056371721,
                    "tau": 0.1726027397260274,
                    "delta_t_1": 0.4981294520572637,
                    "option_price_t_1": 67.92,
                    "underlying_t_1": 5436.44,
                    "Option_PnL": -0.05319695307329801,
                    "Delta_PnL": -0.045963666377425924,
                    "Total_PnL": -0.007233286695872088,
                    "delta_t": 0.5894003332173282,
                    "option_price_t": 117.42,
                    "underlying_price_t": 5522.3
                },
                "put": {
                    "start_date": "2024-06-14",
                    "strike": 5450.0,
                    "maturity": "2024-08-16",
                    "units": -0.001074685920672687,
                    "gamma": 0.0014316694232676134,
                    "vega": 899.5147056371721,
                    "tau": 0.1726027397260274,
                    "delta_t_1": -0.5018705479427363,
                    "option_price_t_1": 81.48,
                    "underlying_t_1": 5436.44,
                    "Option_PnL": 0.03907558007565891,
                    "Delta_PnL": 0.04630886677153163,
                    "Total_PnL": -0.007233286695872719,
                    "delta_t": -0.4105996667826718,
                    "option_price_t": 45.12,
                    "underlying_price_t": 5522.3
                }
            },
            "sv_2024-06-17_2024-08-16": {
                "call": {
                    "start_date": "2024-06-17",
                    "strike": 5450.0,
                    "maturity": "2024-08-16",
                    "units": -0.0010961953990305574,
                    "gamma": 0.0014968926097035666,
                    "vega": 879.740397451954,
                    "tau": 0.1643835616438356,
                    "delta_t_1": 0.4974403672138057,
                    "option_price_t_1": 67.92,
                    "underlying_t_1": 5436.44,
                    "Option_PnL": -0.05426167225201259,
                    "Delta_PnL": -0.04681875753968251,
                    "Total_PnL": -0.007442914712330079,
                    "delta_t": 0.5909175236035232,
                    "option_price_t": 117.42,
                    "underlying_price_t": 5522.3
                },
                "put": {
                    "start_date": "2024-06-17",
                    "strike": 5450.0,
                    "maturity": "2024-08-16",
                    "units": -0.0010961953990305574,
                    "gamma": 0.0014968926097035666,
                    "vega": 879.740397451954,
                    "tau": 0.1643835616438356,
                    "delta_t_1": -0.5025596327861943,
                    "option_price_t_1": 81.48,
                    "underlying_t_1": 5436.44,
                    "Option_PnL": 0.03985766470875107,
                    "Delta_PnL": 0.04730057942108179,
                    "Total_PnL": -0.007442914712330717,
                    "delta_t": -0.40908247639647677,
                    "option_price_t": 45.12,
                    "underlying_price_t": 5522.3
                }
            },
            "sv_2024-06-18_2024-08-16": {
                "call": {
                    "start_date": "2024-06-18",
                    "strike": 5450.0,
                    "maturity": "2024-08-16",
                    "units": -0.0011116884140846134,
                    "gamma": 0.0015426785020449343,
                    "vega": 867.6147317196388,
                    "tau": 0.16164383561643836,
                    "delta_t_1": 0.4972026626047323,
                    "option_price_t_1": 67.92,
                    "underlying_t_1": 5436.44,
                    "Option_PnL": -0.05502857649718836,
                    "Delta_PnL": -0.04745777897286893,
                    "Total_PnL": -0.007570797524319432,
                    "delta_t": 0.5914521082126551,
                    "option_price_t": 117.42,
                    "underlying_price_t": 5522.3
                },
                "put": {
                    "start_date": "2024-06-18",
                    "strike": 5450.0,
                    "maturity": "2024-08-16",
                    "units": -0.0011116884140846134,
                    "gamma": 0.0015426785020449343,
                    "vega": 867.6147317196388,
                    "tau": 0.16164383561643836,
                    "delta_t_1": -0.5027973373952677,
                    "option_price_t_1": 81.48,
                    "underlying_t_1": 5436.44,
                    "Option_PnL": 0.04042099073611655,
                    "Delta_PnL": 0.04799178826043662,
                    "Total_PnL": -0.007570797524320071,
                    "delta_t": -0.40854789178734485,
                    "option_price_t": 45.12,
                    "underlying_price_t": 5522.3
                }
            },
            "sv_2024-06-20_2024-08-16": {
                "call": {
                    "start_date": "2024-06-20",
                    "strike": 5500.0,
                    "maturity": "2024-08-16",
                    "units": -0.0011232823767122063,
                    "gamma": 0.0015758846778548918,
                    "vega": 859.8893469709011,
                    "tau": 0.15616438356164383,
                    "delta_t_1": 0.43896574266979316,
                    "option_price_t_1": 47.32,
                    "underlying_t_1": 5436.44,
                    "Option_PnL": -0.04554910037567997,
                    "Delta_PnL": -0.0423360619664566,
                    "Total_PnL": -0.003213038409223365,
                    "delta_t": 0.537668381335996,
                    "option_price_t": 87.87,
                    "underlying_price_t": 5522.3
                },
                "put": {
                    "start_date": "2024-06-20",
                    "strike": 5500.0,
                    "maturity": "2024-08-16",
                    "units": -0.0011232823767122063,
                    "gamma": 0.0015758846778548918,
                    "vega": 859.8893469709011,
                    "tau": 0.15616438356164383,
                    "delta_t_1": -0.5610342573302068,
                    "option_price_t_1": 110.88,
                    "underlying_t_1": 5436.44,
                    "Option_PnL": 0.05089592448883007,
                    "Delta_PnL": 0.054108962898054086,
                    "Total_PnL": -0.003213038409224017,
                    "delta_t": -0.46233161866400396,
                    "option_price_t": 65.57,
                    "underlying_price_t": 5522.3
                }
            },
            "sv_2024-06-21_2024-08-16": {
                "call": {
                    "start_date": "2024-06-21",
                    "strike": 5450.0,
                    "maturity": "2024-08-16",
                    "units": -0.0011341058645571757,
                    "gamma": 0.001586509295081452,
                    "vega": 851.1004194338244,
                    "tau": 0.15342465753424658,
                    "delta_t_1": 0.49646326736920576,
                    "option_price_t_1": 67.92,
                    "underlying_t_1": 5436.44,
                    "Option_PnL": -0.0561382402955802,
                    "Delta_PnL": -0.04834277779678631,
                    "Total_PnL": -0.007795462498793891,
                    "delta_t": 0.5931514544004823,
                    "option_price_t": 117.42,
                    "underlying_price_t": 5522.3
                },
                "put": {
                    "start_date": "2024-06-21",
                    "strike": 5450.0,
                    "maturity": "2024-08-16",
                    "units": -0.0011341058645571757,
                    "gamma": 0.001586509295081452,
                    "vega": 851.1004194338244,
                    "tau": 0.15342465753424658,
                    "delta_t_1": -0.5035367326307942,
                    "option_price_t_1": 81.48,
                    "underlying_t_1": 5436.44,
                    "Option_PnL": 0.041236089235298916,
                    "Delta_PnL": 0.04903155173409346,
                    "Total_PnL": -0.007795462498794543,
                    "delta_t": -0.40684854559951766,
                    "option_price_t": 45.12,
                    "underlying_price_t": 5522.3
                }
            },
            "sv_2024-06-24_2024-09-20": {
                "call": {
                    "start_date": "2024-06-24",
                    "strike": 5450.0,
                    "maturity": "2024-09-20",
                    "units": -0.0009060908937665973,
                    "gamma": 0.001267500529780448,
                    "vega": 1066.9044557148866,
                    "tau": 0.2410958904109589,
                    "delta_t_1": 0.5028410973584074,
                    "option_price_t_1": 123.63,
                    "underlying_t_1": 5436.44,
                    "Option_PnL": -0.04621063558209646,
                    "Delta_PnL": -0.039119510818707154,
                    "Total_PnL": -0.007091124763389307,
                    "delta_t": 0.5803428005915464,
                    "option_price_t": 174.63,
                    "underlying_price_t": 5522.3
                },
                "put": {
                    "start_date": "2024-06-24",
                    "strike": 5450.0,
                    "maturity": "2024-09-20",
                    "units": -0.0009060908937665973,
                    "gamma": 0.001267500529780448,
                    "vega": 1066.9044557148866,
                    "tau": 0.2410958904109589,
                    "delta_t_1": -0.49715890264159257,
                    "option_price_t_1": 137.19,
                    "underlying_t_1": 5436.44,
                    "Option_PnL": 0.03158632855670358,
                    "Delta_PnL": 0.038677453320093425,
                    "Total_PnL": -0.007091124763389842,
                    "delta_t": -0.4196571994084536,
                    "option_price_t": 102.33,
                    "underlying_price_t": 5522.3
                }
            },
            "sv_2024-06-25_2024-09-20": {
                "call": {
                    "start_date": "2024-06-25",
                    "strike": 5450.0,
                    "maturity": "2024-09-20",
                    "units": -0.0009105328602469557,
                    "gamma": 0.0012614150603660497,
                    "vega": 1060.9359916845654,
                    "tau": 0.23835616438356164,
                    "delta_t_1": 0.5026794158279152,
                    "option_price_t_1": 123.63,
                    "underlying_t_1": 5436.44,
                    "Option_PnL": -0.046437175872594744,
                    "Delta_PnL": -0.039298648002492116,
                    "Total_PnL": -0.0071385278701026275,
                    "delta_t": 0.5806153864902622,
                    "option_price_t": 174.63,
                    "underlying_price_t": 5522.3
                },
                "put": {
                    "start_date": "2024-06-25",
                    "strike": 5450.0,
                    "maturity": "2024-09-20",
                    "units": -0.0009105328602469557,
                    "gamma": 0.0012614150603660497,
                    "vega": 1060.9359916845654,
                    "tau": 0.23835616438356164,
                    "delta_t_1": -0.4973205841720848,
                    "option_price_t_1": 137.19,
                    "underlying_t_1": 5436.44,
                    "Option_PnL": 0.031741175508208874,
                    "Delta_PnL": 0.03887970337831203,
                    "Total_PnL": -0.007138527870103155,
                    "delta_t": -0.41938461350973777,
                    "option_price_t": 102.33,
                    "underlying_price_t": 5522.3
                }
            },
            "sv_2024-06-26_2024-09-20": {
                "call": {
                    "start_date": "2024-06-26",
                    "strike": 5450.0,
                    "maturity": "2024-09-20",
                    "units": -0.0009171048666083986,
                    "gamma": 0.0012650465946218636,
                    "vega": 1053.4367907941298,
                    "tau": 0.2356164383561644,
                    "delta_t_1": 0.5025159536523064,
                    "option_price_t_1": 123.63,
                    "underlying_t_1": 5436.44,
                    "Option_PnL": -0.04677234819702833,
                    "Delta_PnL": -0.03956942471555886,
                    "Total_PnL": -0.007202923481469468,
                    "delta_t": 0.5808937255112167,
                    "option_price_t": 174.63,
                    "underlying_price_t": 5522.3
                },
                "put": {
                    "start_date": "2024-06-26",
                    "strike": 5450.0,
                    "maturity": "2024-09-20",
                    "units": -0.0009171048666083986,
                    "gamma": 0.0012650465946218636,
                    "vega": 1053.4367907941298,
                    "tau": 0.2356164383561644,
                    "delta_t_1": -0.4974840463476936,
                    "option_price_t_1": 137.19,
                    "underlying_t_1": 5436.44,
                    "Option_PnL": 0.03197027564996877,
                    "Delta_PnL": 0.039173199131438775,
                    "Total_PnL": -0.007202923481470003,
                    "delta_t": -0.41910627448878335,
                    "option_price_t": 102.33,
                    "underlying_price_t": 5522.3
                }
            },
            "sv_2024-06-27_2024-09-20": {
                "call": {
                    "start_date": "2024-06-27",
                    "strike": 5500.0,
                    "maturity": "2024-09-20",
                    "units": -0.0009159466350228504,
                    "gamma": 0.0012861167569831536,
                    "vega": 1055.1741435099905,
                    "tau": 0.2328767123287671,
                    "delta_t_1": 0.45496026175194465,
                    "option_price_t_1": 101.56,
                    "underlying_t_1": 5436.44,
                    "Option_PnL": -0.04205111001389906,
                    "Delta_PnL": -0.0357795208856749,
                    "Total_PnL": -0.0062715891282241615,
                    "delta_t": 0.5360924228954919,
                    "option_price_t": 147.47,
                    "underlying_price_t": 5522.3
                },
                "put": {
                    "start_date": "2024-06-27",
                    "strike": 5500.0,
                    "maturity": "2024-09-20",
                    "units": -0.0009159466350228504,
                    "gamma": 0.0012861167569831536,
                    "vega": 1055.1741435099905,
                    "tau": 0.2328767123287671,
                    "delta_t_1": -0.5450397382480554,
                    "option_price_t_1": 165.12,
                    "underlying_t_1": 5436.44,
                    "Option_PnL": 0.036592068069162875,
                    "Delta_PnL": 0.04286365719738758,
                    "Total_PnL": -0.006271589128224703,
                    "delta_t": -0.46390757710450814,
                    "option_price_t": 125.17,
                    "underlying_price_t": 5522.3
                }
            },
            "sv_2024-06-28_2024-09-20": {
                "call": {
                    "start_date": "2024-06-28",
                    "strike": 5500.0,
                    "maturity": "2024-09-20",
                    "units": -0.0009327228321895682,
                    "gamma": 0.0013461560399296727,
                    "vega": 1039.1166899018547,
                    "tau": 0.23013698630136986,
                    "delta_t_1": 0.4545141666689105,
                    "option_price_t_1": 101.56,
                    "underlying_t_1": 5436.44,
                    "Option_PnL": -0.04282130522582307,
                    "Delta_PnL": -0.0363991227055783,
                    "Total_PnL": -0.006422182520244769,
                    "delta_t": 0.536118219123709,
                    "option_price_t": 147.47,
                    "underlying_price_t": 5522.3
                },
                "put": {
                    "start_date": "2024-06-28",
                    "strike": 5500.0,
                    "maturity": "2024-09-20",
                    "units": -0.0009327228321895682,
                    "gamma": 0.0013461560399296727,
                    "vega": 1039.1166899018547,
                    "tau": 0.23013698630136986,
                    "delta_t_1": -0.5454858333310895,
                    "option_price_t_1": 165.12,
                    "underlying_t_1": 5436.44,
                    "Option_PnL": 0.03726227714597325,
                    "Delta_PnL": 0.04368445966621856,
                    "Total_PnL": -0.006422182520245311,
                    "delta_t": -0.46388178087629095,
                    "option_price_t": 125.17,
                    "underlying_price_t": 5522.3
                }
            },
            "sv_2024-07-01_2024-09-20": {
                "call": {
                    "start_date": "2024-07-01",
                    "strike": 5450.0,
                    "maturity": "2024-09-20",
                    "units": -0.0009486083508034125,
                    "gamma": 0.001371261506140681,
                    "vega": 1022.3633203275834,
                    "tau": 0.2219178082191781,
                    "delta_t_1": 0.5016702528002428,
                    "option_price_t_1": 123.63,
                    "underlying_t_1": 5436.44,
                    "Option_PnL": -0.04837902589097404,
                    "Delta_PnL": -0.0408597944366518,
                    "Total_PnL": -0.007519231454322234,
                    "delta_t": 0.5823780461675914,
                    "option_price_t": 174.63,
                    "underlying_price_t": 5522.3
                },
                "put": {
                    "start_date": "2024-07-01",
                    "strike": 5450.0,
                    "maturity": "2024-09-20",
                    "units": -0.0009486083508034125,
                    "gamma": 0.001371261506140681,
                    "vega": 1022.3633203275834,
                    "tau": 0.2219178082191781,
                    "delta_t_1": -0.4983297471997572,
                    "option_price_t_1": 137.19,
                    "underlying_t_1": 5436.44,
                    "Option_PnL": 0.03306848710900696,
                    "Delta_PnL": 0.04058771856332974,
                    "Total_PnL": -0.007519231454322782,
                    "delta_t": -0.41762195383240863,
                    "option_price_t": 102.33,
                    "underlying_price_t": 5522.3
                }
            },
            "sv_2024-07-02_2024-09-20": {
                "call": {
                    "start_date": "2024-07-02",
                    "strike": 5500.0,
                    "maturity": "2024-09-20",
                    "units": -0.0009421554452081902,
                    "gamma": 0.001359851113535792,
                    "vega": 1027.2294864835596,
                    "tau": 0.2191780821917808,
                    "delta_t_1": 0.4526587449436307,
                    "option_price_t_1": 101.56,
                    "underlying_t_1": 5436.44,
                    "Option_PnL": -0.043254356489508004,
                    "Delta_PnL": -0.036617135031606726,
                    "Total_PnL": -0.006637221457901278,
                    "delta_t": 0.5362378961775903,
                    "option_price_t": 147.47,
                    "underlying_price_t": 5522.3
                },
                "put": {
                    "start_date": "2024-07-02",
                    "strike": 5500.0,
                    "maturity": "2024-09-20",
                    "units": -0.0009421554452081902,
                    "gamma": 0.001359851113535792,
                    "vega": 1027.2294864835596,
                    "tau": 0.2191780821917808,
                    "delta_t_1": -0.5473412550563693,
                    "option_price_t_1": 165.12,
                    "underlying_t_1": 5436.44,
                    "Option_PnL": 0.0376391100360672,
                    "Delta_PnL": 0.044276331493969034,
                    "Total_PnL": -0.006637221457901833,
                    "delta_t": -0.4637621038224097,
                    "option_price_t": 125.17,
                    "underlying_price_t": 5522.3
                }
            },
            "sv_2024-07-03_2024-09-20": {
                "call": {
                    "start_date": "2024-07-03",
                    "strike": 5500.0,
                    "maturity": "2024-09-20",
                    "units": -0.0009514422337846412,
                    "gamma": 0.0013384202494016902,
                    "vega": 1015.7602614465751,
                    "tau": 0.21643835616438356,
                    "delta_t_1": 0.4521760558205837,
                    "option_price_t_1": 101.56,
                    "underlying_t_1": 5436.44,
                    "Option_PnL": -0.043680712953052876,
                    "Delta_PnL": -0.03693863739326668,
                    "Total_PnL": -0.006742075559786197,
                    "delta_t": 0.5362722341361769,
                    "option_price_t": 147.47,
                    "underlying_price_t": 5522.3
                },
                "put": {
                    "start_date": "2024-07-03",
                    "strike": 5500.0,
                    "maturity": "2024-09-20",
                    "units": -0.0009514422337846412,
                    "gamma": 0.0013384202494016902,
                    "vega": 1015.7602614465751,
                    "tau": 0.21643835616438356,
                    "delta_t_1": -0.5478239441794164,
                    "option_price_t_1": 165.12,
                    "underlying_t_1": 5436.44,
                    "Option_PnL": 0.03801011723969642,
                    "Delta_PnL": 0.04475219279948318,
                    "Total_PnL": -0.006742075559786759,
                    "delta_t": -0.46372776586382314,
                    "option_price_t": 125.17,
                    "underlying_price_t": 5522.3
                }
            },
            "sv_2024-07-05_2024-09-20": {
                "call": {
                    "start_date": "2024-07-05",
                    "strike": 5550.0,
                    "maturity": "2024-09-20",
                    "units": -0.0009496811217082097,
                    "gamma": 0.0013491474557739086,
                    "vega": 1016.4359436443823,
                    "tau": 0.21095890410958903,
                    "delta_t_1": 0.4026111097928121,
                    "option_price_t_1": 82.43,
                    "underlying_t_1": 5436.44,
                    "Option_PnL": -0.03876598338812911,
                    "Delta_PnL": -0.03282875734712914,
                    "Total_PnL": -0.005937226040999971,
                    "delta_t": 0.4889169490954104,
                    "option_price_t": 123.25,
                    "underlying_price_t": 5522.3
                },
                "put": {
                    "start_date": "2024-07-05",
                    "strike": 5550.0,
                    "maturity": "2024-09-20",
                    "units": -0.0009496811217082097,
                    "gamma": 0.0013491474557739086,
                    "vega": 1016.4359436443823,
                    "tau": 0.21095890410958903,
                    "delta_t_1": -0.5973888902071879,
                    "option_price_t_1": 195.99,
                    "underlying_t_1": 5436.44,
                    "Option_PnL": 0.042773637721737784,
                    "Delta_PnL": 0.0487108637627383,
                    "Total_PnL": -0.005937226041000519,
                    "delta_t": -0.5110830509045896,
                    "option_price_t": 150.95,
                    "underlying_price_t": 5522.3
                }
            },
            "sv_2024-07-08_2024-09-20": {
                "call": {
                    "start_date": "2024-07-08",
                    "strike": 5550.0,
                    "maturity": "2024-09-20",
                    "units": -0.0009706850855481817,
                    "gamma": 0.001384686163247757,
                    "vega": 995.4840302316406,
                    "tau": 0.20273972602739726,
                    "delta_t_1": 0.40013632435694,
                    "option_price_t_1": 82.43,
                    "underlying_t_1": 5436.44,
                    "Option_PnL": -0.03962336519207677,
                    "Delta_PnL": -0.03334857026187093,
                    "Total_PnL": -0.006274794930205843,
                    "delta_t": 0.4880920491024561,
                    "option_price_t": 123.25,
                    "underlying_price_t": 5522.3
                },
                "put": {
                    "start_date": "2024-07-08",
                    "strike": 5550.0,
                    "maturity": "2024-09-20",
                    "units": -0.0009706850855481817,
                    "gamma": 0.001384686163247757,
                    "vega": 995.4840302316406,
                    "tau": 0.20273972602739726,
                    "delta_t_1": -0.59986367564306,
                    "option_price_t_1": 195.99,
                    "underlying_t_1": 5436.44,
                    "Option_PnL": 0.04371965625309012,
                    "Delta_PnL": 0.04999445118329652,
                    "Total_PnL": -0.006274794930206398,
                    "delta_t": -0.5119079508975439,
                    "option_price_t": 150.95,
                    "underlying_price_t": 5522.3
                }
            },
            "sv_2024-07-09_2024-09-20": {
                "call": {
                    "start_date": "2024-07-09",
                    "strike": 5550.0,
                    "maturity": "2024-09-20",
                    "units": -0.000980158859467834,
                    "gamma": 0.0014543881200052148,
                    "vega": 987.4115577447877,
                    "tau": 0.2,
                    "delta_t_1": 0.39928114824324845,
                    "option_price_t_1": 82.43,
                    "underlying_t_1": 5436.44,
                    "Option_PnL": -0.040010084643476974,
                    "Delta_PnL": -0.03360207986506197,
                    "Total_PnL": -0.006408004778415001,
                    "delta_t": 0.48780858109811276,
                    "option_price_t": 123.25,
                    "underlying_price_t": 5522.3
                },
                "put": {
                    "start_date": "2024-07-09",
                    "strike": 5550.0,
                    "maturity": "2024-09-20",
                    "units": -0.000980158859467834,
                    "gamma": 0.0014543881200052148,
                    "vega": 987.4115577447877,
                    "tau": 0.2,
                    "delta_t_1": -0.6007188517567515,
                    "option_price_t_1": 195.99,
                    "underlying_t_1": 5436.44,
                    "Option_PnL": 0.04414635503043126,
                    "Delta_PnL": 0.05055435980884683,
                    "Total_PnL": -0.00640800477841557,
                    "delta_t": -0.5121914189018872,
                    "option_price_t": 150.95,
                    "underlying_price_t": 5522.3
                }
            },
            "sv_2024-07-10_2024-09-20": {
                "call": {
                    "start_date": "2024-07-10",
                    "strike": 5600.0,
                    "maturity": "2024-09-20",
                    "units": -0.0009762175491899437,
                    "gamma": 0.0014116650166416927,
                    "vega": 987.6011019327718,
                    "tau": 0.19726027397260273,
                    "delta_t_1": 0.35031279153983375,
                    "option_price_t_1": 66.1,
                    "underlying_t_1": 5436.44,
                    "Option_PnL": -0.034948588260999995,
                    "Delta_PnL": -0.02936253114412099,
                    "Total_PnL": -0.005586057116879005,
                    "delta_t": 0.4390949524987308,
                    "option_price_t": 101.9,
                    "underlying_price_t": 5522.3
                },
                "put": {
                    "start_date": "2024-07-10",
                    "strike": 5600.0,
                    "maturity": "2024-09-20",
                    "units": -0.0009762175491899437,
                    "gamma": 0.0014116650166416927,
                    "vega": 987.6011019327718,
                    "tau": 0.19726027397260273,
                    "delta_t_1": -0.6496872084601663,
                    "option_price_t_1": 229.66,
                    "underlying_t_1": 5436.44,
                    "Option_PnL": 0.048869450512448585,
                    "Delta_PnL": 0.054455507629328145,
                    "Total_PnL": -0.00558605711687956,
                    "delta_t": -0.5609050475012691,
                    "option_price_t": 179.6,
                    "underlying_price_t": 5522.3
                }
            },
            "sv_2024-07-11_2024-09-20": {
                "call": {
                    "start_date": "2024-07-11",
                    "strike": 5650.0,
                    "maturity": "2024-09-20",
                    "units": -0.0010002271178920904,
                    "gamma": 0.001344187064260512,
                    "vega": 963.6223449937232,
                    "tau": 0.19452054794520549,
                    "delta_t_1": 0.3034743535299813,
                    "option_price_t_1": 52.34,
                    "underlying_t_1": 5436.44,
                    "Option_PnL": -0.031007040654654802,
                    "Delta_PnL": -0.026062225847831647,
                    "Total_PnL": -0.004944814806823156,
                    "delta_t": 0.3910451322081067,
                    "option_price_t": 83.34,
                    "underlying_price_t": 5522.3
                },
                "put": {
                    "start_date": "2024-07-11",
                    "strike": 5650.0,
                    "maturity": "2024-09-20",
                    "units": -0.0010002271178920904,
                    "gamma": 0.001344187064260512,
                    "vega": 963.6223449937232,
                    "tau": 0.19452054794520549,
                    "delta_t_1": -0.6965256464700187,
                    "option_price_t_1": 265.9,
                    "underlying_t_1": 5436.44,
                    "Option_PnL": 0.05487245968756006,
                    "Delta_PnL": 0.059817274494383815,
                    "Total_PnL": -0.004944814806823752,
                    "delta_t": -0.6089548677918932,
                    "option_price_t": 211.04,
                    "underlying_price_t": 5522.3
                }
            },
            "sv_2024-07-12_2024-09-20": {
                "call": {
                    "start_date": "2024-07-12",
                    "strike": 5600.0,
                    "maturity": "2024-09-20",
                    "units": -0.0009853922510828631,
                    "gamma": 0.001419208975403608,
                    "vega": 977.9270902122181,
                    "tau": 0.1917808219178082,
                    "delta_t_1": 0.34792647903883767,
                    "option_price_t_1": 66.1,
                    "underlying_t_1": 5436.44,
                    "Option_PnL": -0.03527704258876651,
                    "Delta_PnL": -0.029436590681767075,
                    "Total_PnL": -0.005840451906999434,
                    "delta_t": 0.4378297073452097,
                    "option_price_t": 101.9,
                    "underlying_price_t": 5522.3
                },
                "put": {
                    "start_date": "2024-07-12",
                    "strike": 5600.0,
                    "maturity": "2024-09-20",
                    "units": -0.0009853922510828631,
                    "gamma": 0.001419208975403608,
                    "vega": 977.9270902122181,
                    "tau": 0.1917808219178082,
                    "delta_t_1": -0.6520735209611623,
                    "option_price_t_1": 229.66,
                    "underlying_t_1": 5436.44,
                    "Option_PnL": 0.04932873608920813,
                    "Delta_PnL": 0.05516918799620812,
                    "Total_PnL": -0.0058404519069999855,
                    "delta_t": -0.5621702926547902,
                    "option_price_t": 179.6,
                    "underlying_price_t": 5522.3
                }
            },
            "sv_2024-07-15_2024-09-20": {
                "call": {
                    "start_date": "2024-07-15",
                    "strike": 5600.0,
                    "maturity": "2024-09-20",
                    "units": -0.001012573191443756,
                    "gamma": 0.0014905763033718931,
                    "vega": 952.8942991899605,
                    "tau": 0.18356164383561643,
                    "delta_t_1": 0.34417110297242254,
                    "option_price_t_1": 66.1,
                    "underlying_t_1": 5436.44,
                    "Option_PnL": -0.03625012025368647,
                    "Delta_PnL": -0.02992207538349797,
                    "Total_PnL": -0.0063280448701885025,
                    "delta_t": 0.43583928191804816,
                    "option_price_t": 101.9,
                    "underlying_price_t": 5522.3
                },
                "put": {
                    "start_date": "2024-07-15",
                    "strike": 5600.0,
                    "maturity": "2024-09-20",
                    "units": -0.001012573191443756,
                    "gamma": 0.0014905763033718931,
                    "vega": 952.8942991899605,
                    "tau": 0.18356164383561643,
                    "delta_t_1": -0.6558288970275774,
                    "option_price_t_1": 229.66,
                    "underlying_t_1": 5436.44,
                    "Option_PnL": 0.05068941396367443,
                    "Delta_PnL": 0.0570174588338635,
                    "Total_PnL": -0.0063280448701890715,
                    "delta_t": -0.5641607180819519,
                    "option_price_t": 179.6,
                    "underlying_price_t": 5522.3
                }
            },
            "sv_2024-07-16_2024-09-20": {
                "call": {
                    "start_date": "2024-07-16",
                    "strike": 5650.0,
                    "maturity": "2024-09-20",
                    "units": -0.0010061190656437632,
                    "gamma": 0.00151485484290485,
                    "vega": 957.6159040798293,
                    "tau": 0.18082191780821918,
                    "delta_t_1": 0.2959360365320418,
                    "option_price_t_1": 52.34,
                    "underlying_t_1": 5436.44,
                    "Option_PnL": -0.031189691034956658,
                    "Delta_PnL": -0.02556454785227148,
                    "Total_PnL": -0.005625143182685179,
                    "delta_t": 0.3860808324098728,
                    "option_price_t": 83.34,
                    "underlying_price_t": 5522.3
                },
                "put": {
                    "start_date": "2024-07-16",
                    "strike": 5650.0,
                    "maturity": "2024-09-20",
                    "units": -0.0010061190656437632,
                    "gamma": 0.00151485484290485,
                    "vega": 957.6159040798293,
                    "tau": 0.18082191780821918,
                    "delta_t_1": -0.7040639634679582,
                    "option_price_t_1": 265.9,
                    "underlying_t_1": 5436.44,
                    "Option_PnL": 0.05519569194121683,
                    "Delta_PnL": 0.060820835123902614,
                    "Total_PnL": -0.005625143182685782,
                    "delta_t": -0.6139191675901272,
                    "option_price_t": 211.04,
                    "underlying_price_t": 5522.3
                }
            },
            "sv_2024-07-17_2024-09-20": {
                "call": {
                    "start_date": "2024-07-17",
                    "strike": 5650.0,
                    "maturity": "2024-09-20",
                    "units": -0.001038378855178198,
                    "gamma": 0.0013450484678843445,
                    "vega": 924.9332491196653,
                    "tau": 0.1780821917808219,
                    "delta_t_1": 0.29434011804077526,
                    "option_price_t_1": 52.34,
                    "underlying_t_1": 5436.44,
                    "Option_PnL": -0.032189744510524136,
                    "Delta_PnL": -0.026241954595488438,
                    "Total_PnL": -0.0059477899150356985,
                    "delta_t": 0.3850268336112733,
                    "option_price_t": 83.34,
                    "underlying_price_t": 5522.3
                },
                "put": {
                    "start_date": "2024-07-17",
                    "strike": 5650.0,
                    "maturity": "2024-09-20",
                    "units": -0.001038378855178198,
                    "gamma": 0.0013450484678843445,
                    "vega": 924.9332491196653,
                    "tau": 0.1780821917808219,
                    "delta_t_1": -0.7056598819592248,
                    "option_price_t_1": 265.9,
                    "underlying_t_1": 5436.44,
                    "Option_PnL": 0.056965463995075925,
                    "Delta_PnL": 0.06291325391011225,
                    "Total_PnL": -0.005947789915036326,
                    "delta_t": -0.6149731663887267,
                    "option_price_t": 211.04,
                    "underlying_price_t": 5522.3
                }
            },
            "sv_2024-07-18_2024-09-20": {
                "call": {
                    "start_date": "2024-07-18",
                    "strike": 5600.0,
                    "maturity": "2024-09-20",
                    "units": -0.0010508030433512027,
                    "gamma": 0.0013229221270088017,
                    "vega": 914.7089460361912,
                    "tau": 0.17534246575342466,
                    "delta_t_1": 0.34018457704253113,
                    "option_price_t_1": 66.1,
                    "underlying_t_1": 5436.44,
                    "Option_PnL": -0.03761874895197307,
                    "Delta_PnL": -0.030692115663299442,
                    "Total_PnL": -0.006926633288673628,
                    "delta_t": 0.4337267723080012,
                    "option_price_t": 101.9,
                    "underlying_price_t": 5522.3
                },
                "put": {
                    "start_date": "2024-07-18",
                    "strike": 5600.0,
                    "maturity": "2024-09-20",
                    "units": -0.0010508030433512027,
                    "gamma": 0.0013229221270088017,
                    "vega": 914.7089460361912,
                    "tau": 0.17534246575342466,
                    "delta_t_1": -0.6598154229574689,
                    "option_price_t_1": 229.66,
                    "underlying_t_1": 5436.44,
                    "Option_PnL": 0.05260320035016121,
                    "Delta_PnL": 0.05952983363883544,
                    "Total_PnL": -0.006926633288674232,
                    "delta_t": -0.5662732276919988,
                    "option_price_t": 179.6,
                    "underlying_price_t": 5522.3
                }
            },
            "sv_2024-07-19_2024-09-20": {
                "call": {
                    "start_date": "2024-07-19",
                    "strike": 5550.0,
                    "maturity": "2024-09-20",
                    "units": -0.0010589337779267514,
                    "gamma": 0.001370061302066413,
                    "vega": 904.8558568595324,
                    "tau": 0.1726027397260274,
                    "delta_t_1": 0.38975431914187575,
                    "option_price_t_1": 82.43,
                    "underlying_t_1": 5436.44,
                    "Option_PnL": -0.043225676814969985,
                    "Delta_PnL": -0.03543648381045881,
                    "Total_PnL": -0.007789193004511176,
                    "delta_t": 0.48470067761264213,
                    "option_price_t": 123.25,
                    "underlying_price_t": 5522.3
                },
                "put": {
                    "start_date": "2024-07-19",
                    "strike": 5550.0,
                    "maturity": "2024-09-20",
                    "units": -0.0010589337779267514,
                    "gamma": 0.001370061302066413,
                    "vega": 904.8558568595324,
                    "tau": 0.1726027397260274,
                    "delta_t_1": -0.6102456808581243,
                    "option_price_t_1": 195.99,
                    "underlying_t_1": 5436.44,
                    "Option_PnL": 0.04769437735782091,
                    "Delta_PnL": 0.05548357036233268,
                    "Total_PnL": -0.007789193004511773,
                    "delta_t": -0.5152993223873579,
                    "option_price_t": 150.95,
                    "underlying_price_t": 5522.3
                }
            },
            "sv_2024-07-22_2024-10-18": {
                "call": {
                    "start_date": "2024-07-22",
                    "strike": 5500.0,
                    "maturity": "2024-10-18",
                    "units": -0.0008961469826231174,
                    "gamma": 0.0010917744042950835,
                    "vega": 1065.437690645408,
                    "tau": 0.2410958904109589,
                    "delta_t_1": 0.45625905363571034,
                    "option_price_t_1": 132.53,
                    "underlying_t_1": 5436.44,
                    "Option_PnL": -0.04314947721330311,
                    "Delta_PnL": -0.03510602245768122,
                    "Total_PnL": -0.00804345475562189,
                    "delta_t": 0.5360240727918139,
                    "option_price_t": 180.68,
                    "underlying_price_t": 5522.3
                },
                "put": {
                    "start_date": "2024-07-22",
                    "strike": 5500.0,
                    "maturity": "2024-10-18",
                    "units": -0.0008961469826231174,
                    "gamma": 0.0010917744042950835,
                    "vega": 1065.437690645408,
                    "tau": 0.2410958904109589,
                    "delta_t_1": -0.5437409463642897,
                    "option_price_t_1": 196.09,
                    "underlying_t_1": 5436.44,
                    "Option_PnL": 0.033793702714717766,
                    "Delta_PnL": 0.04183715747034017,
                    "Total_PnL": -0.008043454755622403,
                    "delta_t": -0.46397592720818615,
                    "option_price_t": 158.38,
                    "underlying_price_t": 5522.3
                }
            },
            "sv_2024-07-23_2024-10-18": {
                "call": {
                    "start_date": "2024-07-23",
                    "strike": 5550.0,
                    "maturity": "2024-10-18",
                    "units": -0.0008842530673103974,
                    "gamma": 0.0011228338855908625,
                    "vega": 1080.842300037461,
                    "tau": 0.23835616438356164,
                    "delta_t_1": 0.41000630431305285,
                    "option_price_t_1": 112.55,
                    "underlying_t_1": 5436.44,
                    "Option_PnL": -0.03892482002300369,
                    "Delta_PnL": -0.03112848566315733,
                    "Total_PnL": -0.0077963343598463596,
                    "delta_t": 0.4914257702420119,
                    "option_price_t": 156.57,
                    "underlying_price_t": 5522.3
                },
                "put": {
                    "start_date": "2024-07-23",
                    "strike": 5550.0,
                    "maturity": "2024-10-18",
                    "units": -0.0008842530673103974,
                    "gamma": 0.0011228338855908625,
                    "vega": 1080.842300037461,
                    "tau": 0.23835616438356164,
                    "delta_t_1": -0.5899936956869472,
                    "option_price_t_1": 226.11,
                    "underlying_t_1": 5436.44,
                    "Option_PnL": 0.03699714833626703,
                    "Delta_PnL": 0.0447934826961139,
                    "Total_PnL": -0.0077963343598468696,
                    "delta_t": -0.508574229757988,
                    "option_price_t": 184.27,
                    "underlying_price_t": 5522.3
                }
            },
            "sv_2024-07-24_2024-10-18": {
                "call": {
                    "start_date": "2024-07-24",
                    "strike": 5550.0,
                    "maturity": "2024-10-18",
                    "units": -0.000928283075767893,
                    "gamma": 0.0009417589499266909,
                    "vega": 1016.3279026287937,
                    "tau": 0.2356164383561644,
                    "delta_t_1": 0.4093192518484478,
                    "option_price_t_1": 112.55,
                    "underlying_t_1": 5436.44,
                    "Option_PnL": -0.040863020995302646,
                    "Delta_PnL": -0.03262372055184199,
                    "Total_PnL": -0.008239300443460655,
                    "delta_t": 0.49118973128597015,
                    "option_price_t": 156.57,
                    "underlying_price_t": 5522.3
                },
                "put": {
                    "start_date": "2024-07-24",
                    "strike": 5550.0,
                    "maturity": "2024-10-18",
                    "units": -0.000928283075767893,
                    "gamma": 0.0009417589499266909,
                    "vega": 1016.3279026287937,
                    "tau": 0.2356164383561644,
                    "delta_t_1": -0.5906807481515521,
                    "option_price_t_1": 226.11,
                    "underlying_t_1": 5436.44,
                    "Option_PnL": 0.038839363890128646,
                    "Delta_PnL": 0.047078664333589836,
                    "Total_PnL": -0.00823930044346119,
                    "delta_t": -0.5088102687140299,
                    "option_price_t": 184.27,
                    "underlying_price_t": 5522.3
                }
            },
            "sv_2024-07-25_2024-10-18": {
                "call": {
                    "start_date": "2024-07-25",
                    "strike": 5450.0,
                    "maturity": "2024-10-18",
                    "units": -0.000911823811803383,
                    "gamma": 0.0009754014393728186,
                    "vega": 1035.5875900538058,
                    "tau": 0.2328767123287671,
                    "delta_t_1": 0.5023506646895429,
                    "option_price_t_1": 154.91,
                    "underlying_t_1": 5436.44,
                    "Option_PnL": -0.047615439452372656,
                    "Delta_PnL": -0.039328627881058446,
                    "Total_PnL": -0.00828681157131421,
                    "delta_t": 0.581177990991776,
                    "option_price_t": 207.13,
                    "underlying_price_t": 5522.3
                },
                "put": {
                    "start_date": "2024-07-25",
                    "strike": 5450.0,
                    "maturity": "2024-10-18",
                    "units": -0.000911823811803383,
                    "gamma": 0.0009754014393728186,
                    "vega": 1035.5875900538058,
                    "tau": 0.2328767123287671,
                    "delta_t_1": -0.4976493353104571,
                    "option_price_t_1": 168.47,
                    "underlying_t_1": 5436.44,
                    "Option_PnL": 0.03067375302906579,
                    "Delta_PnL": 0.03896056460038055,
                    "Total_PnL": -0.008286811571314757,
                    "delta_t": -0.41882200900822397,
                    "option_price_t": 134.83,
                    "underlying_price_t": 5522.3
                }
            },
            "sv_2024-07-26_2024-10-18": {
                "call": {
                    "start_date": "2024-07-26",
                    "strike": 5400.0,
                    "maturity": "2024-10-18",
                    "units": -0.0009166953008808204,
                    "gamma": 0.0009471733704377239,
                    "vega": 1027.7355573193574,
                    "tau": 0.23013698630136986,
                    "delta_t_1": 0.5502584420467168,
                    "option_price_t_1": 179.73,
                    "underlying_t_1": 5436.44,
                    "Option_PnL": -0.05153660981551972,
                    "Delta_PnL": -0.04330944351017058,
                    "Total_PnL": -0.008227166305349136,
                    "delta_t": 0.6261613530767353,
                    "option_price_t": 235.95,
                    "underlying_price_t": 5522.3
                },
                "put": {
                    "start_date": "2024-07-26",
                    "strike": 5400.0,
                    "maturity": "2024-10-18",
                    "units": -0.0009166953008808204,
                    "gamma": 0.0009471733704377239,
                    "vega": 1027.7355573193574,
                    "tau": 0.23013698630136986,
                    "delta_t_1": -0.4497415579532832,
                    "option_price_t_1": 143.29,
                    "underlying_t_1": 5436.44,
                    "Option_PnL": 0.027170848718107505,
                    "Delta_PnL": 0.03539801502345719,
                    "Total_PnL": -0.008227166305349688,
                    "delta_t": -0.37383864692326474,
                    "option_price_t": 113.65,
                    "underlying_price_t": 5522.3
                }
            },
            "sv_2024-07-29_2024-10-18": {
                "call": {
                    "start_date": "2024-07-29",
                    "strike": 5450.0,
                    "maturity": "2024-10-18",
                    "units": -0.0009228268776977932,
                    "gamma": 0.0009782696679314091,
                    "vega": 1024.2343577240522,
                    "tau": 0.2219178082191781,
                    "delta_t_1": 0.5016702528002428,
                    "option_price_t_1": 154.91,
                    "underlying_t_1": 5436.44,
                    "Option_PnL": -0.04819001955337876,
                    "Delta_PnL": -0.03974929852917061,
                    "Total_PnL": -0.008440721024208148,
                    "delta_t": 0.5823780461675914,
                    "option_price_t": 207.13,
                    "underlying_price_t": 5522.3
                },
                "put": {
                    "start_date": "2024-07-29",
                    "strike": 5450.0,
                    "maturity": "2024-10-18",
                    "units": -0.0009228268776977932,
                    "gamma": 0.0009782696679314091,
                    "vega": 1024.2343577240522,
                    "tau": 0.2219178082191781,
                    "delta_t_1": -0.4983297471997572,
                    "option_price_t_1": 168.47,
                    "underlying_t_1": 5436.44,
                    "Option_PnL": 0.031043896165753752,
                    "Delta_PnL": 0.03948461718996245,
                    "Total_PnL": -0.008440721024208696,
                    "delta_t": -0.41762195383240863,
                    "option_price_t": 134.83,
                    "underlying_price_t": 5522.3
                }
            },
            "sv_2024-07-30_2024-10-18": {
                "call": {
                    "start_date": "2024-07-30",
                    "strike": 5450.0,
                    "maturity": "2024-10-18",
                    "units": -0.0009319843877652446,
                    "gamma": 0.0009858896503636475,
                    "vega": 1015.3602950356175,
                    "tau": 0.2191780821917808,
                    "delta_t_1": 0.5014950710328494,
                    "option_price_t_1": 154.91,
                    "underlying_t_1": 5463.54,
                    "delta_t": 0.582694811769462,
                    "option_price_t": 207.13,
                    "underlying_price_t": 5522.3,
                    "Option_PnL": -0.04866822472910107,
                    "Delta_PnL": -0.02746357648946802,
                    "Total_PnL": -0.021204648239633046
                },
                "put": {
                    "start_date": "2024-07-30",
                    "strike": 5450.0,
                    "maturity": "2024-10-18",
                    "units": -0.0009319843877652446,
                    "gamma": 0.0009858896503636475,
                    "vega": 1015.3602950356175,
                    "tau": 0.2191780821917808,
                    "delta_t_1": -0.4985049289671506,
                    "option_price_t_1": 168.47,
                    "underlying_t_1": 5463.54,
                    "delta_t": -0.41730518823053797,
                    "option_price_t": 134.83,
                    "underlying_price_t": 5522.3,
                    "Option_PnL": 0.031351954804422814,
                    "Delta_PnL": 0.02729982613561795,
                    "Total_PnL": 0.004052128668804864
                }
            },
            "sv_2024-07-31_2024-10-18": {
                "call": {
                    "start_date": "2024-07-31",
                    "strike": 5450.0,
                    "maturity": "2024-10-18",
                    "units": -0.0009360339556054432,
                    "delta_t": 0.5830187106075656,
                    "gamma": 0.0009176022345308521,
                    "vega": 1002.663972461507,
                    "tau": 0.21643835616438356,
                    "option_price_t": 207.13,
                    "underlying_price_t": 5436.44
                },
                "put": {
                    "start_date": "2024-07-31",
                    "strike": 5450.0,
                    "maturity": "2024-10-18",
                    "units": -0.0009360339556054432,
                    "delta_t": -0.4169812893924344,
                    "gamma": 0.0009176022345308521,
                    "vega": 1002.663972461507,
                    "tau": 0.21643835616438356,
                    "option_price_t": 134.83,
                    "underlying_price_t": 5436.44
                }
            }
        }
    }
}