{
    "spx_strategy": {
        "date": "2024-06-05",
        "index_levels": 121.16298492684439,
        "result": {
            "sv_2024-03-18_2024-06-21": {
                "call": {
                    "start_date": "2024-03-18",
                    "strike": 5100.0,
                    "maturity": "2024-06-21",
                    "units": -0.0008870834974966192,
                    "gamma": 0.0009739609385129626,
                    "vega": 1034.3762494340356,
                    "tau": 0.2602739726027397,
                    "delta_t_1": 0.7042662816721151,
                    "option_price_t_1": 200.77,
                    "underlying_t_1": 5291.34,
                    "Option_PnL": -0.05043956766765775,
                    "Delta_PnL": -0.03916513843896447,
                    "Total_PnL": -0.011274429228693282,
                    "delta_t": 0.7570918316252087,
                    "option_price_t": 257.63,
                    "underlying_price_t": 5354.03
                },
                "put": {
                    "start_date": "2024-03-18",
                    "strike": 5100.0,
                    "maturity": "2024-06-21",
                    "units": -0.0008870834974966192,
                    "gamma": 0.0009739609385129626,
                    "vega": 1034.3762494340356,
                    "tau": 0.2602739726027397,
                    "delta_t_1": -0.29573371832788486,
                    "option_price_t_1": 9.43,
                    "underlying_t_1": 5291.34,
                    "Option_PnL": 0.00517169679040529,
                    "Delta_PnL": 0.01644612601909823,
                    "Total_PnL": -0.011274429228692939,
                    "delta_t": -0.24290816837479134,
                    "option_price_t": 3.6,
                    "underlying_price_t": 5354.03
                }
            },
            "sv_2024-03-19_2024-06-21": {
                "call": {
                    "start_date": "2024-03-19",
                    "strike": 5150.0,
                    "maturity": "2024-06-21",
                    "units": -0.0008800002484199574,
                    "gamma": 0.0009813712319653395,
                    "vega": 1042.116018488194,
                    "tau": 0.25753424657534246,
                    "delta_t_1": 0.6576488671040235,
                    "option_price_t_1": 158.64,
                    "underlying_t_1": 5291.34,
                    "Option_PnL": -0.04649921312651055,
                    "Delta_PnL": -0.036280656823160715,
                    "Total_PnL": -0.010218556303349835,
                    "delta_t": 0.7146714655681583,
                    "option_price_t": 211.48,
                    "underlying_price_t": 5354.03
                },
                "put": {
                    "start_date": "2024-03-19",
                    "strike": 5150.0,
                    "maturity": "2024-06-21",
                    "units": -0.0008800002484199574,
                    "gamma": 0.0009813712319653395,
                    "vega": 1042.116018488194,
                    "tau": 0.25753424657534246,
                    "delta_t_1": -0.3423511328959765,
                    "option_price_t_1": 17.3,
                    "underlying_t_1": 5291.34,
                    "Option_PnL": 0.00866800244693658,
                    "Delta_PnL": 0.018886558750286064,
                    "Total_PnL": -0.010218556303349483,
                    "delta_t": -0.2853285344318417,
                    "option_price_t": 7.45,
                    "underlying_price_t": 5354.03
                }
            },
            "sv_2024-03-20_2024-06-21": {
                "call": {
                    "start_date": "2024-03-20",
                    "strike": 5200.0,
                    "maturity": "2024-06-21",
                    "units": -0.0008736765184954098,
                    "gamma": 0.0009667341743078075,
                    "vega": 1046.9224491433522,
                    "tau": 0.2547945205479452,
                    "delta_t_1": 0.6084595026094679,
                    "option_price_t_1": 120.82,
                    "underlying_t_1": 5291.34,
                    "Option_PnL": -0.041394793446312514,
                    "Delta_PnL": -0.03332580213100853,
                    "Total_PnL": -0.008068991315303982,
                    "delta_t": 0.6689843996398281,
                    "option_price_t": 168.2,
                    "underlying_price_t": 5354.03
                },
                "put": {
                    "start_date": "2024-03-20",
                    "strike": 5200.0,
                    "maturity": "2024-06-21",
                    "units": -0.0008736765184954098,
                    "gamma": 0.0009667341743078075,
                    "vega": 1046.9224491433522,
                    "tau": 0.2547945205479452,
                    "delta_t_1": -0.3915404973905321,
                    "option_price_t_1": 29.48,
                    "underlying_t_1": 5291.34,
                    "Option_PnL": 0.013375987498164724,
                    "Delta_PnL": 0.02144497881346836,
                    "Total_PnL": -0.008068991315303635,
                    "delta_t": -0.33101560036017186,
                    "option_price_t": 14.17,
                    "underlying_price_t": 5354.03
                }
            },
            "sv_2024-03-21_2024-06-21": {
                "call": {
                    "start_date": "2024-03-21",
                    "strike": 5200.0,
                    "maturity": "2024-06-21",
                    "units": -0.0008803756336649229,
                    "gamma": 0.0009734222799357483,
                    "vega": 1039.3694316362185,
                    "tau": 0.25205479452054796,
                    "delta_t_1": 0.6088812331863375,
                    "option_price_t_1": 120.82,
                    "underlying_t_1": 5291.34,
                    "Option_PnL": -0.041712197523044045,
                    "Delta_PnL": -0.03360461099160232,
                    "Total_PnL": -0.008107586531441724,
                    "delta_t": 0.6697003496287364,
                    "option_price_t": 168.2,
                    "underlying_price_t": 5354.03
                },
                "put": {
                    "start_date": "2024-03-21",
                    "strike": 5200.0,
                    "maturity": "2024-06-21",
                    "units": -0.0008803756336649229,
                    "gamma": 0.0009734222799357483,
                    "vega": 1039.3694316362185,
                    "tau": 0.25205479452054796,
                    "delta_t_1": -0.39111876681366253,
                    "option_price_t_1": 29.48,
                    "underlying_t_1": 5291.34,
                    "Option_PnL": 0.01347855095140997,
                    "Delta_PnL": 0.021586137482851344,
                    "Total_PnL": -0.008107586531441374,
                    "delta_t": -0.33029965037126363,
                    "option_price_t": 14.17,
                    "underlying_price_t": 5354.03
                }
            },
            "sv_2024-03-22_2024-06-21": {
                "call": {
                    "start_date": "2024-03-22",
                    "strike": 5250.0,
                    "maturity": "2024-06-21",
                    "units": -0.0008783294061808849,
                    "gamma": 0.0009880753105154989,
                    "vega": 1042.6364819337598,
                    "tau": 0.2493150684931507,
                    "delta_t_1": 0.5575744146843755,
                    "option_price_t_1": 88.27,
                    "underlying_t_1": 5291.34,
                    "Option_PnL": -0.03573044024343839,
                    "Delta_PnL": -0.03070142474532594,
                    "Total_PnL": -0.005029015498112448,
                    "delta_t": 0.621075584503296,
                    "option_price_t": 128.95,
                    "underlying_price_t": 5354.03
                },
                "put": {
                    "start_date": "2024-03-22",
                    "strike": 5250.0,
                    "maturity": "2024-06-21",
                    "units": -0.0008783294061808849,
                    "gamma": 0.0009880753105154989,
                    "vega": 1042.6364819337598,
                    "tau": 0.2493150684931507,
                    "delta_t_1": -0.4424255853156245,
                    "option_price_t_1": 46.93,
                    "underlying_t_1": 5291.34,
                    "Option_PnL": 0.019332030230041274,
                    "Delta_PnL": 0.02436104572815338,
                    "Total_PnL": -0.005029015498112105,
                    "delta_t": -0.37892441549670397,
                    "option_price_t": 24.92,
                    "underlying_price_t": 5354.03
                }
            },
            "sv_2024-03-25_2024-06-21": {
                "call": {
                    "start_date": "2024-03-25",
                    "strike": 5250.0,
                    "maturity": "2024-06-21",
                    "units": -0.0008990160659115273,
                    "gamma": 0.0010066991942123571,
                    "vega": 1021.2660515602986,
                    "tau": 0.2410958904109589,
                    "delta_t_1": 0.5580635443678107,
                    "option_price_t_1": 88.27,
                    "underlying_t_1": 5291.34,
                    "Option_PnL": -0.036571973561280925,
                    "Delta_PnL": -0.03145208029915219,
                    "Total_PnL": -0.005119893262128736,
                    "delta_t": 0.6225975697171975,
                    "option_price_t": 128.95,
                    "underlying_price_t": 5354.03
                },
                "put": {
                    "start_date": "2024-03-25",
                    "strike": 5250.0,
                    "maturity": "2024-06-21",
                    "units": -0.0008990160659115273,
                    "gamma": 0.0010066991942123571,
                    "vega": 1021.2660515602986,
                    "tau": 0.2410958904109589,
                    "delta_t_1": -0.4419364556321893,
                    "option_price_t_1": 46.93,
                    "underlying_t_1": 5291.34,
                    "Option_PnL": 0.019787343610712715,
                    "Delta_PnL": 0.024907236872841097,
                    "Total_PnL": -0.005119893262128382,
                    "delta_t": -0.3774024302828025,
                    "option_price_t": 24.92,
                    "underlying_price_t": 5354.03
                }
            },
            "sv_2024-03-26_2024-06-21": {
                "call": {
                    "start_date": "2024-03-26",
                    "strike": 5200.0,
                    "maturity": "2024-06-21",
                    "units": -0.0009079490074106857,
                    "gamma": 0.0010122507559291477,
                    "vega": 1012.3888523247844,
                    "tau": 0.23835616438356164,
                    "delta_t_1": 0.6111087021430737,
                    "option_price_t_1": 120.82,
                    "underlying_t_1": 5291.34,
                    "Option_PnL": -0.04301862397111828,
                    "Delta_PnL": -0.03478389377318789,
                    "Total_PnL": -0.00823473019793039,
                    "delta_t": 0.6734653025738623,
                    "option_price_t": 168.2,
                    "underlying_price_t": 5354.03
                },
                "put": {
                    "start_date": "2024-03-26",
                    "strike": 5200.0,
                    "maturity": "2024-06-21",
                    "units": -0.0009079490074106857,
                    "gamma": 0.0010122507559291477,
                    "vega": 1012.3888523247844,
                    "tau": 0.23835616438356164,
                    "delta_t_1": -0.38889129785692633,
                    "option_price_t_1": 29.48,
                    "underlying_t_1": 5291.34,
                    "Option_PnL": 0.013900699303457598,
                    "Delta_PnL": 0.022135429501387627,
                    "Total_PnL": -0.00823473019793003,
                    "delta_t": -0.3265346974261377,
                    "option_price_t": 14.17,
                    "underlying_price_t": 5354.03
                }
            },
            "sv_2024-03-27_2024-06-21": {
                "call": {
                    "start_date": "2024-03-27",
                    "strike": 5200.0,
                    "maturity": "2024-06-21",
                    "units": -0.0009171765748180482,
                    "gamma": 0.0010456218028914873,
                    "vega": 1002.5693329785686,
                    "tau": 0.2356164383561644,
                    "delta_t_1": 0.611579561574538,
                    "option_price_t_1": 120.82,
                    "underlying_t_1": 5291.34,
                    "Option_PnL": -0.04345582611487912,
                    "Delta_PnL": -0.035164478994631015,
                    "Total_PnL": -0.008291347120248108,
                    "delta_t": 0.6742577142537138,
                    "option_price_t": 168.2,
                    "underlying_price_t": 5354.03
                },
                "put": {
                    "start_date": "2024-03-27",
                    "strike": 5200.0,
                    "maturity": "2024-06-21",
                    "units": -0.0009171765748180482,
                    "gamma": 0.0010456218028914873,
                    "vega": 1002.5693329785686,
                    "tau": 0.2356164383561644,
                    "delta_t_1": -0.38842043842546203,
                    "option_price_t_1": 29.48,
                    "underlying_t_1": 5291.34,
                    "Option_PnL": 0.014041973360464319,
                    "Delta_PnL": 0.022333320480712057,
                    "Total_PnL": -0.008291347120247738,
                    "delta_t": -0.32574228574628616,
                    "option_price_t": 14.17,
                    "underlying_price_t": 5354.03
                }
            },
            "sv_2024-03-28_2024-06-21": {
                "call": {
                    "start_date": "2024-03-28",
                    "strike": 5250.0,
                    "maturity": "2024-06-21",
                    "units": -0.0009111408544521202,
                    "gamma": 0.0010816374047027328,
                    "vega": 1010.4505035382386,
                    "tau": 0.2328767123287671,
                    "delta_t_1": 0.5585865964769243,
                    "option_price_t_1": 88.27,
                    "underlying_t_1": 5291.34,
                    "Option_PnL": -0.03706520995911224,
                    "Delta_PnL": -0.0319061425030396,
                    "Total_PnL": -0.005159067456072641,
                    "delta_t": 0.624205401133961,
                    "option_price_t": 128.95,
                    "underlying_price_t": 5354.03
                },
                "put": {
                    "start_date": "2024-03-28",
                    "strike": 5250.0,
                    "maturity": "2024-06-21",
                    "units": -0.0009111408544521202,
                    "gamma": 0.0010816374047027328,
                    "vega": 1010.4505035382386,
                    "tau": 0.2328767123287671,
                    "delta_t_1": -0.4414134035230757,
                    "option_price_t_1": 46.93,
                    "underlying_t_1": 5291.34,
                    "Option_PnL": 0.020054210206491164,
                    "Delta_PnL": 0.025213277662563444,
                    "Total_PnL": -0.0051590674560722805,
                    "delta_t": -0.37579459886603905,
                    "option_price_t": 24.92,
                    "underlying_price_t": 5354.03
                }
            },
            "sv_2024-04-01_2024-06-21": {
                "call": {
                    "start_date": "2024-04-01",
                    "strike": 5250.0,
                    "maturity": "2024-06-21",
                    "units": -0.0009371348315038856,
                    "gamma": 0.0011131775223664924,
                    "vega": 985.3455332798578,
                    "tau": 0.2219178082191781,
                    "delta_t_1": 0.5593423814423961,
                    "option_price_t_1": 88.27,
                    "underlying_t_1": 5291.34,
                    "Option_PnL": -0.03812264494557806,
                    "Delta_PnL": -0.032860795827518254,
                    "Total_PnL": -0.005261849118059804,
                    "delta_t": 0.6264961830615193,
                    "option_price_t": 128.95,
                    "underlying_price_t": 5354.03
                },
                "put": {
                    "start_date": "2024-04-01",
                    "strike": 5250.0,
                    "maturity": "2024-06-21",
                    "units": -0.0009371348315038856,
                    "gamma": 0.0011131775223664924,
                    "vega": 985.3455332798578,
                    "tau": 0.2219178082191781,
                    "delta_t_1": -0.4406576185576039,
                    "option_price_t_1": 46.93,
                    "underlying_t_1": 5291.34,
                    "Option_PnL": 0.020626337641400518,
                    "Delta_PnL": 0.025888186759459954,
                    "Total_PnL": -0.005261849118059436,
                    "delta_t": -0.37350381693848067,
                    "option_price_t": 24.92,
                    "underlying_price_t": 5354.03
                }
            },
            "sv_2024-04-02_2024-06-21": {
                "call": {
                    "start_date": "2024-04-02",
                    "strike": 5250.0,
                    "maturity": "2024-06-21",
                    "units": -0.0009552236664091807,
                    "gamma": 0.0011125848735748472,
                    "vega": 968.4579189035633,
                    "tau": 0.2191780821917808,
                    "delta_t_1": 0.559542652297986,
                    "option_price_t_1": 88.27,
                    "underlying_t_1": 5291.34,
                    "Option_PnL": -0.03885849874952547,
                    "Delta_PnL": -0.033507076782954434,
                    "Total_PnL": -0.005351421966571034,
                    "delta_t": 0.627097278722125,
                    "option_price_t": 128.95,
                    "underlying_price_t": 5354.03
                },
                "put": {
                    "start_date": "2024-04-02",
                    "strike": 5250.0,
                    "maturity": "2024-06-21",
                    "units": -0.0009552236664091807,
                    "gamma": 0.0011125848735748472,
                    "vega": 968.4579189035633,
                    "tau": 0.2191780821917808,
                    "delta_t_1": -0.44045734770201395,
                    "option_price_t_1": 46.93,
                    "underlying_t_1": 5291.34,
                    "Option_PnL": 0.021024472897666065,
                    "Delta_PnL": 0.026375894864236717,
                    "Total_PnL": -0.005351421966570652,
                    "delta_t": -0.37290272127787505,
                    "option_price_t": 24.92,
                    "underlying_price_t": 5354.03
                }
            },
            "sv_2024-04-03_2024-06-21": {
                "call": {
                    "start_date": "2024-04-03",
                    "strike": 5200.0,
                    "maturity": "2024-06-21",
                    "units": -0.0009597371106017658,
                    "gamma": 0.0011380651301806377,
                    "vega": 965.1180209893602,
                    "tau": 0.21643835616438356,
                    "delta_t_1": 0.6151442945450328,
                    "option_price_t_1": 120.82,
                    "underlying_t_1": 5291.34,
                    "Option_PnL": -0.04547234430031166,
                    "Delta_PnL": -0.03701072208410444,
                    "Total_PnL": -0.00846162221620722,
                    "delta_t": 0.6802197286143936,
                    "option_price_t": 168.2,
                    "underlying_price_t": 5354.03
                },
                "put": {
                    "start_date": "2024-04-03",
                    "strike": 5200.0,
                    "maturity": "2024-06-21",
                    "units": -0.0009597371106017658,
                    "gamma": 0.0011380651301806377,
                    "vega": 965.1180209893602,
                    "tau": 0.21643835616438356,
                    "delta_t_1": -0.38485570545496717,
                    "option_price_t_1": 29.48,
                    "underlying_t_1": 5291.34,
                    "Option_PnL": 0.014693575163313035,
                    "Delta_PnL": 0.023155197379519876,
                    "Total_PnL": -0.00846162221620684,
                    "delta_t": -0.3197802713856064,
                    "option_price_t": 14.17,
                    "underlying_price_t": 5354.03
                }
            },
            "sv_2024-04-04_2024-06-21": {
                "call": {
                    "start_date": "2024-04-04",
                    "strike": 5200.0,
                    "maturity": "2024-06-21",
                    "units": -0.000981375347513218,
                    "gamma": 0.0010975106686208888,
                    "vega": 943.5007800018799,
                    "tau": 0.2136986301369863,
                    "delta_t_1": 0.615695577010004,
                    "option_price_t_1": 120.82,
                    "underlying_t_1": 5291.34,
                    "Option_PnL": -0.04649756396517626,
                    "Delta_PnL": -0.03787908221072035,
                    "Total_PnL": -0.008618481754455905,
                    "delta_t": 0.6811360996932789,
                    "option_price_t": 168.2,
                    "underlying_price_t": 5354.03
                },
                "put": {
                    "start_date": "2024-04-04",
                    "strike": 5200.0,
                    "maturity": "2024-06-21",
                    "units": -0.000981375347513218,
                    "gamma": 0.0010975106686208888,
                    "vega": 943.5007800018799,
                    "tau": 0.2136986301369863,
                    "delta_t_1": -0.384304422989996,
                    "option_price_t_1": 29.48,
                    "underlying_t_1": 5291.34,
                    "Option_PnL": 0.015024856570427366,
                    "Delta_PnL": 0.023643338324882884,
                    "Total_PnL": -0.008618481754455518,
                    "delta_t": -0.31886390030672107,
                    "option_price_t": 14.17,
                    "underlying_price_t": 5354.03
                }
            },
            "sv_2024-04-05_2024-06-21": {
                "call": {
                    "start_date": "2024-04-05",
                    "strike": 5150.0,
                    "maturity": "2024-06-21",
                    "units": -0.0009905717778015287,
                    "gamma": 0.0011724863145422028,
                    "vega": 935.5278544904623,
                    "tau": 0.21095890410958903,
                    "delta_t_1": 0.6705103593283173,
                    "option_price_t_1": 158.64,
                    "underlying_t_1": 5291.34,
                    "Option_PnL": -0.05234181273903278,
                    "Delta_PnL": -0.041637985758484895,
                    "Total_PnL": -0.010703826980547886,
                    "delta_t": 0.7321231958477418,
                    "option_price_t": 211.48,
                    "underlying_price_t": 5354.03
                },
                "put": {
                    "start_date": "2024-04-05",
                    "strike": 5150.0,
                    "maturity": "2024-06-21",
                    "units": -0.0009905717778015287,
                    "gamma": 0.0011724863145422028,
                    "vega": 935.5278544904623,
                    "tau": 0.21095890410958903,
                    "delta_t_1": -0.32948964067168274,
                    "option_price_t_1": 17.3,
                    "underlying_t_1": 5291.34,
                    "Option_PnL": 0.009757132011345059,
                    "Delta_PnL": 0.02046095899189254,
                    "Total_PnL": -0.010703826980547483,
                    "delta_t": -0.26787680415225823,
                    "option_price_t": 7.45,
                    "underlying_price_t": 5354.03
                }
            },
            "sv_2024-04-08_2024-06-21": {
                "call": {
                    "start_date": "2024-04-08",
                    "strike": 5200.0,
                    "maturity": "2024-06-21",
                    "units": -0.0009945784370253077,
                    "gamma": 0.0012182675514040117,
                    "vega": 933.8051399681636,
                    "tau": 0.20273972602739726,
                    "delta_t_1": 0.61801976910364,
                    "option_price_t_1": 120.82,
                    "underlying_t_1": 5291.34,
                    "Option_PnL": -0.04712312634625908,
                    "Delta_PnL": -0.038533608136205856,
                    "Total_PnL": -0.008589518210053222,
                    "delta_t": 0.6849835899816575,
                    "option_price_t": 168.2,
                    "underlying_price_t": 5354.03
                },
                "put": {
                    "start_date": "2024-04-08",
                    "strike": 5200.0,
                    "maturity": "2024-06-21",
                    "units": -0.0009945784370253077,
                    "gamma": 0.0012182675514040117,
                    "vega": 933.8051399681636,
                    "tau": 0.20273972602739726,
                    "delta_t_1": -0.38198023089636,
                    "option_price_t_1": 29.48,
                    "underlying_t_1": 5291.34,
                    "Option_PnL": 0.015226995870857463,
                    "Delta_PnL": 0.023816514080910293,
                    "Total_PnL": -0.00858951821005283,
                    "delta_t": -0.31501641001834246,
                    "option_price_t": 14.17,
                    "underlying_price_t": 5354.03
                }
            },
            "sv_2024-04-09_2024-06-21": {
                "call": {
                    "start_date": "2024-04-09",
                    "strike": 5200.0,
                    "maturity": "2024-06-21",
                    "units": -0.0010015269586571905,
                    "gamma": 0.001231480985360744,
                    "vega": 927.7444827141704,
                    "tau": 0.2,
                    "delta_t_1": 0.618632595082445,
                    "option_price_t_1": 120.82,
                    "underlying_t_1": 5291.34,
                    "Option_PnL": -0.04745234730117768,
                    "Delta_PnL": -0.03884129601452618,
                    "Total_PnL": -0.008611051286651496,
                    "delta_t": 0.6859938775520404,
                    "option_price_t": 168.2,
                    "underlying_price_t": 5354.03
                },
                "put": {
                    "start_date": "2024-04-09",
                    "strike": 5200.0,
                    "maturity": "2024-06-21",
                    "units": -0.0010015269586571905,
                    "gamma": 0.001231480985360744,
                    "vega": 927.7444827141704,
                    "tau": 0.2,
                    "delta_t_1": -0.38136740491755505,
                    "option_price_t_1": 29.48,
                    "underlying_t_1": 5291.34,
                    "Option_PnL": 0.015333377737041586,
                    "Delta_PnL": 0.023944429023692693,
                    "Total_PnL": -0.008611051286651107,
                    "delta_t": -0.31400612244795956,
                    "option_price_t": 14.17,
                    "underlying_price_t": 5354.03
                }
            },
            "sv_2024-04-10_2024-06-21": {
                "call": {
                    "start_date": "2024-04-10",
                    "strike": 5200.0,
                    "maturity": "2024-06-21",
                    "units": -0.0010214335183883422,
                    "gamma": 0.0012105458112976464,
                    "vega": 910.8900154231275,
                    "tau": 0.19726027397260273,
                    "delta_t_1": 0.6192590041278301,
                    "option_price_t_1": 120.82,
                    "underlying_t_1": 5291.34,
                    "Option_PnL": -0.048395520101239646,
                    "Delta_PnL": -0.03965342502288884,
                    "Total_PnL": -0.008742095078350803,
                    "delta_t": 0.6870247884152307,
                    "option_price_t": 168.2,
                    "underlying_price_t": 5354.03
                },
                "put": {
                    "start_date": "2024-04-10",
                    "strike": 5200.0,
                    "maturity": "2024-06-21",
                    "units": -0.0010214335183883422,
                    "gamma": 0.0012105458112976464,
                    "vega": 910.8900154231275,
                    "tau": 0.19726027397260273,
                    "delta_t_1": -0.3807409958721699,
                    "option_price_t_1": 29.48,
                    "underlying_t_1": 5291.34,
                    "Option_PnL": 0.01563814716652552,
                    "Delta_PnL": 0.02438024224487593,
                    "Total_PnL": -0.008742095078350408,
                    "delta_t": -0.31297521158476926,
                    "option_price_t": 14.17,
                    "underlying_price_t": 5354.03
                }
            },
            "sv_2024-04-11_2024-06-21": {
                "call": {
                    "start_date": "2024-04-11",
                    "strike": 5150.0,
                    "maturity": "2024-06-21",
                    "units": -0.001029842921567602,
                    "gamma": 0.0011814040408492938,
                    "vega": 900.0304828175445,
                    "tau": 0.19452054794520549,
                    "delta_t_1": 0.6761287920708344,
                    "option_price_t_1": 158.64,
                    "underlying_t_1": 5291.34,
                    "Option_PnL": -0.054416899975632094,
                    "Delta_PnL": -0.04365145138699795,
                    "Total_PnL": -0.010765448588634145,
                    "delta_t": 0.7396257976204702,
                    "option_price_t": 211.48,
                    "underlying_price_t": 5354.03
                },
                "put": {
                    "start_date": "2024-04-11",
                    "strike": 5150.0,
                    "maturity": "2024-06-21",
                    "units": -0.001029842921567602,
                    "gamma": 0.0011814040408492938,
                    "vega": 900.0304828175445,
                    "tau": 0.19452054794520549,
                    "delta_t_1": -0.32387120792916557,
                    "option_price_t_1": 17.3,
                    "underlying_t_1": 5291.34,
                    "Option_PnL": 0.01014395277744088,
                    "Delta_PnL": 0.020909401366074602,
                    "Total_PnL": -0.010765448588633722,
                    "delta_t": -0.2603742023795298,
                    "option_price_t": 7.45,
                    "underlying_price_t": 5354.03
                }
            },
            "sv_2024-04-12_2024-06-21": {
                "call": {
                    "start_date": "2024-04-12",
                    "strike": 5200.0,
                    "maturity": "2024-06-21",
                    "units": -0.0010541952142451958,
                    "gamma": 0.0011405521937291583,
                    "vega": 879.4761158509014,
                    "tau": 0.1917808219178082,
                    "delta_t_1": 0.6205544853738006,
                    "option_price_t_1": 120.82,
                    "underlying_t_1": 5291.34,
                    "Option_PnL": -0.04994776925093737,
                    "Delta_PnL": -0.04101089329926072,
                    "Total_PnL": -0.008936875951676651,
                    "delta_t": 0.6891512270051844,
                    "option_price_t": 168.2,
                    "underlying_price_t": 5354.03
                },
                "put": {
                    "start_date": "2024-04-12",
                    "strike": 5200.0,
                    "maturity": "2024-06-21",
                    "units": -0.0010541952142451958,
                    "gamma": 0.0011405521937291583,
                    "vega": 879.4761158509014,
                    "tau": 0.1917808219178082,
                    "delta_t_1": -0.37944551462619935,
                    "option_price_t_1": 29.48,
                    "underlying_t_1": 5291.34,
                    "Option_PnL": 0.016139728730093946,
                    "Delta_PnL": 0.02507660468177018,
                    "Total_PnL": -0.008936875951676235,
                    "delta_t": -0.3108487729948156,
                    "option_price_t": 14.17,
                    "underlying_price_t": 5354.03
                }
            },
            "sv_2024-04-15_2024-06-21": {
                "call": {
                    "start_date": "2024-04-15",
                    "strike": 5100.0,
                    "maturity": "2024-06-21",
                    "units": -0.0010803540821543473,
                    "gamma": 0.0011750225025710184,
                    "vega": 862.4904545573658,
                    "tau": 0.18356164383561643,
                    "delta_t_1": 0.7343964185694545,
                    "option_price_t_1": 200.77,
                    "underlying_t_1": 5291.34,
                    "Option_PnL": -0.06142893311129617,
                    "Delta_PnL": -0.04973875809712186,
                    "Total_PnL": -0.011690175014174312,
                    "delta_t": 0.7930395874857694,
                    "option_price_t": 257.63,
                    "underlying_price_t": 5354.03
                },
                "put": {
                    "start_date": "2024-04-15",
                    "strike": 5100.0,
                    "maturity": "2024-06-21",
                    "units": -0.0010803540821543473,
                    "gamma": 0.0011750225025710184,
                    "vega": 862.4904545573658,
                    "tau": 0.18356164383561643,
                    "delta_t_1": -0.2656035814305455,
                    "option_price_t_1": 9.43,
                    "underlying_t_1": 5291.34,
                    "Option_PnL": 0.006298464298959845,
                    "Delta_PnL": 0.017988639313133742,
                    "Total_PnL": -0.011690175014173897,
                    "delta_t": -0.20696041251423059,
                    "option_price_t": 3.6,
                    "underlying_price_t": 5354.03
                }
            },
            "sv_2024-04-16_2024-06-21": {
                "call": {
                    "start_date": "2024-04-16",
                    "strike": 5050.0,
                    "maturity": "2024-06-21",
                    "units": -0.0010903635552502186,
                    "gamma": 0.001188649203915714,
                    "vega": 856.3364771425273,
                    "tau": 0.18082191780821918,
                    "delta_t_1": 0.7854841218700034,
                    "option_price_t_1": 246.09,
                    "underlying_t_1": 5291.34,
                    "Option_PnL": -0.06490934244404552,
                    "Delta_PnL": -0.05369168175151877,
                    "Total_PnL": -0.011217660692526749,
                    "delta_t": 0.8372569281526814,
                    "option_price_t": 305.62,
                    "underlying_price_t": 5354.03
                },
                "put": {
                    "start_date": "2024-04-16",
                    "strike": 5050.0,
                    "maturity": "2024-06-21",
                    "units": -0.0010903635552502186,
                    "gamma": 0.001188649203915714,
                    "vega": 856.3364771425273,
                    "tau": 0.18082191780821918,
                    "delta_t_1": -0.21451587812999662,
                    "option_price_t_1": 4.75,
                    "underlying_t_1": 5291.34,
                    "Option_PnL": 0.003445548834590691,
                    "Delta_PnL": 0.014663209527117,
                    "Total_PnL": -0.011217660692526308,
                    "delta_t": -0.16274307184731862,
                    "option_price_t": 1.59,
                    "underlying_price_t": 5354.03
                }
            },
            "sv_2024-04-17_2024-06-21": {
                "call": {
                    "start_date": "2024-04-17",
                    "strike": 5050.0,
                    "maturity": "2024-06-21",
                    "units": -0.001110417804104039,
                    "gamma": 0.0012238684347694413,
                    "vega": 844.3284572479419,
                    "tau": 0.1780821917808219,
                    "delta_t_1": 0.7871121301281259,
                    "option_price_t_1": 246.09,
                    "underlying_t_1": 5291.34,
                    "Option_PnL": -0.06610317187831345,
                    "Delta_PnL": -0.054792522126425436,
                    "Total_PnL": -0.011310649751888016,
                    "delta_t": 0.8389893098963729,
                    "option_price_t": 305.62,
                    "underlying_price_t": 5354.03
                },
                "put": {
                    "start_date": "2024-04-17",
                    "strike": 5050.0,
                    "maturity": "2024-06-21",
                    "units": -0.001110417804104039,
                    "gamma": 0.0012238684347694413,
                    "vega": 844.3284572479419,
                    "tau": 0.1780821917808219,
                    "delta_t_1": -0.21288786987187414,
                    "option_price_t_1": 4.75,
                    "underlying_t_1": 5291.34,
                    "Option_PnL": 0.0035089202609687635,
                    "Delta_PnL": 0.01481957001285633,
                    "Total_PnL": -0.011310649751887565,
                    "delta_t": -0.16101069010362712,
                    "option_price_t": 1.59,
                    "underlying_price_t": 5354.03
                }
            },
            "sv_2024-04-18_2024-06-21": {
                "call": {
                    "start_date": "2024-04-18",
                    "strike": 5000.0,
                    "maturity": "2024-06-21",
                    "units": -0.0011255224005662433,
                    "gamma": 0.0012440160707474775,
                    "vega": 835.2603060942655,
                    "tau": 0.17534246575342466,
                    "delta_t_1": 0.8331529199561132,
                    "option_price_t_1": 293.53,
                    "underlying_t_1": 5291.34,
                    "Option_PnL": -0.06881443957062017,
                    "Delta_PnL": -0.05878643628889233,
                    "Total_PnL": -0.010028003281727836,
                    "delta_t": 0.8774209025349555,
                    "option_price_t": 354.67,
                    "underlying_price_t": 5354.03
                },
                "put": {
                    "start_date": "2024-04-18",
                    "strike": 5000.0,
                    "maturity": "2024-06-21",
                    "units": -0.0011255224005662433,
                    "gamma": 0.0012440160707474775,
                    "vega": 835.2603060942655,
                    "tau": 0.17534246575342466,
                    "delta_t_1": -0.16684708004388682,
                    "option_price_t_1": 2.19,
                    "underlying_t_1": 5291.34,
                    "Option_PnL": 0.001744559720877677,
                    "Delta_PnL": 0.01177256300260501,
                    "Total_PnL": -0.010028003281727333,
                    "delta_t": -0.12257909746504447,
                    "option_price_t": 0.64,
                    "underlying_price_t": 5354.03
                }
            },
            "sv_2024-04-19_2024-06-21": {
                "call": {
                    "start_date": "2024-04-19",
                    "strike": 5000.0,
                    "maturity": "2024-06-21",
                    "units": -0.0011429739553196648,
                    "gamma": 0.001285085029340841,
                    "vega": 821.0093007443548,
                    "tau": 0.1726027397260274,
                    "delta_t_1": 0.8349383478605559,
                    "option_price_t_1": 293.53,
                    "underlying_t_1": 5291.34,
                    "Option_PnL": -0.06988142762824436,
                    "Delta_PnL": -0.059825868548211404,
                    "Total_PnL": -0.010055559080032951,
                    "delta_t": 0.8791808699790868,
                    "option_price_t": 354.67,
                    "underlying_price_t": 5354.03
                },
                "put": {
                    "start_date": "2024-04-19",
                    "strike": 5000.0,
                    "maturity": "2024-06-21",
                    "units": -0.0011429739553196648,
                    "gamma": 0.001285085029340841,
                    "vega": 821.0093007443548,
                    "tau": 0.1726027397260274,
                    "delta_t_1": -0.16506165213944413,
                    "option_price_t_1": 2.19,
                    "underlying_t_1": 5291.34,
                    "Option_PnL": 0.00177160963074548,
                    "Delta_PnL": 0.011827168710777927,
                    "Total_PnL": -0.010055559080032446,
                    "delta_t": -0.12081913002091316,
                    "option_price_t": 0.64,
                    "underlying_price_t": 5354.03
                }
            },
            "sv_2024-04-22_2024-07-19": {
                "call": {
                    "start_date": "2024-04-22",
                    "strike": 4950.0,
                    "maturity": "2024-07-19",
                    "units": -0.0009773208530843484,
                    "gamma": 0.001042382510748607,
                    "vega": 962.083017255965,
                    "tau": 0.2410958904109589,
                    "delta_t_1": 0.8354179573621204,
                    "option_price_t_1": 352.78,
                    "underlying_t_1": 5291.34,
                    "Option_PnL": -0.056440279265621125,
                    "Delta_PnL": -0.0511845914874419,
                    "Total_PnL": -0.005255687778179224,
                    "delta_t": 0.8733980836062067,
                    "option_price_t": 410.53,
                    "underlying_price_t": 5354.03
                },
                "put": {
                    "start_date": "2024-04-22",
                    "strike": 4950.0,
                    "maturity": "2024-07-19",
                    "units": -0.0009773208530843484,
                    "gamma": 0.001042382510748607,
                    "vega": 962.083017255965,
                    "tau": 0.2410958904109589,
                    "delta_t_1": -0.16458204263787957,
                    "option_price_t_1": 11.44,
                    "underlying_t_1": 5291.34,
                    "Option_PnL": 0.0048279650142366804,
                    "Delta_PnL": 0.010083652792415514,
                    "Total_PnL": -0.005255687778178833,
                    "delta_t": -0.12660191639379326,
                    "option_price_t": 6.5,
                    "underlying_price_t": 5354.03
                }
            },
            "sv_2024-04-23_2024-07-19": {
                "call": {
                    "start_date": "2024-04-23",
                    "strike": 5000.0,
                    "maturity": "2024-07-19",
                    "units": -0.0009735985352834306,
                    "gamma": 0.0009938422209287844,
                    "vega": 963.989674679371,
                    "tau": 0.23835616438356164,
                    "delta_t_1": 0.7991107319754555,
                    "option_price_t_1": 308.65,
                    "underlying_t_1": 5291.34,
                    "Option_PnL": -0.05417102250317012,
                    "Delta_PnL": -0.048773637363539846,
                    "Total_PnL": -0.005397385139630277,
                    "delta_t": 0.8428194204999455,
                    "option_price_t": 364.29,
                    "underlying_price_t": 5354.03
                },
                "put": {
                    "start_date": "2024-04-23",
                    "strike": 5000.0,
                    "maturity": "2024-07-19",
                    "units": -0.0009735985352834306,
                    "gamma": 0.0009938422209287844,
                    "vega": 963.989674679371,
                    "tau": 0.23835616438356164,
                    "delta_t_1": -0.20088926802454454,
                    "option_price_t_1": 17.31,
                    "underlying_t_1": 5291.34,
                    "Option_PnL": 0.006863869673748185,
                    "Delta_PnL": 0.012261254813378033,
                    "Total_PnL": -0.005397385139629848,
                    "delta_t": -0.15718057950005448,
                    "option_price_t": 10.26,
                    "underlying_price_t": 5354.03
                }
            },
            "sv_2024-04-24_2024-07-19": {
                "call": {
                    "start_date": "2024-04-24",
                    "strike": 5050.0,
                    "maturity": "2024-07-19",
                    "units": -0.000963339415282953,
                    "gamma": 0.0010529471488420694,
                    "vega": 977.7209300639571,
                    "tau": 0.2356164383561644,
                    "delta_t_1": 0.7583377668895619,
                    "option_price_t_1": 266.68,
                    "underlying_t_1": 5291.34,
                    "Option_PnL": -0.05104735561584369,
                    "Delta_PnL": -0.04579734327447694,
                    "Total_PnL": -0.005250012341366753,
                    "delta_t": 0.8077150801218964,
                    "option_price_t": 319.67,
                    "underlying_price_t": 5354.03
                },
                "put": {
                    "start_date": "2024-04-24",
                    "strike": 5050.0,
                    "maturity": "2024-07-19",
                    "units": -0.000963339415282953,
                    "gamma": 0.0010529471488420694,
                    "vega": 977.7209300639571,
                    "tau": 0.2356164383561644,
                    "delta_t_1": -0.2416622331104381,
                    "option_price_t_1": 25.34,
                    "underlying_t_1": 5291.34,
                    "Option_PnL": 0.009344392328244643,
                    "Delta_PnL": 0.014594404669611,
                    "Total_PnL": -0.005250012341366357,
                    "delta_t": -0.1922849198781036,
                    "option_price_t": 15.64,
                    "underlying_price_t": 5354.03
                }
            },
            "sv_2024-04-25_2024-07-19": {
                "call": {
                    "start_date": "2024-04-25",
                    "strike": 5050.0,
                    "maturity": "2024-07-19",
                    "units": -0.0009696217237000927,
                    "gamma": 0.0010645988830577874,
                    "vega": 971.3905501669482,
                    "tau": 0.2328767123287671,
                    "delta_t_1": 0.7594912306691256,
                    "option_price_t_1": 266.68,
                    "underlying_t_1": 5291.34,
                    "Option_PnL": -0.051380255138867924,
                    "Delta_PnL": -0.04616611941081224,
                    "Total_PnL": -0.005214135728055687,
                    "delta_t": 0.8089945561366518,
                    "option_price_t": 319.67,
                    "underlying_price_t": 5354.03
                },
                "put": {
                    "start_date": "2024-04-25",
                    "strike": 5050.0,
                    "maturity": "2024-07-19",
                    "units": -0.0009696217237000927,
                    "gamma": 0.0010645988830577874,
                    "vega": 971.3905501669482,
                    "tau": 0.2328767123287671,
                    "delta_t_1": -0.2405087693308744,
                    "option_price_t_1": 25.34,
                    "underlying_t_1": 5291.34,
                    "Option_PnL": 0.009405330719890899,
                    "Delta_PnL": 0.014619466447946192,
                    "Total_PnL": -0.005214135728055293,
                    "delta_t": -0.19100544386334817,
                    "option_price_t": 15.64,
                    "underlying_price_t": 5354.03
                }
            },
            "sv_2024-04-26_2024-07-19": {
                "call": {
                    "start_date": "2024-04-26",
                    "strike": 5050.0,
                    "maturity": "2024-07-19",
                    "units": -0.0009773266770969396,
                    "gamma": 0.0010186895453930507,
                    "vega": 962.3880532768436,
                    "tau": 0.23013698630136986,
                    "delta_t_1": 0.7606629011651473,
                    "option_price_t_1": 266.68,
                    "underlying_t_1": 5291.34,
                    "Option_PnL": -0.051788540619366843,
                    "Delta_PnL": -0.04660475816682687,
                    "Total_PnL": -0.005183782452539976,
                    "delta_t": 0.8102920958045228,
                    "option_price_t": 319.67,
                    "underlying_price_t": 5354.03
                },
                "put": {
                    "start_date": "2024-04-26",
                    "strike": 5050.0,
                    "maturity": "2024-07-19",
                    "units": -0.0009773266770969396,
                    "gamma": 0.0010186895453930507,
                    "vega": 962.3880532768436,
                    "tau": 0.23013698630136986,
                    "delta_t_1": -0.23933709883485266,
                    "option_price_t_1": 25.34,
                    "underlying_t_1": 5291.34,
                    "Option_PnL": 0.009480068767840313,
                    "Delta_PnL": 0.014663851220379885,
                    "Total_PnL": -0.005183782452539571,
                    "delta_t": -0.18970790419547723,
                    "option_price_t": 15.64,
                    "underlying_price_t": 5354.03
                }
            },
            "sv_2024-04-29_2024-07-19": {
                "call": {
                    "start_date": "2024-04-29",
                    "strike": 5100.0,
                    "maturity": "2024-07-19",
                    "units": -0.0009851369263919414,
                    "gamma": 0.0010526004170745228,
                    "vega": 958.448192653521,
                    "tau": 0.2219178082191781,
                    "delta_t_1": 0.7174780488961823,
                    "option_price_t_1": 227.32,
                    "underlying_t_1": 5291.34,
                    "Option_PnL": -0.0490598189343187,
                    "Delta_PnL": -0.04431017717297444,
                    "Total_PnL": -0.004749641761344257,
                    "delta_t": 0.7730520903313225,
                    "option_price_t": 277.12,
                    "underlying_price_t": 5354.03
                },
                "put": {
                    "start_date": "2024-04-29",
                    "strike": 5100.0,
                    "maturity": "2024-07-19",
                    "units": -0.0009851369263919414,
                    "gamma": 0.0010526004170745228,
                    "vega": 958.448192653521,
                    "tau": 0.2219178082191781,
                    "delta_t_1": -0.2825219511038177,
                    "option_price_t_1": 35.98,
                    "underlying_t_1": 5291.34,
                    "Option_PnL": 0.012698414981192122,
                    "Delta_PnL": 0.01744805674253597,
                    "Total_PnL": -0.004749641761343848,
                    "delta_t": -0.2269479096686775,
                    "option_price_t": 23.09,
                    "underlying_price_t": 5354.03
                }
            },
            "sv_2024-04-30_2024-07-19": {
                "call": {
                    "start_date": "2024-04-30",
                    "strike": 5100.0,
                    "maturity": "2024-07-19",
                    "units": -0.0010053155085321317,
                    "gamma": 0.0010247546645768952,
                    "vega": 932.9488541315619,
                    "tau": 0.2191780821917808,
                    "delta_t_1": 0.7185461902653449,
                    "option_price_t_1": 227.32,
                    "underlying_t_1": 5291.34,
                    "Option_PnL": -0.05006471232490017,
                    "Delta_PnL": -0.04528510126134904,
                    "Total_PnL": -0.004779611063551126,
                    "delta_t": 0.7743291042479182,
                    "option_price_t": 277.12,
                    "underlying_price_t": 5354.03
                },
                "put": {
                    "start_date": "2024-04-30",
                    "strike": 5100.0,
                    "maturity": "2024-07-19",
                    "units": -0.0010053155085321317,
                    "gamma": 0.0010247546645768952,
                    "vega": 932.9488541315619,
                    "tau": 0.2191780821917808,
                    "delta_t_1": -0.28145380973465506,
                    "option_price_t_1": 35.98,
                    "underlying_t_1": 5291.34,
                    "Option_PnL": 0.012958516904979175,
                    "Delta_PnL": 0.017738127968529898,
                    "Total_PnL": -0.004779611063550723,
                    "delta_t": -0.22567089575208177,
                    "option_price_t": 23.09,
                    "underlying_price_t": 5354.03
                }
            },
            "sv_2024-05-01_2024-07-19": {
                "call": {
                    "start_date": "2024-05-01",
                    "strike": 5050.0,
                    "maturity": "2024-07-19",
                    "units": -0.0010090373111634287,
                    "gamma": 0.001050280643878207,
                    "vega": 930.4590016552264,
                    "tau": 0.21643835616438356,
                    "delta_t_1": 0.7668110973119404,
                    "option_price_t_1": 266.68,
                    "underlying_t_1": 5291.34,
                    "Option_PnL": -0.0534688871185501,
                    "Delta_PnL": -0.048505823779101974,
                    "Total_PnL": -0.004963063339448126,
                    "delta_t": 0.8170651868916102,
                    "option_price_t": 319.67,
                    "underlying_price_t": 5354.03
                },
                "put": {
                    "start_date": "2024-05-01",
                    "strike": 5050.0,
                    "maturity": "2024-07-19",
                    "units": -0.0010090373111634287,
                    "gamma": 0.001050280643878207,
                    "vega": 930.4590016552264,
                    "tau": 0.21643835616438356,
                    "delta_t_1": -0.23318890268805958,
                    "option_price_t_1": 25.34,
                    "underlying_t_1": 5291.34,
                    "Option_PnL": 0.009787661918285258,
                    "Delta_PnL": 0.014750725257732973,
                    "Total_PnL": -0.004963063339447715,
                    "delta_t": -0.18293481310838977,
                    "option_price_t": 15.64,
                    "underlying_price_t": 5354.03
                }
            },
            "sv_2024-05-02_2024-07-19": {
                "call": {
                    "start_date": "2024-05-02",
                    "strike": 5000.0,
                    "maturity": "2024-07-19",
                    "units": -0.0010289933115839236,
                    "gamma": 0.0010252294417133086,
                    "vega": 914.1026510418757,
                    "tau": 0.2136986301369863,
                    "delta_t_1": 0.8110167180905938,
                    "option_price_t_1": 308.65,
                    "underlying_t_1": 5291.34,
                    "Option_PnL": -0.05725318785652955,
                    "Delta_PnL": -0.05231673450403712,
                    "Total_PnL": -0.0049364533524924314,
                    "delta_t": 0.8551374102291978,
                    "option_price_t": 364.29,
                    "underlying_price_t": 5354.03
                },
                "put": {
                    "start_date": "2024-05-02",
                    "strike": 5000.0,
                    "maturity": "2024-07-19",
                    "units": -0.0010289933115839236,
                    "gamma": 0.0010252294417133086,
                    "vega": 914.1026510418757,
                    "tau": 0.2136986301369863,
                    "delta_t_1": -0.18898328190940616,
                    "option_price_t_1": 17.31,
                    "underlying_t_1": 5291.34,
                    "Option_PnL": 0.00725440284666666,
                    "Delta_PnL": 0.012190856199158632,
                    "Total_PnL": -0.004936453352491973,
                    "delta_t": -0.14486258977080224,
                    "option_price_t": 10.26,
                    "underlying_price_t": 5354.03
                }
            },
            "sv_2024-05-03_2024-07-19": {
                "call": {
                    "start_date": "2024-05-03",
                    "strike": 5050.0,
                    "maturity": "2024-07-19",
                    "units": -0.0010266281655617825,
                    "gamma": 0.0009788205139728038,
                    "vega": 913.6962828748897,
                    "tau": 0.21095890410958903,
                    "delta_t_1": 0.7694153039347049,
                    "option_price_t_1": 266.68,
                    "underlying_t_1": 5291.34,
                    "Option_PnL": -0.05440102649311886,
                    "Delta_PnL": -0.04951904552728904,
                    "Total_PnL": -0.00488198096582982,
                    "delta_t": 0.8199158315465611,
                    "option_price_t": 319.67,
                    "underlying_price_t": 5354.03
                },
                "put": {
                    "start_date": "2024-05-03",
                    "strike": 5050.0,
                    "maturity": "2024-07-19",
                    "units": -0.0010266281655617825,
                    "gamma": 0.0009788205139728038,
                    "vega": 913.6962828748897,
                    "tau": 0.21095890410958903,
                    "delta_t_1": -0.23058469606529508,
                    "option_price_t_1": 25.34,
                    "underlying_t_1": 5291.34,
                    "Option_PnL": 0.009958293205949289,
                    "Delta_PnL": 0.01484027417177869,
                    "Total_PnL": -0.004881980965829402,
                    "delta_t": -0.1800841684534389,
                    "option_price_t": 15.64,
                    "underlying_price_t": 5354.03
                }
            },
            "sv_2024-05-06_2024-07-19": {
                "call": {
                    "start_date": "2024-05-06",
                    "strike": 5150.0,
                    "maturity": "2024-07-19",
                    "units": -0.0010148269166732804,
                    "gamma": 0.0009867932720268799,
                    "vega": 924.4276212626899,
                    "tau": 0.20273972602739726,
                    "delta_t_1": 0.6732342334013486,
                    "option_price_t_1": 190.98,
                    "underlying_t_1": 5291.34,
                    "Option_PnL": -0.04675307605113805,
                    "Delta_PnL": -0.042830824912142615,
                    "Total_PnL": -0.003922251138995435,
                    "delta_t": 0.7357696074009896,
                    "option_price_t": 237.05,
                    "underlying_price_t": 5354.03
                },
                "put": {
                    "start_date": "2024-05-06",
                    "strike": 5150.0,
                    "maturity": "2024-07-19",
                    "units": -0.0010148269166732804,
                    "gamma": 0.0009867932720268799,
                    "vega": 924.4276212626899,
                    "tau": 0.20273972602739726,
                    "delta_t_1": -0.3267657665986514,
                    "option_price_t_1": 49.64,
                    "underlying_t_1": 5291.34,
                    "Option_PnL": 0.01686642335510992,
                    "Delta_PnL": 0.020788674494104927,
                    "Total_PnL": -0.003922251138995008,
                    "delta_t": -0.2642303925990104,
                    "option_price_t": 33.02,
                    "underlying_price_t": 5354.03
                }
            },
            "sv_2024-05-07_2024-07-19": {
                "call": {
                    "start_date": "2024-05-07",
                    "strike": 5200.0,
                    "maturity": "2024-07-19",
                    "units": -0.0010149724515034104,
                    "gamma": 0.0009998027806903409,
                    "vega": 925.5228622331686,
                    "tau": 0.2,
                    "delta_t_1": 0.618632595082445,
                    "option_price_t_1": 157.98,
                    "underlying_t_1": 5291.34,
                    "Option_PnL": -0.04254764516702298,
                    "Delta_PnL": -0.0393627401585774,
                    "Total_PnL": -0.0031849050084455793,
                    "delta_t": 0.6859938775520404,
                    "option_price_t": 199.9,
                    "underlying_price_t": 5354.03
                },
                "put": {
                    "start_date": "2024-05-07",
                    "strike": 5200.0,
                    "maturity": "2024-07-19",
                    "units": -0.0010149724515034104,
                    "gamma": 0.0009998027806903409,
                    "vega": 925.5228622331686,
                    "tau": 0.2,
                    "delta_t_1": -0.38136740491755505,
                    "option_price_t_1": 66.64,
                    "underlying_t_1": 5291.34,
                    "Option_PnL": 0.02108097781772584,
                    "Delta_PnL": 0.02426588282617099,
                    "Total_PnL": -0.003184905008445149,
                    "delta_t": -0.31400612244795956,
                    "option_price_t": 45.87,
                    "underlying_price_t": 5354.03
                }
            },
            "sv_2024-05-08_2024-07-19": {
                "call": {
                    "start_date": "2024-05-08",
                    "strike": 5200.0,
                    "maturity": "2024-07-19",
                    "units": -0.0010236629681825858,
                    "gamma": 0.0010080899360472345,
                    "vega": 919.1608532756069,
                    "tau": 0.19726027397260273,
                    "delta_t_1": 0.6192590041278301,
                    "option_price_t_1": 157.98,
                    "underlying_t_1": 5291.34,
                    "Option_PnL": -0.042911951626214015,
                    "Delta_PnL": -0.03973997526690062,
                    "Total_PnL": -0.0031719763593133915,
                    "delta_t": 0.6870247884152307,
                    "option_price_t": 199.9,
                    "underlying_price_t": 5354.03
                },
                "put": {
                    "start_date": "2024-05-08",
                    "strike": 5200.0,
                    "maturity": "2024-07-19",
                    "units": -0.0010236629681825858,
                    "gamma": 0.0010080899360472345,
                    "vega": 919.1608532756069,
                    "tau": 0.19726027397260273,
                    "delta_t_1": -0.3807409958721699,
                    "option_price_t_1": 66.64,
                    "underlying_t_1": 5291.34,
                    "Option_PnL": 0.02126147984915231,
                    "Delta_PnL": 0.02443345620846526,
                    "Total_PnL": -0.003171976359312951,
                    "delta_t": -0.31297521158476926,
                    "option_price_t": 45.87,
                    "underlying_price_t": 5354.03
                }
            },
            "sv_2024-05-09_2024-07-19": {
                "call": {
                    "start_date": "2024-05-09",
                    "strike": 5200.0,
                    "maturity": "2024-07-19",
                    "units": -0.001029094727361042,
                    "gamma": 0.0010169839697854116,
                    "vega": 914.9464529624144,
                    "tau": 0.19452054794520549,
                    "delta_t_1": 0.6198994689498651,
                    "option_price_t_1": 157.98,
                    "underlying_t_1": 5291.34,
                    "Option_PnL": -0.0431396509709749,
                    "Delta_PnL": -0.039992162389136394,
                    "Total_PnL": -0.003147488581838505,
                    "delta_t": 0.6880770014599549,
                    "option_price_t": 199.9,
                    "underlying_price_t": 5354.03
                },
                "put": {
                    "start_date": "2024-05-09",
                    "strike": 5200.0,
                    "maturity": "2024-07-19",
                    "units": -0.001029094727361042,
                    "gamma": 0.0010169839697854116,
                    "vega": 914.9464529624144,
                    "tau": 0.19452054794520549,
                    "delta_t_1": -0.38010053105013486,
                    "option_price_t_1": 66.64,
                    "underlying_t_1": 5291.34,
                    "Option_PnL": 0.021374297487288845,
                    "Delta_PnL": 0.02452178606912691,
                    "Total_PnL": -0.003147488581838064,
                    "delta_t": -0.3119229985400451,
                    "option_price_t": 45.87,
                    "underlying_price_t": 5354.03
                }
            },
            "sv_2024-05-10_2024-07-19": {
                "call": {
                    "start_date": "2024-05-10",
                    "strike": 5200.0,
                    "maturity": "2024-07-19",
                    "units": -0.0010375355910559705,
                    "gamma": 0.0010202859346853128,
                    "vega": 908.2784580910354,
                    "tau": 0.1917808219178082,
                    "delta_t_1": 0.6205544853738006,
                    "option_price_t_1": 157.98,
                    "underlying_t_1": 5291.34,
                    "Option_PnL": -0.0434934919770663,
                    "Delta_PnL": -0.040362791297101276,
                    "Total_PnL": -0.003130700679965022,
                    "delta_t": 0.6891512270051844,
                    "option_price_t": 199.9,
                    "underlying_price_t": 5354.03
                },
                "put": {
                    "start_date": "2024-05-10",
                    "strike": 5200.0,
                    "maturity": "2024-07-19",
                    "units": -0.0010375355910559705,
                    "gamma": 0.0010202859346853128,
                    "vega": 908.2784580910354,
                    "tau": 0.1917808219178082,
                    "delta_t_1": -0.37944551462619935,
                    "option_price_t_1": 66.64,
                    "underlying_t_1": 5291.34,
                    "Option_PnL": 0.02154961422623251,
                    "Delta_PnL": 0.024680314906197088,
                    "Total_PnL": -0.003130700679964578,
                    "delta_t": -0.3108487729948156,
                    "option_price_t": 45.87,
                    "underlying_price_t": 5354.03
                }
            },
            "sv_2024-05-13_2024-07-19": {
                "call": {
                    "start_date": "2024-05-13",
                    "strike": 5200.0,
                    "maturity": "2024-07-19",
                    "units": -0.0010653645881514154,
                    "gamma": 0.0010441013678797598,
                    "vega": 888.6231807139926,
                    "tau": 0.18356164383561643,
                    "delta_t_1": 0.6226121808951189,
                    "option_price_t_1": 157.98,
                    "underlying_t_1": 5291.34,
                    "Option_PnL": -0.04466008353530735,
                    "Delta_PnL": -0.04158283930907487,
                    "Total_PnL": -0.003077244226232477,
                    "delta_t": 0.6925135938983192,
                    "option_price_t": 199.9,
                    "underlying_price_t": 5354.03
                },
                "put": {
                    "start_date": "2024-05-13",
                    "strike": 5200.0,
                    "maturity": "2024-07-19",
                    "units": -0.0010653645881514154,
                    "gamma": 0.0010441013678797598,
                    "vega": 888.6231807139926,
                    "tau": 0.18356164383561643,
                    "delta_t_1": -0.37738781910488106,
                    "option_price_t_1": 66.64,
                    "underlying_t_1": 5291.34,
                    "Option_PnL": 0.022127622495904904,
                    "Delta_PnL": 0.025204866722136936,
                    "Total_PnL": -0.003077244226232033,
                    "delta_t": -0.30748640610168076,
                    "option_price_t": 45.87,
                    "underlying_price_t": 5354.03
                }
            },
            "sv_2024-05-14_2024-07-19": {
                "call": {
                    "start_date": "2024-05-14",
                    "strike": 5200.0,
                    "maturity": "2024-07-19",
                    "units": -0.0010765244910136025,
                    "gamma": 0.0010443903098311127,
                    "vega": 878.7029201774931,
                    "tau": 0.18082191780821918,
                    "delta_t_1": 0.6233308781826383,
                    "option_price_t_1": 157.98,
                    "underlying_t_1": 5291.34,
                    "Option_PnL": -0.04512790666329024,
                    "Delta_PnL": -0.04206693065474894,
                    "Total_PnL": -0.0030609760085412996,
                    "delta_t": 0.6936836702963001,
                    "option_price_t": 199.9,
                    "underlying_price_t": 5354.03
                },
                "put": {
                    "start_date": "2024-05-14",
                    "strike": 5200.0,
                    "maturity": "2024-07-19",
                    "units": -0.0010765244910136025,
                    "gamma": 0.0010443903098311127,
                    "vega": 878.7029201774931,
                    "tau": 0.18082191780821918,
                    "delta_t_1": -0.3766691218173617,
                    "option_price_t_1": 66.64,
                    "underlying_t_1": 5291.34,
                    "Option_PnL": 0.02235941367835253,
                    "Delta_PnL": 0.02542038968689338,
                    "Total_PnL": -0.003060976008540852,
                    "delta_t": -0.30631632970369993,
                    "option_price_t": 45.87,
                    "underlying_price_t": 5354.03
                }
            },
            "sv_2024-05-15_2024-07-19": {
                "call": {
                    "start_date": "2024-05-15",
                    "strike": 5250.0,
                    "maturity": "2024-07-19",
                    "units": -0.001067291648198817,
                    "gamma": 0.0010105205041074674,
                    "vega": 878.1088647068583,
                    "tau": 0.1780821917808219,
                    "delta_t_1": 0.5632312313244296,
                    "option_price_t_1": 128.56,
                    "underlying_t_1": 5291.34,
                    "Option_PnL": -0.0399807451415277,
                    "Delta_PnL": -0.03768496440277848,
                    "Total_PnL": -0.002295780738749219,
                    "delta_t": 0.6378104795610118,
                    "option_price_t": 166.02,
                    "underlying_price_t": 5354.03
                },
                "put": {
                    "start_date": "2024-05-15",
                    "strike": 5250.0,
                    "maturity": "2024-07-19",
                    "units": -0.001067291648198817,
                    "gamma": 0.0010105205041074674,
                    "vega": 878.1088647068583,
                    "tau": 0.1780821917808219,
                    "delta_t_1": -0.43676876867557035,
                    "option_price_t_1": 87.22,
                    "underlying_t_1": 5291.34,
                    "Option_PnL": 0.02692776828405615,
                    "Delta_PnL": 0.029223549022804936,
                    "Total_PnL": -0.002295780738748785,
                    "delta_t": -0.3621895204389882,
                    "option_price_t": 61.99,
                    "underlying_price_t": 5354.03
                }
            },
            "sv_2024-05-16_2024-07-19": {
                "call": {
                    "start_date": "2024-05-16",
                    "strike": 5300.0,
                    "maturity": "2024-07-19",
                    "units": -0.0010645465901307422,
                    "gamma": 0.001072398647643029,
                    "vega": 884.565291521436,
                    "tau": 0.17534246575342466,
                    "delta_t_1": 0.5012756955924879,
                    "option_price_t_1": 102.85,
                    "underlying_t_1": 5291.34,
                    "Option_PnL": -0.03493841908809095,
                    "Delta_PnL": -0.03345334823181681,
                    "Total_PnL": -0.00148507085627414,
                    "delta_t": 0.5784948459039924,
                    "option_price_t": 135.67,
                    "underlying_price_t": 5354.03
                },
                "put": {
                    "start_date": "2024-05-16",
                    "strike": 5300.0,
                    "maturity": "2024-07-19",
                    "units": -0.0010645465901307422,
                    "gamma": 0.001072398647643029,
                    "vega": 884.565291521436,
                    "tau": 0.17534246575342466,
                    "delta_t_1": -0.49872430440751214,
                    "option_price_t_1": 111.51,
                    "underlying_t_1": 5291.34,
                    "Option_PnL": 0.03179800664720527,
                    "Delta_PnL": 0.03328307750347899,
                    "Total_PnL": -0.0014850708562737167,
                    "delta_t": -0.42150515409600764,
                    "option_price_t": 81.64,
                    "underlying_price_t": 5354.03
                }
            },
            "sv_2024-05-17_2024-07-19": {
                "call": {
                    "start_date": "2024-05-17",
                    "strike": 5300.0,
                    "maturity": "2024-07-19",
                    "units": -0.0010752624574704422,
                    "gamma": 0.0011028276011611343,
                    "vega": 878.1603140637321,
                    "tau": 0.1726027397260274,
                    "delta_t_1": 0.5010958027885453,
                    "option_price_t_1": 102.85,
                    "underlying_t_1": 5291.34,
                    "Option_PnL": -0.035290113854179905,
                    "Delta_PnL": -0.0337779678267318,
                    "Total_PnL": -0.0015121460274481052,
                    "delta_t": 0.5789210872180279,
                    "option_price_t": 135.67,
                    "underlying_price_t": 5354.03
                },
                "put": {
                    "start_date": "2024-05-17",
                    "strike": 5300.0,
                    "maturity": "2024-07-19",
                    "units": -0.0010752624574704422,
                    "gamma": 0.0011028276011611343,
                    "vega": 878.1603140637321,
                    "tau": 0.1726027397260274,
                    "delta_t_1": -0.49890419721145474,
                    "option_price_t_1": 111.51,
                    "underlying_t_1": 5291.34,
                    "Option_PnL": 0.03211808960464211,
                    "Delta_PnL": 0.03363023563208979,
                    "Total_PnL": -0.001512146027447682,
                    "delta_t": -0.42107891278197207,
                    "option_price_t": 81.64,
                    "underlying_price_t": 5354.03
                }
            },
            "sv_2024-05-20_2024-08-16": {
                "call": {
                    "start_date": "2024-05-20",
                    "strike": 5300.0,
                    "maturity": "2024-08-16",
                    "units": -0.0009119153231014059,
                    "gamma": 0.0009316863255701578,
                    "vega": 1037.965658202185,
                    "tau": 0.2410958904109589,
                    "delta_t_1": 0.5049456322175879,
                    "option_price_t_1": 132.14,
                    "underlying_t_1": 5291.34,
                    "Option_PnL": -0.029892584291264086,
                    "Delta_PnL": -0.028866717564798347,
                    "Total_PnL": -0.0010258667264657385,
                    "delta_t": 0.5708570487401211,
                    "option_price_t": 164.92,
                    "underlying_price_t": 5354.03
                },
                "put": {
                    "start_date": "2024-05-20",
                    "strike": 5300.0,
                    "maturity": "2024-08-16",
                    "units": -0.0009119153231014059,
                    "gamma": 0.0009316863255701578,
                    "vega": 1037.965658202185,
                    "tau": 0.2410958904109589,
                    "delta_t_1": -0.4950543677824121,
                    "option_price_t_1": 140.8,
                    "underlying_t_1": 5291.34,
                    "Option_PnL": 0.02727538731396306,
                    "Delta_PnL": 0.028301254040428422,
                    "Total_PnL": -0.0010258667264653638,
                    "delta_t": -0.4291429512598789,
                    "option_price_t": 110.89,
                    "underlying_price_t": 5354.03
                }
            },
            "sv_2024-05-21_2024-08-16": {
                "call": {
                    "start_date": "2024-05-21",
                    "strike": 5300.0,
                    "maturity": "2024-08-16",
                    "units": -0.0009173031404324595,
                    "gamma": 0.0009319769188125502,
                    "vega": 1032.2294501606552,
                    "tau": 0.23835616438356164,
                    "delta_t_1": 0.5048123203645011,
                    "option_price_t_1": 132.14,
                    "underlying_t_1": 5291.34,
                    "Option_PnL": -0.030069196943376023,
                    "Delta_PnL": -0.029029602951051295,
                    "Total_PnL": -0.0010395939923247277,
                    "delta_t": 0.5710997975716352,
                    "option_price_t": 164.92,
                    "underlying_price_t": 5354.03
                },
                "put": {
                    "start_date": "2024-05-21",
                    "strike": 5300.0,
                    "maturity": "2024-08-16",
                    "units": -0.0009173031404324595,
                    "gamma": 0.0009319769188125502,
                    "vega": 1032.2294501606552,
                    "tau": 0.23835616438356164,
                    "delta_t_1": -0.4951876796354989,
                    "option_price_t_1": 140.8,
                    "underlying_t_1": 5291.34,
                    "Option_PnL": 0.027436536930334873,
                    "Delta_PnL": 0.028476130922659222,
                    "Total_PnL": -0.0010395939923243495,
                    "delta_t": -0.4289002024283648,
                    "option_price_t": 110.89,
                    "underlying_price_t": 5354.03
                }
            },
            "sv_2024-05-22_2024-08-16": {
                "call": {
                    "start_date": "2024-05-22",
                    "strike": 5300.0,
                    "maturity": "2024-08-16",
                    "units": -0.000925414295775666,
                    "gamma": 0.0009618633831897737,
                    "vega": 1026.0839578595762,
                    "tau": 0.2356164383561644,
                    "delta_t_1": 0.5046776266052905,
                    "option_price_t_1": 132.14,
                    "underlying_t_1": 5291.34,
                    "Option_PnL": -0.03033508061552633,
                    "Delta_PnL": -0.029278479970346195,
                    "Total_PnL": -0.0010566006451801363,
                    "delta_t": 0.5713476621486333,
                    "option_price_t": 164.92,
                    "underlying_price_t": 5354.03
                },
                "put": {
                    "start_date": "2024-05-22",
                    "strike": 5300.0,
                    "maturity": "2024-08-16",
                    "units": -0.000925414295775666,
                    "gamma": 0.0009618633831897737,
                    "vega": 1026.0839578595762,
                    "tau": 0.2356164383561644,
                    "delta_t_1": -0.4953223733947095,
                    "option_price_t_1": 140.8,
                    "underlying_t_1": 5291.34,
                    "Option_PnL": 0.027679141586650177,
                    "Delta_PnL": 0.028735742231829932,
                    "Total_PnL": -0.0010566006451797547,
                    "delta_t": -0.4286523378513667,
                    "option_price_t": 110.89,
                    "underlying_price_t": 5354.03
                }
            },
            "sv_2024-05-23_2024-08-16": {
                "call": {
                    "start_date": "2024-05-23",
                    "strike": 5300.0,
                    "maturity": "2024-08-16",
                    "units": -0.0009380874160014231,
                    "gamma": 0.0009711048845371756,
                    "vega": 1013.3814838594814,
                    "tau": 0.2328767123287671,
                    "delta_t_1": 0.5045415159251253,
                    "option_price_t_1": 132.14,
                    "underlying_t_1": 5291.34,
                    "Option_PnL": -0.03075050549652665,
                    "Delta_PnL": -0.029671430702645944,
                    "Total_PnL": -0.001079074793880707,
                    "delta_t": 0.5716007968273701,
                    "option_price_t": 164.92,
                    "underlying_price_t": 5354.03
                },
                "put": {
                    "start_date": "2024-05-23",
                    "strike": 5300.0,
                    "maturity": "2024-08-16",
                    "units": -0.0009380874160014231,
                    "gamma": 0.0009711048845371756,
                    "vega": 1013.3814838594814,
                    "tau": 0.2328767123287671,
                    "delta_t_1": -0.4954584840748747,
                    "option_price_t_1": 140.8,
                    "underlying_t_1": 5291.34,
                    "Option_PnL": 0.028058194612602574,
                    "Delta_PnL": 0.029137269406482893,
                    "Total_PnL": -0.0010790747938803184,
                    "delta_t": -0.4283992031726299,
                    "option_price_t": 110.89,
                    "underlying_price_t": 5354.03
                }
            },
            "sv_2024-05-24_2024-08-16": {
                "call": {
                    "start_date": "2024-05-24",
                    "strike": 5250.0,
                    "maturity": "2024-08-16",
                    "units": -0.0009539268359963632,
                    "gamma": 0.0010016221346045853,
                    "vega": 999.4110637393858,
                    "tau": 0.23013698630136986,
                    "delta_t_1": 0.5587690291262876,
                    "option_price_t_1": 157.46,
                    "underlying_t_1": 5291.34,
                    "Option_PnL": -0.03474201536698754,
                    "Delta_PnL": -0.0334153229571311,
                    "Total_PnL": -0.0013266924098564378,
                    "delta_t": 0.6247617275394721,
                    "option_price_t": 193.88,
                    "underlying_price_t": 5354.03
                },
                "put": {
                    "start_date": "2024-05-24",
                    "strike": 5250.0,
                    "maturity": "2024-08-16",
                    "units": -0.0009539268359963632,
                    "gamma": 0.0010016221346045853,
                    "vega": 999.4110637393858,
                    "tau": 0.23013698630136986,
                    "delta_t_1": -0.44123097087371244,
                    "option_price_t_1": 116.12,
                    "underlying_t_1": 5291.34,
                    "Option_PnL": 0.025059657981624472,
                    "Delta_PnL": 0.02638635039148052,
                    "Total_PnL": -0.0013266924098560492,
                    "delta_t": -0.3752382724605279,
                    "option_price_t": 89.85,
                    "underlying_price_t": 5354.03
                }
            },
            "sv_2024-05-28_2024-08-16": {
                "call": {
                    "start_date": "2024-05-28",
                    "strike": 5300.0,
                    "maturity": "2024-08-16",
                    "units": -0.0009697772362045647,
                    "gamma": 0.0010910683373282265,
                    "vega": 989.7265560170744,
                    "tau": 0.2191780821917808,
                    "delta_t_1": 0.5038383841643423,
                    "option_price_t_1": 132.14,
                    "underlying_t_1": 5291.34,
                    "Option_PnL": -0.03178929780278563,
                    "Delta_PnL": -0.030631023319722502,
                    "Total_PnL": -0.0011582744830631285,
                    "delta_t": 0.5729513967918523,
                    "option_price_t": 164.92,
                    "underlying_price_t": 5354.03
                },
                "put": {
                    "start_date": "2024-05-28",
                    "strike": 5300.0,
                    "maturity": "2024-08-16",
                    "units": -0.0009697772362045647,
                    "gamma": 0.0010910683373282265,
                    "vega": 989.7265560170744,
                    "tau": 0.2191780821917808,
                    "delta_t_1": -0.49616161583565765,
                    "option_price_t_1": 140.8,
                    "underlying_t_1": 5291.34,
                    "Option_PnL": 0.02900603713487854,
                    "Delta_PnL": 0.03016431161794127,
                    "Total_PnL": -0.0011582744830627295,
                    "delta_t": -0.42704860320814775,
                    "option_price_t": 110.89,
                    "underlying_price_t": 5354.03
                }
            },
            "sv_2024-05-29_2024-08-16": {
                "call": {
                    "start_date": "2024-05-29",
                    "strike": 5300.0,
                    "maturity": "2024-08-16",
                    "units": -0.0009839034783431448,
                    "gamma": 0.0010862286632017774,
                    "vega": 976.0651435701056,
                    "tau": 0.21643835616438356,
                    "delta_t_1": 0.5036929554904479,
                    "option_price_t_1": 132.14,
                    "underlying_t_1": 5291.34,
                    "Option_PnL": -0.03225235602008829,
                    "Delta_PnL": -0.031068239380424766,
                    "Total_PnL": -0.0011841166396635225,
                    "delta_t": 0.5732397812580542,
                    "option_price_t": 164.92,
                    "underlying_price_t": 5354.03
                },
                "put": {
                    "start_date": "2024-05-29",
                    "strike": 5300.0,
                    "maturity": "2024-08-16",
                    "units": -0.0009839034783431448,
                    "gamma": 0.0010862286632017774,
                    "vega": 976.0651435701056,
                    "tau": 0.21643835616438356,
                    "delta_t_1": -0.4963070445095521,
                    "option_price_t_1": 140.8,
                    "underlying_t_1": 5291.34,
                    "Option_PnL": 0.029428553037243472,
                    "Delta_PnL": 0.03061266967690659,
                    "Total_PnL": -0.0011841166396631166,
                    "delta_t": -0.4267602187419458,
                    "option_price_t": 110.89,
                    "underlying_price_t": 5354.03
                }
            },
            "sv_2024-05-30_2024-08-16": {
                "call": {
                    "start_date": "2024-05-30",
                    "strike": 5250.0,
                    "maturity": "2024-08-16",
                    "units": -0.0009961443388313096,
                    "gamma": 0.001100561063379877,
                    "vega": 965.5197166728339,
                    "tau": 0.2136986301369863,
                    "delta_t_1": 0.5599578344649592,
                    "option_price_t_1": 157.46,
                    "underlying_t_1": 5291.34,
                    "Option_PnL": -0.03627957682023628,
                    "Delta_PnL": -0.034968408451246005,
                    "Total_PnL": -0.0013111683689902773,
                    "delta_t": 0.6283360525887178,
                    "option_price_t": 193.88,
                    "underlying_price_t": 5354.03
                },
                "put": {
                    "start_date": "2024-05-30",
                    "strike": 5250.0,
                    "maturity": "2024-08-16",
                    "units": -0.0009961443388313096,
                    "gamma": 0.001100561063379877,
                    "vega": 965.5197166728339,
                    "tau": 0.2136986301369863,
                    "delta_t_1": -0.44004216553504083,
                    "option_price_t_1": 116.12,
                    "underlying_t_1": 5291.34,
                    "Option_PnL": 0.026168711781098513,
                    "Delta_PnL": 0.027479880150088398,
                    "Total_PnL": -0.0013111683689898852,
                    "delta_t": -0.37166394741128217,
                    "option_price_t": 89.85,
                    "underlying_price_t": 5354.03
                }
            },
            "sv_2024-05-31_2024-08-16": {
                "call": {
                    "start_date": "2024-05-31",
                    "strike": 5250.0,
                    "maturity": "2024-08-16",
                    "units": -0.0009989371818967987,
                    "gamma": 0.0010844626160474336,
                    "vega": 961.1850182594872,
                    "tau": 0.21095890410958903,
                    "delta_t_1": 0.5601730735702541,
                    "option_price_t_1": 157.46,
                    "underlying_t_1": 5291.34,
                    "Option_PnL": -0.036381292164681396,
                    "Delta_PnL": -0.03507992673310337,
                    "Total_PnL": -0.001301365431578029,
                    "delta_t": 0.6289745089513694,
                    "option_price_t": 193.88,
                    "underlying_price_t": 5354.03
                },
                "put": {
                    "start_date": "2024-05-31",
                    "strike": 5250.0,
                    "maturity": "2024-08-16",
                    "units": -0.0009989371818967987,
                    "gamma": 0.0010844626160474336,
                    "vega": 961.1850182594872,
                    "tau": 0.21095890410958903,
                    "delta_t_1": -0.43982692642974586,
                    "option_price_t_1": 116.12,
                    "underlying_t_1": 5291.34,
                    "Option_PnL": 0.026242079768428912,
                    "Delta_PnL": 0.027543445200006542,
                    "Total_PnL": -0.00130136543157763,
                    "delta_t": -0.3710254910486306,
                    "option_price_t": 89.85,
                    "underlying_price_t": 5354.03
                }
            },
            "sv_2024-06-03_2024-08-16": {
                "call": {
                    "start_date": "2024-06-03",
                    "strike": 5300.0,
                    "maturity": "2024-08-16",
                    "units": -0.0010168767053958835,
                    "gamma": 0.0011461435037897194,
                    "vega": 948.9561827179683,
                    "tau": 0.20273972602739726,
                    "delta_t_1": 0.5029392535873894,
                    "option_price_t_1": 132.14,
                    "underlying_t_1": 5291.34,
                    "Option_PnL": -0.03333321840287706,
                    "Delta_PnL": -0.0320613718702663,
                    "Total_PnL": -0.0012718465326107611,
                    "delta_t": 0.5747844960988227,
                    "option_price_t": 164.92,
                    "underlying_price_t": 5354.03
                },
                "put": {
                    "start_date": "2024-06-03",
                    "strike": 5300.0,
                    "maturity": "2024-08-16",
                    "units": -0.0010168767053958835,
                    "gamma": 0.0011461435037897194,
                    "vega": 948.9561827179683,
                    "tau": 0.20273972602739726,
                    "delta_t_1": -0.49706074641261055,
                    "option_price_t_1": 140.8,
                    "underlying_t_1": 5291.34,
                    "Option_PnL": 0.030414782258390886,
                    "Delta_PnL": 0.031686628791001224,
                    "Total_PnL": -0.0012718465326103379,
                    "delta_t": -0.42521550390117735,
                    "option_price_t": 110.89,
                    "underlying_price_t": 5354.03
                }
            },
            "sv_2024-06-04_2024-08-16": {
                "call": {
                    "start_date": "2024-06-04",
                    "strike": 5300.0,
                    "maturity": "2024-08-16",
                    "units": -0.001023670913634419,
                    "gamma": 0.0011672883306025337,
                    "vega": 944.017762402959,
                    "tau": 0.2,
                    "delta_t_1": 0.5027828341180542,
                    "option_price_t_1": 132.14,
                    "underlying_t_1": 5283.4,
                    "delta_t": 0.5751156667843254,
                    "option_price_t": 164.92,
                    "underlying_price_t": 5354.03,
                    "Option_PnL": -0.033555932548936254,
                    "Delta_PnL": -0.03635214244408487,
                    "Total_PnL": 0.002796209895148616
                },
                "put": {
                    "start_date": "2024-06-04",
                    "strike": 5300.0,
                    "maturity": "2024-08-16",
                    "units": -0.001023670913634419,
                    "gamma": 0.0011672883306025337,
                    "vega": 944.017762402959,
                    "tau": 0.2,
                    "delta_t_1": -0.49721716588194576,
                    "option_price_t_1": 140.8,
                    "underlying_t_1": 5283.4,
                    "delta_t": -0.42488433321567465,
                    "option_price_t": 110.89,
                    "underlying_price_t": 5354.03,
                    "Option_PnL": 0.030617997026805482,
                    "Delta_PnL": 0.03594973418591425,
                    "Total_PnL": -0.005331737159108771
                }
            },
            "sv_2024-06-05_2024-08-16": {
                "call": {
                    "start_date": "2024-06-05",
                    "strike": 5300.0,
                    "maturity": "2024-08-16",
                    "units": -0.0010321679750208814,
                    "delta_t": 0.5754548571458027,
                    "gamma": 0.0011415548194725507,
                    "vega": 931.6410246621404,
                    "tau": 0.19726027397260273,
                    "option_price_t": 164.92,
                    "underlying_price_t": 5291.34
                },
                "put": {
                    "start_date": "2024-06-05",
                    "strike": 5300.0,
                    "maturity": "2024-08-16",
                    "units": -0.0010321679750208814,
                    "delta_t": -0.4245451428541973,
                    "gamma": 0.0011415548194725507,
                    "vega": 931.6410246621404,
                    "tau": 0.19726027397260273,
                    "option_price_t": 110.89,
                    "underlying_price_t": 5291.34
                }
            }
        }
    }
}