{
    "spx_strategy": {
        "date": "2024-02-23",
        "index_levels": 115.3741617901631,
        "result": {
            "sv_2023-12-18_2024-03-15": {
                "call": {
                    "start_date": "2023-12-18",
                    "strike": 4700.0,
                    "maturity": "2024-03-15",
                    "units": -0.0010175283429215117,
                    "gamma": 0.0012929574378237052,
                    "vega": 915.9139020522679,
                    "tau": 0.2410958904109589,
                    "delta_t_1": 0.8495318762931491,
                    "option_price_t_1": 388.73,
                    "underlying_t_1": 5087.03,
                    "Option_PnL": -0.001505941947523798,
                    "Delta_PnL": -0.0015300282893484973,
                    "Total_PnL": 2.408634182469939e-05,
                    "delta_t": 0.8509930941883359,
                    "option_price_t": 390.21,
                    "underlying_price_t": 5088.8
                },
                "put": {
                    "start_date": "2023-12-18",
                    "strike": 4700.0,
                    "maturity": "2024-03-15",
                    "units": -0.0010175283429215117,
                    "gamma": 0.0012929574378237052,
                    "vega": 915.9139020522679,
                    "tau": 0.2410958904109589,
                    "delta_t_1": -0.15046812370685092,
                    "option_price_t_1": 1.7,
                    "underlying_t_1": 5087.03,
                    "Option_PnL": 0.00029508321944723845,
                    "Delta_PnL": 0.0002709968776230225,
                    "Total_PnL": 2.4086341824215945e-05,
                    "delta_t": -0.1490069058116641,
                    "option_price_t": 1.41,
                    "underlying_price_t": 5088.8
                }
            },
            "sv_2023-12-19_2024-03-15": {
                "call": {
                    "start_date": "2023-12-19",
                    "strike": 4750.0,
                    "maturity": "2024-03-15",
                    "units": -0.0010070353676400554,
                    "gamma": 0.0013015096163056222,
                    "vega": 924.7897033003402,
                    "tau": 0.23835616438356164,
                    "delta_t_1": 0.8175655585985396,
                    "option_price_t_1": 340.41,
                    "underlying_t_1": 5087.03,
                    "Option_PnL": -0.0012890052705792434,
                    "Delta_PnL": -0.0014572718561857954,
                    "Total_PnL": 0.000168266585606552,
                    "delta_t": 0.8191610712748975,
                    "option_price_t": 341.69,
                    "underlying_price_t": 5088.8
                },
                "put": {
                    "start_date": "2023-12-19",
                    "strike": 4750.0,
                    "maturity": "2024-03-15",
                    "units": -0.0010070353676400554,
                    "gamma": 0.0013015096163056222,
                    "vega": 924.7897033003402,
                    "tau": 0.23835616438356164,
                    "delta_t_1": -0.18243444140146037,
                    "option_price_t_1": 3.38,
                    "underlying_t_1": 5087.03,
                    "Option_PnL": 0.0004934473301436269,
                    "Delta_PnL": 0.0003251807445375424,
                    "Total_PnL": 0.0001682665856060845,
                    "delta_t": -0.18083892872510254,
                    "option_price_t": 2.89,
                    "underlying_price_t": 5088.8
                }
            },
            "sv_2023-12-20_2024-03-15": {
                "call": {
                    "start_date": "2023-12-20",
                    "strike": 4750.0,
                    "maturity": "2024-03-15",
                    "units": -0.0010275642840051101,
                    "gamma": 0.0012009063055708803,
                    "vega": 903.2264679949546,
                    "tau": 0.2356164383561644,
                    "delta_t_1": 0.8188318236569775,
                    "option_price_t_1": 340.41,
                    "underlying_t_1": 5087.03,
                    "Option_PnL": -0.001315282283526513,
                    "Delta_PnL": -0.001489282135776492,
                    "Total_PnL": 0.00017399985224997912,
                    "delta_t": 0.8204297972924245,
                    "option_price_t": 341.69,
                    "underlying_price_t": 5088.8
                },
                "put": {
                    "start_date": "2023-12-20",
                    "strike": 4750.0,
                    "maturity": "2024-03-15",
                    "units": -0.0010275642840051101,
                    "gamma": 0.0012009063055708803,
                    "vega": 903.2264679949546,
                    "tau": 0.2356164383561644,
                    "delta_t_1": -0.1811681763430225,
                    "option_price_t_1": 3.38,
                    "underlying_t_1": 5087.03,
                    "Option_PnL": 0.0005035064991625037,
                    "Delta_PnL": 0.00032950664691300144,
                    "Total_PnL": 0.00017399985224950224,
                    "delta_t": -0.1795702027075755,
                    "option_price_t": 2.89,
                    "underlying_price_t": 5088.8
                }
            },
            "sv_2023-12-21_2024-03-15": {
                "call": {
                    "start_date": "2023-12-21",
                    "strike": 4700.0,
                    "maturity": "2024-03-15",
                    "units": -0.0010285968178303656,
                    "gamma": 0.001166938663201666,
                    "vega": 899.9503824494378,
                    "tau": 0.2328767123287671,
                    "delta_t_1": 0.8534038238777236,
                    "option_price_t_1": 388.73,
                    "underlying_t_1": 5087.03,
                    "Option_PnL": -0.0015223232903889014,
                    "Delta_PnL": -0.0015537209698902425,
                    "Total_PnL": 3.139767950134111e-05,
                    "delta_t": 0.8548653733051996,
                    "option_price_t": 390.21,
                    "underlying_price_t": 5088.8
                },
                "put": {
                    "start_date": "2023-12-21",
                    "strike": 4700.0,
                    "maturity": "2024-03-15",
                    "units": -0.0010285968178303656,
                    "gamma": 0.001166938663201666,
                    "vega": 899.9503824494378,
                    "tau": 0.2328767123287671,
                    "delta_t_1": -0.14659617612227638,
                    "option_price_t_1": 1.7,
                    "underlying_t_1": 5087.03,
                    "Option_PnL": 0.0002982930771708061,
                    "Delta_PnL": 0.00026689539766995357,
                    "Total_PnL": 3.1397679500852515e-05,
                    "delta_t": -0.14513462669480037,
                    "option_price_t": 1.41,
                    "underlying_price_t": 5088.8
                }
            },
            "sv_2023-12-22_2024-03-15": {
                "call": {
                    "start_date": "2023-12-22",
                    "strike": 4750.0,
                    "maturity": "2024-03-15",
                    "units": -0.0010201607256675857,
                    "gamma": 0.0012297611253123785,
                    "vega": 908.8912790432216,
                    "tau": 0.23013698630136986,
                    "delta_t_1": 0.8214166749733622,
                    "option_price_t_1": 340.41,
                    "underlying_t_1": 5087.03,
                    "Option_PnL": -0.001305805728854482,
                    "Delta_PnL": -0.0014832193452531824,
                    "Total_PnL": 0.0001774136163987005,
                    "delta_t": 0.8230194060862184,
                    "option_price_t": 341.69,
                    "underlying_price_t": 5088.8
                },
                "put": {
                    "start_date": "2023-12-22",
                    "strike": 4750.0,
                    "maturity": "2024-03-15",
                    "units": -0.0010201607256675857,
                    "gamma": 0.0012297611253123785,
                    "vega": 908.8912790432216,
                    "tau": 0.23013698630136986,
                    "delta_t_1": -0.17858332502663776,
                    "option_price_t_1": 3.38,
                    "underlying_t_1": 5087.03,
                    "Option_PnL": 0.0004998787555771168,
                    "Delta_PnL": 0.0003224651391788896,
                    "Total_PnL": 0.00017741361639822718,
                    "delta_t": -0.17698059391378163,
                    "option_price_t": 2.89,
                    "underlying_price_t": 5088.8
                }
            },
            "sv_2023-12-26_2024-03-15": {
                "call": {
                    "start_date": "2023-12-26",
                    "strike": 4750.0,
                    "maturity": "2024-03-15",
                    "units": -0.0010492243252919866,
                    "gamma": 0.0013130612011251516,
                    "vega": 886.0258914220483,
                    "tau": 0.2191780821917808,
                    "delta_t_1": 0.8268063117548217,
                    "option_price_t_1": 340.41,
                    "underlying_t_1": 5087.03,
                    "Option_PnL": -0.0013430071363737142,
                    "Delta_PnL": -0.0015354843714390312,
                    "Total_PnL": 0.00019247723506531696,
                    "delta_t": 0.8284177914254984,
                    "option_price_t": 341.69,
                    "underlying_price_t": 5088.8
                },
                "put": {
                    "start_date": "2023-12-26",
                    "strike": 4750.0,
                    "maturity": "2024-03-15",
                    "units": -0.0010492243252919866,
                    "gamma": 0.0013130612011251516,
                    "vega": 886.0258914220483,
                    "tau": 0.2191780821917808,
                    "delta_t_1": -0.17319368824517833,
                    "option_price_t_1": 3.38,
                    "underlying_t_1": 5087.03,
                    "Option_PnL": 0.0005141199193930731,
                    "Delta_PnL": 0.00032164268432824324,
                    "Total_PnL": 0.00019247723506482989,
                    "delta_t": -0.17158220857450157,
                    "option_price_t": 2.89,
                    "underlying_price_t": 5088.8
                }
            },
            "sv_2023-12-27_2024-03-15": {
                "call": {
                    "start_date": "2023-12-27",
                    "strike": 4750.0,
                    "maturity": "2024-03-15",
                    "units": -0.0010576864842546123,
                    "gamma": 0.0013203716200446498,
                    "vega": 879.151395362844,
                    "tau": 0.21643835616438356,
                    "delta_t_1": 0.8282018839606125,
                    "option_price_t_1": 340.41,
                    "underlying_t_1": 5087.03,
                    "Option_PnL": -0.0013538386998458748,
                    "Delta_PnL": -0.0015504809518522259,
                    "Total_PnL": 0.00019664225200635103,
                    "delta_t": 0.829815365765044,
                    "option_price_t": 341.69,
                    "underlying_price_t": 5088.8
                },
                "put": {
                    "start_date": "2023-12-27",
                    "strike": 4750.0,
                    "maturity": "2024-03-15",
                    "units": -0.0010576864842546123,
                    "gamma": 0.0013203716200446498,
                    "vega": 879.151395362844,
                    "tau": 0.21643835616438356,
                    "delta_t_1": -0.17179811603938755,
                    "option_price_t_1": 3.38,
                    "underlying_t_1": 5087.03,
                    "Option_PnL": 0.0005182663772847597,
                    "Delta_PnL": 0.0003216241252788997,
                    "Total_PnL": 0.00019664225200586005,
                    "delta_t": -0.170184634234956,
                    "option_price_t": 2.89,
                    "underlying_price_t": 5088.8
                }
            },
            "sv_2023-12-28_2024-03-15": {
                "call": {
                    "start_date": "2023-12-28",
                    "strike": 4800.0,
                    "maturity": "2024-03-15",
                    "units": -0.001058881635054467,
                    "gamma": 0.0014869478285794166,
                    "vega": 881.6428650892758,
                    "tau": 0.2136986301369863,
                    "delta_t_1": 0.7918487702932688,
                    "option_price_t_1": 293.34,
                    "underlying_t_1": 5087.03,
                    "Option_PnL": -0.001058881635054467,
                    "Delta_PnL": -0.0014840991934694557,
                    "Total_PnL": 0.0004252175584149888,
                    "delta_t": 0.7935981181224759,
                    "option_price_t": 294.34,
                    "underlying_price_t": 5088.8
                },
                "put": {
                    "start_date": "2023-12-28",
                    "strike": 4800.0,
                    "maturity": "2024-03-15",
                    "units": -0.001058881635054467,
                    "gamma": 0.0014869478285794166,
                    "vega": 881.6428650892758,
                    "tau": 0.2136986301369863,
                    "delta_t_1": -0.20815122970673117,
                    "option_price_t_1": 6.31,
                    "underlying_t_1": 5087.03,
                    "Option_PnL": 0.0008153388589919391,
                    "Delta_PnL": 0.00039012130057741295,
                    "Total_PnL": 0.00042521755841452613,
                    "delta_t": -0.20640188187752406,
                    "option_price_t": 5.54,
                    "underlying_price_t": 5088.8
                }
            },
            "sv_2023-12-29_2024-03-15": {
                "call": {
                    "start_date": "2023-12-29",
                    "strike": 4800.0,
                    "maturity": "2024-03-15",
                    "units": -0.0010722391918110935,
                    "gamma": 0.0014814147875801017,
                    "vega": 870.927041754934,
                    "tau": 0.21095890410958903,
                    "delta_t_1": 0.7932159814529505,
                    "option_price_t_1": 293.34,
                    "underlying_t_1": 5087.03,
                    "Option_PnL": -0.0010722391918110935,
                    "Delta_PnL": -0.0015054155553063874,
                    "Total_PnL": 0.00043317636349529394,
                    "delta_t": 0.7949700247229095,
                    "option_price_t": 294.34,
                    "underlying_price_t": 5088.8
                },
                "put": {
                    "start_date": "2023-12-29",
                    "strike": 4800.0,
                    "maturity": "2024-03-15",
                    "units": -0.0010722391918110935,
                    "gamma": 0.0014814147875801017,
                    "vega": 870.927041754934,
                    "tau": 0.21095890410958903,
                    "delta_t_1": -0.20678401854704953,
                    "option_price_t_1": 6.31,
                    "underlying_t_1": 5087.03,
                    "Option_PnL": 0.0008256241776945415,
                    "Delta_PnL": 0.00039244781419971604,
                    "Total_PnL": 0.0004331763634948255,
                    "delta_t": -0.20502997527709055,
                    "option_price_t": 5.54,
                    "underlying_price_t": 5088.8
                }
            },
            "sv_2024-01-02_2024-03-15": {
                "call": {
                    "start_date": "2024-01-02",
                    "strike": 4750.0,
                    "maturity": "2024-03-15",
                    "units": -0.0011048921300328594,
                    "gamma": 0.001500267015168505,
                    "vega": 846.1792354859504,
                    "tau": 0.2,
                    "delta_t_1": 0.8370137268917701,
                    "option_price_t_1": 340.41,
                    "underlying_t_1": 5087.03,
                    "Option_PnL": -0.0014142619264420299,
                    "Delta_PnL": -0.00163691348684318,
                    "Total_PnL": 0.0002226515604011501,
                    "delta_t": 0.8386372635891379,
                    "option_price_t": 341.69,
                    "underlying_price_t": 5088.8
                },
                "put": {
                    "start_date": "2024-01-02",
                    "strike": 4750.0,
                    "maturity": "2024-03-15",
                    "units": -0.0011048921300328594,
                    "gamma": 0.001500267015168505,
                    "vega": 846.1792354859504,
                    "tau": 0.2,
                    "delta_t_1": -0.16298627310822988,
                    "option_price_t_1": 3.38,
                    "underlying_t_1": 5087.03,
                    "Option_PnL": 0.0005413971437161009,
                    "Delta_PnL": 0.0003187455833154636,
                    "Total_PnL": 0.00022265156040063728,
                    "delta_t": -0.16136273641086207,
                    "option_price_t": 2.89,
                    "underlying_price_t": 5088.8
                }
            },
            "sv_2024-01-03_2024-03-15": {
                "call": {
                    "start_date": "2024-01-03",
                    "strike": 4750.0,
                    "maturity": "2024-03-15",
                    "units": -0.0011318328559375252,
                    "gamma": 0.0014558320461121126,
                    "vega": 825.8618413996285,
                    "tau": 0.19726027397260273,
                    "delta_t_1": 0.8385598897523661,
                    "option_price_t_1": 340.41,
                    "underlying_t_1": 5087.03,
                    "Option_PnL": -0.0014487460556000015,
                    "Delta_PnL": -0.00167992405376116,
                    "Total_PnL": 0.0002311779981611585,
                    "delta_t": 0.8401847177224369,
                    "option_price_t": 341.69,
                    "underlying_price_t": 5088.8
                },
                "put": {
                    "start_date": "2024-01-03",
                    "strike": 4750.0,
                    "maturity": "2024-03-15",
                    "units": -0.0011318328559375252,
                    "gamma": 0.0014558320461121126,
                    "vega": 825.8618413996285,
                    "tau": 0.19726027397260273,
                    "delta_t_1": -0.16144011024763394,
                    "option_price_t_1": 3.38,
                    "underlying_t_1": 5087.03,
                    "Option_PnL": 0.0005545980994093871,
                    "Delta_PnL": 0.0003234201012487535,
                    "Total_PnL": 0.00023117799816063357,
                    "delta_t": -0.15981528227756314,
                    "option_price_t": 2.89,
                    "underlying_price_t": 5088.8
                }
            },
            "sv_2024-01-04_2024-03-15": {
                "call": {
                    "start_date": "2024-01-04",
                    "strike": 4700.0,
                    "maturity": "2024-03-15",
                    "units": -0.0011347508220209649,
                    "gamma": 0.0014939957536514639,
                    "vega": 824.9005937850584,
                    "tau": 0.19452054794520549,
                    "delta_t_1": 0.8734958771781158,
                    "option_price_t_1": 388.73,
                    "underlying_t_1": 5087.03,
                    "Option_PnL": -0.0016794312165909842,
                    "Delta_PnL": -0.001754424291448262,
                    "Total_PnL": 7.49930748572779e-05,
                    "delta_t": 0.8749435736067812,
                    "option_price_t": 390.21,
                    "underlying_price_t": 5088.8
                },
                "put": {
                    "start_date": "2024-01-04",
                    "strike": 4700.0,
                    "maturity": "2024-03-15",
                    "units": -0.0011347508220209649,
                    "gamma": 0.0014939957536514639,
                    "vega": 824.9005937850584,
                    "tau": 0.19452054794520549,
                    "delta_t_1": -0.12650412282188417,
                    "option_price_t_1": 1.7,
                    "underlying_t_1": 5087.03,
                    "Option_PnL": 0.00032907773838607987,
                    "Delta_PnL": 0.0002540846635293409,
                    "Total_PnL": 7.499307485673895e-05,
                    "delta_t": -0.1250564263932188,
                    "option_price_t": 1.41,
                    "underlying_price_t": 5088.8
                }
            },
            "sv_2024-01-05_2024-03-15": {
                "call": {
                    "start_date": "2024-01-05",
                    "strike": 4700.0,
                    "maturity": "2024-03-15",
                    "units": -0.0011410594889041143,
                    "gamma": 0.0015069901550138472,
                    "vega": 820.515873295382,
                    "tau": 0.1917808219178082,
                    "delta_t_1": 0.8750725974963243,
                    "option_price_t_1": 388.73,
                    "underlying_t_1": 5087.03,
                    "Option_PnL": -0.001688768043578045,
                    "Delta_PnL": -0.001767362506810514,
                    "Total_PnL": 7.859446323246907e-05,
                    "delta_t": 0.8765180211649092,
                    "option_price_t": 390.21,
                    "underlying_price_t": 5088.8
                },
                "put": {
                    "start_date": "2024-01-05",
                    "strike": 4700.0,
                    "maturity": "2024-03-15",
                    "units": -0.0011410594889041143,
                    "gamma": 0.0015069901550138472,
                    "vega": 820.515873295382,
                    "tau": 0.1917808219178082,
                    "delta_t_1": -0.12492740250367573,
                    "option_price_t_1": 1.7,
                    "underlying_t_1": 5087.03,
                    "Option_PnL": 0.0003309072517821932,
                    "Delta_PnL": 0.0002523127885502664,
                    "Total_PnL": 7.85944632319268e-05,
                    "delta_t": -0.12348197883509082,
                    "option_price_t": 1.41,
                    "underlying_price_t": 5088.8
                }
            },
            "sv_2024-01-08_2024-03-15": {
                "call": {
                    "start_date": "2024-01-08",
                    "strike": 4700.0,
                    "maturity": "2024-03-15",
                    "units": -0.0011818728190159645,
                    "gamma": 0.0013905152351919624,
                    "vega": 787.1961028844235,
                    "tau": 0.18356164383561643,
                    "delta_t_1": 0.8799281831499195,
                    "option_price_t_1": 388.73,
                    "underlying_t_1": 5087.03,
                    "Option_PnL": -0.0017491717721435818,
                    "Delta_PnL": -0.0018407348681617087,
                    "Total_PnL": 9.156309601812684e-05,
                    "delta_t": 0.881365437421039,
                    "option_price_t": 390.21,
                    "underlying_price_t": 5088.8
                },
                "put": {
                    "start_date": "2024-01-08",
                    "strike": 4700.0,
                    "maturity": "2024-03-15",
                    "units": -0.0011818728190159645,
                    "gamma": 0.0013905152351919624,
                    "vega": 787.1961028844235,
                    "tau": 0.18356164383561643,
                    "delta_t_1": -0.1200718168500805,
                    "option_price_t_1": 1.7,
                    "underlying_t_1": 5087.03,
                    "Option_PnL": 0.00034274311751462976,
                    "Delta_PnL": 0.0002511800214970646,
                    "Total_PnL": 9.156309601756517e-05,
                    "delta_t": -0.11863456257896099,
                    "option_price_t": 1.41,
                    "underlying_price_t": 5088.8
                }
            },
            "sv_2024-01-09_2024-03-15": {
                "call": {
                    "start_date": "2024-01-09",
                    "strike": 4750.0,
                    "maturity": "2024-03-15",
                    "units": -0.0011555463810055675,
                    "gamma": 0.0014454430525877558,
                    "vega": 805.7919809977078,
                    "tau": 0.18082191780821918,
                    "delta_t_1": 0.8483498369672122,
                    "option_price_t_1": 340.41,
                    "underlying_t_1": 5087.03,
                    "Option_PnL": -0.001479099367687095,
                    "Delta_PnL": -0.0017351444235638297,
                    "Total_PnL": 0.00025604505587673476,
                    "delta_t": 0.8499794040235771,
                    "option_price_t": 341.69,
                    "underlying_price_t": 5088.8
                },
                "put": {
                    "start_date": "2024-01-09",
                    "strike": 4750.0,
                    "maturity": "2024-03-15",
                    "units": -0.0011555463810055675,
                    "gamma": 0.0014454430525877558,
                    "vega": 805.7919809977078,
                    "tau": 0.18082191780821918,
                    "delta_t_1": -0.15165016303278778,
                    "option_price_t_1": 3.38,
                    "underlying_t_1": 5087.03,
                    "Option_PnL": 0.0005662177266927278,
                    "Delta_PnL": 0.0003101726708165292,
                    "Total_PnL": 0.0002560450558761986,
                    "delta_t": -0.15002059597642292,
                    "option_price_t": 2.89,
                    "underlying_price_t": 5088.8
                }
            },
            "sv_2024-01-10_2024-03-15": {
                "call": {
                    "start_date": "2024-01-10",
                    "strike": 4750.0,
                    "maturity": "2024-03-15",
                    "units": -0.0011679243252862002,
                    "gamma": 0.001431727361012491,
                    "vega": 796.2216990268364,
                    "tau": 0.1780821917808219,
                    "delta_t_1": 0.8500723816723699,
                    "option_price_t_1": 340.41,
                    "underlying_t_1": 5087.03,
                    "Option_PnL": -0.0014949431363663044,
                    "Delta_PnL": -0.001757291776672604,
                    "Total_PnL": 0.00026234864030629966,
                    "delta_t": 0.8517021484887988,
                    "option_price_t": 341.69,
                    "underlying_price_t": 5088.8
                },
                "put": {
                    "start_date": "2024-01-10",
                    "strike": 4750.0,
                    "maturity": "2024-03-15",
                    "units": -0.0011679243252862002,
                    "gamma": 0.001431727361012491,
                    "vega": 796.2216990268364,
                    "tau": 0.1780821917808219,
                    "delta_t_1": -0.14992761832763013,
                    "option_price_t_1": 3.38,
                    "underlying_t_1": 5087.03,
                    "Option_PnL": 0.0005722829193902378,
                    "Delta_PnL": 0.0003099342790844804,
                    "Total_PnL": 0.0002623486403057574,
                    "delta_t": -0.14829785151120123,
                    "option_price_t": 2.89,
                    "underlying_price_t": 5088.8
                }
            },
            "sv_2024-01-11_2024-03-15": {
                "call": {
                    "start_date": "2024-01-11",
                    "strike": 4800.0,
                    "maturity": "2024-03-15",
                    "units": -0.0011663196138315395,
                    "gamma": 0.0014565853151605125,
                    "vega": 797.7989778187459,
                    "tau": 0.17534246575342466,
                    "delta_t_1": 0.8132521439555953,
                    "option_price_t_1": 293.34,
                    "underlying_t_1": 5087.03,
                    "Option_PnL": -0.0011663196138315395,
                    "Delta_PnL": -0.001678866109880566,
                    "Total_PnL": 0.0005125464960490265,
                    "delta_t": 0.8150636629479229,
                    "option_price_t": 294.34,
                    "underlying_price_t": 5088.8
                },
                "put": {
                    "start_date": "2024-01-11",
                    "strike": 4800.0,
                    "maturity": "2024-03-15",
                    "units": -0.0011663196138315395,
                    "gamma": 0.0014565853151605125,
                    "vega": 797.7989778187459,
                    "tau": 0.17534246575342466,
                    "delta_t_1": -0.1867478560444047,
                    "option_price_t_1": 6.31,
                    "underlying_t_1": 5087.03,
                    "Option_PnL": 0.000898066102650285,
                    "Delta_PnL": 0.0003855196066017682,
                    "Total_PnL": 0.0005125464960485167,
                    "delta_t": -0.18493633705207713,
                    "option_price_t": 5.54,
                    "underlying_price_t": 5088.8
                }
            },
            "sv_2024-01-12_2024-03-15": {
                "call": {
                    "start_date": "2024-01-12",
                    "strike": 4800.0,
                    "maturity": "2024-03-15",
                    "units": -0.0011746105996488332,
                    "gamma": 0.0014705214892240914,
                    "vega": 792.498403132488,
                    "tau": 0.1726027397260274,
                    "delta_t_1": 0.8149925502698372,
                    "option_price_t_1": 293.34,
                    "underlying_t_1": 5087.03,
                    "Option_PnL": -0.0011746105996488332,
                    "Delta_PnL": -0.0016944190320821778,
                    "Total_PnL": 0.0005198084324333446,
                    "delta_t": 0.8168080152999857,
                    "option_price_t": 294.34,
                    "underlying_price_t": 5088.8
                },
                "put": {
                    "start_date": "2024-01-12",
                    "strike": 4800.0,
                    "maturity": "2024-03-15",
                    "units": -0.0011746105996488332,
                    "gamma": 0.0014705214892240914,
                    "vega": 792.498403132488,
                    "tau": 0.1726027397260274,
                    "delta_t_1": -0.1850074497301628,
                    "option_price_t_1": 6.31,
                    "underlying_t_1": 5087.03,
                    "Option_PnL": 0.0009044501617296011,
                    "Delta_PnL": 0.00038464172929676964,
                    "Total_PnL": 0.0005198084324328314,
                    "delta_t": -0.1831919847000143,
                    "option_price_t": 5.54,
                    "underlying_price_t": 5088.8
                }
            },
            "sv_2024-01-16_2024-03-15": {
                "call": {
                    "start_date": "2024-01-16",
                    "strike": 4800.0,
                    "maturity": "2024-03-15",
                    "units": -0.0012271672947052638,
                    "gamma": 0.0015068911482450911,
                    "vega": 760.5430341511925,
                    "tau": 0.16164383561643836,
                    "delta_t_1": 0.8222898794534612,
                    "option_price_t_1": 293.34,
                    "underlying_t_1": 5087.03,
                    "Option_PnL": -0.0012271672947052638,
                    "Delta_PnL": -0.0017860844268938266,
                    "Total_PnL": 0.0005589171321885628,
                    "delta_t": 0.8241199598703817,
                    "option_price_t": 294.34,
                    "underlying_price_t": 5088.8
                },
                "put": {
                    "start_date": "2024-01-16",
                    "strike": 4800.0,
                    "maturity": "2024-03-15",
                    "units": -0.0012271672947052638,
                    "gamma": 0.0015068911482450911,
                    "vega": 760.5430341511925,
                    "tau": 0.16164383561643836,
                    "delta_t_1": -0.17771012054653879,
                    "option_price_t_1": 6.31,
                    "underlying_t_1": 5087.03,
                    "Option_PnL": 0.0009449188169230526,
                    "Delta_PnL": 0.0003860016847350261,
                    "Total_PnL": 0.0005589171321880265,
                    "delta_t": -0.17588004012961833,
                    "option_price_t": 5.54,
                    "underlying_price_t": 5088.8
                }
            },
            "sv_2024-01-17_2024-03-15": {
                "call": {
                    "start_date": "2024-01-17",
                    "strike": 4750.0,
                    "maturity": "2024-03-15",
                    "units": -0.0012402042087165956,
                    "gamma": 0.001523540070591434,
                    "vega": 753.6050064101001,
                    "tau": 0.1589041095890411,
                    "delta_t_1": 0.8629406504635648,
                    "option_price_t_1": 340.41,
                    "underlying_t_1": 5087.03,
                    "Option_PnL": -0.0015874613871572085,
                    "Delta_PnL": -0.0018942940490427303,
                    "Total_PnL": 0.0003068326618855218,
                    "delta_t": 0.8645655181601625,
                    "option_price_t": 341.69,
                    "underlying_price_t": 5088.8
                },
                "put": {
                    "start_date": "2024-01-17",
                    "strike": 4750.0,
                    "maturity": "2024-03-15",
                    "units": -0.0012402042087165956,
                    "gamma": 0.001523540070591434,
                    "vega": 753.6050064101001,
                    "tau": 0.1589041095890411,
                    "delta_t_1": -0.13705934953643517,
                    "option_price_t_1": 3.38,
                    "underlying_t_1": 5087.03,
                    "Option_PnL": 0.0006077000622711316,
                    "Delta_PnL": 0.00030086740038618543,
                    "Total_PnL": 0.00030683266188494615,
                    "delta_t": -0.13543448183983753,
                    "option_price_t": 2.89,
                    "underlying_price_t": 5088.8
                }
            },
            "sv_2024-01-18_2024-03-15": {
                "call": {
                    "start_date": "2024-01-18",
                    "strike": 4750.0,
                    "maturity": "2024-03-15",
                    "units": -0.001249332260656631,
                    "gamma": 0.001502065279221536,
                    "vega": 745.7803658931081,
                    "tau": 0.15616438356164383,
                    "delta_t_1": 0.8649031572210628,
                    "option_price_t_1": 340.41,
                    "underlying_t_1": 5087.03,
                    "Option_PnL": -0.0015991452936404535,
                    "Delta_PnL": -0.0019125760074887566,
                    "Total_PnL": 0.0003134307138483031,
                    "delta_t": 0.8665262419794442,
                    "option_price_t": 341.69,
                    "underlying_price_t": 5088.8
                },
                "put": {
                    "start_date": "2024-01-18",
                    "strike": 4750.0,
                    "maturity": "2024-03-15",
                    "units": -0.001249332260656631,
                    "gamma": 0.001502065279221536,
                    "vega": 745.7803658931081,
                    "tau": 0.15616438356164383,
                    "delta_t_1": -0.1350968427789372,
                    "option_price_t_1": 3.38,
                    "underlying_t_1": 5087.03,
                    "Option_PnL": 0.0006121728077217489,
                    "Delta_PnL": 0.0002987420938740257,
                    "Total_PnL": 0.0003134307138477232,
                    "delta_t": -0.13347375802055583,
                    "option_price_t": 2.89,
                    "underlying_price_t": 5088.8
                }
            },
            "sv_2024-01-19_2024-03-15": {
                "call": {
                    "start_date": "2024-01-19",
                    "strike": 4800.0,
                    "maturity": "2024-03-15",
                    "units": -0.0012577641323225923,
                    "gamma": 0.0014430757365287944,
                    "vega": 744.7992775802269,
                    "tau": 0.15342465753424658,
                    "delta_t_1": 0.8281442860699031,
                    "option_price_t_1": 293.34,
                    "underlying_t_1": 5087.03,
                    "Option_PnL": -0.0012577641323225923,
                    "Delta_PnL": -0.0018436500175501797,
                    "Total_PnL": 0.0005858858852275874,
                    "delta_t": 0.8299837655714319,
                    "option_price_t": 294.34,
                    "underlying_price_t": 5088.8
                },
                "put": {
                    "start_date": "2024-01-19",
                    "strike": 4800.0,
                    "maturity": "2024-03-15",
                    "units": -0.0012577641323225923,
                    "gamma": 0.0014430757365287944,
                    "vega": 744.7992775802269,
                    "tau": 0.15342465753424658,
                    "delta_t_1": -0.1718557139300969,
                    "option_price_t_1": 6.31,
                    "underlying_t_1": 5087.03,
                    "Option_PnL": 0.0009684783818883955,
                    "Delta_PnL": 0.00038259249666135767,
                    "Total_PnL": 0.0005858858852270379,
                    "delta_t": -0.17001623442856806,
                    "option_price_t": 5.54,
                    "underlying_price_t": 5088.8
                }
            },
            "sv_2024-01-22_2024-04-19": {
                "call": {
                    "start_date": "2024-01-22",
                    "strike": 4850.0,
                    "maturity": "2024-04-19",
                    "units": -0.000988315409080919,
                    "gamma": 0.001177855899838304,
                    "vega": 949.5137223452045,
                    "tau": 0.2410958904109589,
                    "delta_t_1": 0.7387642712995081,
                    "option_price_t_1": 279.08,
                    "underlying_t_1": 5087.03,
                    "Option_PnL": -0.0003557935472691443,
                    "Delta_PnL": -0.0012923338400169391,
                    "Total_PnL": 0.0009365402927477948,
                    "delta_t": 0.7405467732919476,
                    "option_price_t": 279.44,
                    "underlying_price_t": 5088.8
                },
                "put": {
                    "start_date": "2024-01-22",
                    "strike": 4850.0,
                    "maturity": "2024-04-19",
                    "units": -0.000988315409080919,
                    "gamma": 0.001177855899838304,
                    "vega": 949.5137223452045,
                    "tau": 0.2410958904109589,
                    "delta_t_1": -0.26123572870049194,
                    "option_price_t_1": 42.05,
                    "underlying_t_1": 5087.03,
                    "Option_PnL": 0.0013935247268040923,
                    "Delta_PnL": 0.0004569844340567189,
                    "Total_PnL": 0.0009365402927473735,
                    "delta_t": -0.2594532267080524,
                    "option_price_t": 40.64,
                    "underlying_price_t": 5088.8
                }
            },
            "sv_2024-01-23_2024-04-19": {
                "call": {
                    "start_date": "2024-01-23",
                    "strike": 4850.0,
                    "maturity": "2024-04-19",
                    "units": -0.0009937142690983317,
                    "gamma": 0.0011904871776629777,
                    "vega": 944.5951174334452,
                    "tau": 0.23835616438356164,
                    "delta_t_1": 0.7398070844000857,
                    "option_price_t_1": 279.08,
                    "underlying_t_1": 5087.03,
                    "Option_PnL": -0.000357737136875413,
                    "Delta_PnL": -0.001301227635382987,
                    "Total_PnL": 0.0009434904985075739,
                    "delta_t": 0.7415963720408161,
                    "option_price_t": 279.44,
                    "underlying_price_t": 5088.8
                },
                "put": {
                    "start_date": "2024-01-23",
                    "strike": 4850.0,
                    "maturity": "2024-04-19",
                    "units": -0.0009937142690983317,
                    "gamma": 0.0011904871776629777,
                    "vega": 944.5951174334452,
                    "tau": 0.23835616438356164,
                    "delta_t_1": -0.2601929155999143,
                    "option_price_t_1": 42.05,
                    "underlying_t_1": 5087.03,
                    "Option_PnL": 0.0014011371194286443,
                    "Delta_PnL": 0.00045764662092149383,
                    "Total_PnL": 0.0009434904985071504,
                    "delta_t": -0.2584036279591839,
                    "option_price_t": 40.64,
                    "underlying_price_t": 5088.8
                }
            },
            "sv_2024-01-24_2024-04-19": {
                "call": {
                    "start_date": "2024-01-24",
                    "strike": 4850.0,
                    "maturity": "2024-04-19",
                    "units": -0.0010000483466137615,
                    "gamma": 0.00119650166407864,
                    "vega": 938.9680108262687,
                    "tau": 0.2356164383561644,
                    "delta_t_1": 0.7408666809922435,
                    "option_price_t_1": 279.08,
                    "underlying_t_1": 5087.03,
                    "Option_PnL": -0.00036001740478096777,
                    "Delta_PnL": -0.0013113974239162306,
                    "Total_PnL": 0.0009513800191352629,
                    "delta_t": 0.7426628115665193,
                    "option_price_t": 279.44,
                    "underlying_price_t": 5088.8
                },
                "put": {
                    "start_date": "2024-01-24",
                    "strike": 4850.0,
                    "maturity": "2024-04-19",
                    "units": -0.0010000483466137615,
                    "gamma": 0.00119650166407864,
                    "vega": 938.9680108262687,
                    "tau": 0.2356164383561644,
                    "delta_t_1": -0.2591333190077565,
                    "option_price_t_1": 42.05,
                    "underlying_t_1": 5087.03,
                    "Option_PnL": 0.0014100681687254002,
                    "Delta_PnL": 0.00045868814959056374,
                    "Total_PnL": 0.0009513800191348364,
                    "delta_t": -0.25733718843348075,
                    "option_price_t": 40.64,
                    "underlying_price_t": 5088.8
                }
            },
            "sv_2024-01-25_2024-04-19": {
                "call": {
                    "start_date": "2024-01-25",
                    "strike": 4850.0,
                    "maturity": "2024-04-19",
                    "units": -0.0010094517994010078,
                    "gamma": 0.001182763826877368,
                    "vega": 929.1154348156857,
                    "tau": 0.2328767123287671,
                    "delta_t_1": 0.7419434937092348,
                    "option_price_t_1": 279.08,
                    "underlying_t_1": 5087.03,
                    "Option_PnL": -0.00036340264778437657,
                    "Delta_PnL": -0.0013256524647585505,
                    "Total_PnL": 0.000962249816974174,
                    "delta_t": 0.7437465246599921,
                    "option_price_t": 279.44,
                    "underlying_price_t": 5088.8
                },
                "put": {
                    "start_date": "2024-01-25",
                    "strike": 4850.0,
                    "maturity": "2024-04-19",
                    "units": -0.0010094517994010078,
                    "gamma": 0.001182763826877368,
                    "vega": 929.1154348156857,
                    "tau": 0.2328767123287671,
                    "delta_t_1": -0.25805650629076515,
                    "option_price_t_1": 42.05,
                    "underlying_t_1": 5087.03,
                    "Option_PnL": 0.0014233270371554175,
                    "Delta_PnL": 0.0004610772201816739,
                    "Total_PnL": 0.0009622498169737435,
                    "delta_t": -0.25625347534000786,
                    "option_price_t": 40.64,
                    "underlying_price_t": 5088.8
                }
            },
            "sv_2024-01-26_2024-04-19": {
                "call": {
                    "start_date": "2024-01-26",
                    "strike": 4900.0,
                    "maturity": "2024-04-19",
                    "units": -0.0010027238777879,
                    "gamma": 0.0012079112616155561,
                    "vega": 936.0288849293172,
                    "tau": 0.23013698630136986,
                    "delta_t_1": 0.6987422085938751,
                    "option_price_t_1": 242.26,
                    "underlying_t_1": 5087.03,
                    "Option_PnL": -0.00014038134289032082,
                    "Delta_PnL": -0.0012401425296466439,
                    "Total_PnL": 0.001099761186756323,
                    "delta_t": 0.700607772807488,
                    "option_price_t": 242.4,
                    "underlying_price_t": 5088.8
                },
                "put": {
                    "start_date": "2024-01-26",
                    "strike": 4900.0,
                    "maturity": "2024-04-19",
                    "units": -0.0010027238777879,
                    "gamma": 0.0012079112616155561,
                    "vega": 936.0288849293172,
                    "tau": 0.23013698630136986,
                    "delta_t_1": -0.30125779140612485,
                    "option_price_t_1": 55.23,
                    "underlying_t_1": 5087.03,
                    "Option_PnL": 0.0016344399207942723,
                    "Delta_PnL": 0.0005346787340383769,
                    "Total_PnL": 0.0010997611867558954,
                    "delta_t": -0.299392227192512,
                    "option_price_t": 53.6,
                    "underlying_price_t": 5088.8
                }
            },
            "sv_2024-01-29_2024-04-19": {
                "call": {
                    "start_date": "2024-01-29",
                    "strike": 4900.0,
                    "maturity": "2024-04-19",
                    "units": -0.001021157650299589,
                    "gamma": 0.0012543168031825586,
                    "vega": 919.4006173469025,
                    "tau": 0.2219178082191781,
                    "delta_t_1": 0.7015727973764012,
                    "option_price_t_1": 242.26,
                    "underlying_t_1": 5087.03,
                    "Option_PnL": -0.00014296207104195756,
                    "Delta_PnL": -0.001268057079831215,
                    "Total_PnL": 0.0011250950087892573,
                    "delta_t": 0.7034653690213634,
                    "option_price_t": 242.4,
                    "underlying_price_t": 5088.8
                },
                "put": {
                    "start_date": "2024-01-29",
                    "strike": 4900.0,
                    "maturity": "2024-04-19",
                    "units": -0.001021157650299589,
                    "gamma": 0.0012543168031825586,
                    "vega": 919.4006173469025,
                    "tau": 0.2219178082191781,
                    "delta_t_1": -0.2984272026235988,
                    "option_price_t_1": 55.23,
                    "underlying_t_1": 5087.03,
                    "Option_PnL": 0.0016644869699883255,
                    "Delta_PnL": 0.0005393919611995035,
                    "Total_PnL": 0.001125095008788822,
                    "delta_t": -0.29653463097863664,
                    "option_price_t": 53.6,
                    "underlying_price_t": 5088.8
                }
            },
            "sv_2024-01-30_2024-04-19": {
                "call": {
                    "start_date": "2024-01-30",
                    "strike": 4950.0,
                    "maturity": "2024-04-19",
                    "units": -0.0010224347263526373,
                    "gamma": 0.0012694456374162887,
                    "vega": 918.7954871683146,
                    "tau": 0.2191780821917808,
                    "delta_t_1": 0.6546523392855179,
                    "option_price_t_1": 208.16,
                    "underlying_t_1": 5087.03,
                    "Option_PnL": 5.112173631761443e-05,
                    "Delta_PnL": -0.0011847305351113916,
                    "Total_PnL": 0.001235852271429006,
                    "delta_t": 0.6565793887684866,
                    "option_price_t": 208.11,
                    "underlying_price_t": 5088.8
                },
                "put": {
                    "start_date": "2024-01-30",
                    "strike": 4950.0,
                    "maturity": "2024-04-19",
                    "units": -0.0010224347263526373,
                    "gamma": 0.0012694456374162887,
                    "vega": 918.7954871683146,
                    "tau": 0.2191780821917808,
                    "delta_t_1": -0.3453476607144821,
                    "option_price_t_1": 71.13,
                    "underlying_t_1": 5087.03,
                    "Option_PnL": 0.001860831201961793,
                    "Delta_PnL": 0.000624978930533223,
                    "Total_PnL": 0.0012358522714285701,
                    "delta_t": -0.34342061123151335,
                    "option_price_t": 69.31,
                    "underlying_price_t": 5088.8
                }
            },
            "sv_2024-01-31_2024-04-19": {
                "call": {
                    "start_date": "2024-01-31",
                    "strike": 4900.0,
                    "maturity": "2024-04-19",
                    "units": -0.001050350081007503,
                    "gamma": 0.0011790876934823131,
                    "vega": 892.1968450409905,
                    "tau": 0.21643835616438356,
                    "delta_t_1": 0.703546690995278,
                    "option_price_t_1": 242.26,
                    "underlying_t_1": 5087.03,
                    "Option_PnL": -0.00014704901134106595,
                    "Delta_PnL": -0.0013079774732669507,
                    "Total_PnL": 0.0011609284619258848,
                    "delta_t": 0.7054578560102682,
                    "option_price_t": 242.4,
                    "underlying_price_t": 5088.8
                },
                "put": {
                    "start_date": "2024-01-31",
                    "strike": 4900.0,
                    "maturity": "2024-04-19",
                    "units": -0.001050350081007503,
                    "gamma": 0.0011790876934823131,
                    "vega": 892.1968450409905,
                    "tau": 0.21643835616438356,
                    "delta_t_1": -0.296453309004722,
                    "option_price_t_1": 55.23,
                    "underlying_t_1": 5087.03,
                    "Option_PnL": 0.0017120706320422252,
                    "Delta_PnL": 0.0005511421701167881,
                    "Total_PnL": 0.001160928461925437,
                    "delta_t": -0.2945421439897318,
                    "option_price_t": 53.6,
                    "underlying_price_t": 5088.8
                }
            },
            "sv_2024-02-01_2024-04-19": {
                "call": {
                    "start_date": "2024-02-01",
                    "strike": 4850.0,
                    "maturity": "2024-04-19",
                    "units": -0.001049108552028969,
                    "gamma": 0.001123762610380538,
                    "vega": 887.2746114105804,
                    "tau": 0.2136986301369863,
                    "delta_t_1": 0.7500030260870604,
                    "option_price_t_1": 279.08,
                    "underlying_t_1": 5087.03,
                    "Option_PnL": -0.00037767907873044313,
                    "Delta_PnL": -0.0013926972220268511,
                    "Total_PnL": 0.001015018143296408,
                    "delta_t": 0.7518559698065554,
                    "option_price_t": 279.44,
                    "underlying_price_t": 5088.8
                },
                "put": {
                    "start_date": "2024-02-01",
                    "strike": 4850.0,
                    "maturity": "2024-04-19",
                    "units": -0.001049108552028969,
                    "gamma": 0.001123762610380538,
                    "vega": 887.2746114105804,
                    "tau": 0.2136986301369863,
                    "delta_t_1": -0.24999697391293962,
                    "option_price_t_1": 42.05,
                    "underlying_t_1": 5087.03,
                    "Option_PnL": 0.0014792430583608427,
                    "Delta_PnL": 0.0004642249150648821,
                    "Total_PnL": 0.0010150181432959605,
                    "delta_t": -0.24814403019344455,
                    "option_price_t": 40.64,
                    "underlying_price_t": 5088.8
                }
            },
            "sv_2024-02-02_2024-04-19": {
                "call": {
                    "start_date": "2024-02-02",
                    "strike": 4900.0,
                    "maturity": "2024-04-19",
                    "units": -0.0010405001400448934,
                    "gamma": 0.0011000140062988844,
                    "vega": 890.2886540416781,
                    "tau": 0.21095890410958903,
                    "delta_t_1": 0.7055948840606597,
                    "option_price_t_1": 242.26,
                    "underlying_t_1": 5087.03,
                    "Option_PnL": -0.00014567001960630045,
                    "Delta_PnL": -0.0012994836889540565,
                    "Total_PnL": 0.001153813669347756,
                    "delta_t": 0.7075251344668326,
                    "option_price_t": 242.4,
                    "underlying_price_t": 5088.8
                },
                "put": {
                    "start_date": "2024-02-02",
                    "strike": 4900.0,
                    "maturity": "2024-04-19",
                    "units": -0.0010405001400448934,
                    "gamma": 0.0011000140062988844,
                    "vega": 890.2886540416781,
                    "tau": 0.21095890410958903,
                    "delta_t_1": -0.29440511593934027,
                    "option_price_t_1": 55.23,
                    "underlying_t_1": 5087.03,
                    "Option_PnL": 0.0016960152282731716,
                    "Delta_PnL": 0.0005422015589258592,
                    "Total_PnL": 0.0011538136693473124,
                    "delta_t": -0.29247486553316737,
                    "option_price_t": 53.6,
                    "underlying_price_t": 5088.8
                }
            },
            "sv_2024-02-05_2024-04-19": {
                "call": {
                    "start_date": "2024-02-05",
                    "strike": 4950.0,
                    "maturity": "2024-04-19",
                    "units": -0.0010497626026089342,
                    "gamma": 0.0012232525695617725,
                    "vega": 887.8249388490088,
                    "tau": 0.20273972602739726,
                    "delta_t_1": 0.6593798383377169,
                    "option_price_t_1": 208.16,
                    "underlying_t_1": 5087.03,
                    "Option_PnL": 5.248813013042881e-05,
                    "Delta_PnL": -0.0012251803625065324,
                    "Total_PnL": 0.0012776684926369612,
                    "delta_t": 0.6613750854810311,
                    "option_price_t": 208.11,
                    "underlying_price_t": 5088.8
                },
                "put": {
                    "start_date": "2024-02-05",
                    "strike": 4950.0,
                    "maturity": "2024-04-19",
                    "units": -0.0010497626026089342,
                    "gamma": 0.0012232525695617725,
                    "vega": 887.8249388490088,
                    "tau": 0.20273972602739726,
                    "delta_t_1": -0.34062016166228315,
                    "option_price_t_1": 71.13,
                    "underlying_t_1": 5087.03,
                    "Option_PnL": 0.0019105679367482531,
                    "Delta_PnL": 0.0006328994441117396,
                    "Total_PnL": 0.0012776684926365136,
                    "delta_t": -0.3386249145189689,
                    "option_price_t": 69.31,
                    "underlying_price_t": 5088.8
                }
            },
            "sv_2024-02-06_2024-04-19": {
                "call": {
                    "start_date": "2024-02-06",
                    "strike": 4950.0,
                    "maturity": "2024-04-19",
                    "units": -0.001056299563096618,
                    "gamma": 0.0012541260671202297,
                    "vega": 882.9861406335625,
                    "tau": 0.2,
                    "delta_t_1": 0.6602255643539927,
                    "option_price_t_1": 208.16,
                    "underlying_t_1": 5087.03,
                    "Option_PnL": 5.281497815481289e-05,
                    "Delta_PnL": -0.0012343908760553473,
                    "Total_PnL": 0.0012872058542101603,
                    "delta_t": 0.6622328531361266,
                    "option_price_t": 208.11,
                    "underlying_price_t": 5088.8
                },
                "put": {
                    "start_date": "2024-02-06",
                    "strike": 4950.0,
                    "maturity": "2024-04-19",
                    "units": -0.001056299563096618,
                    "gamma": 0.0012541260671202297,
                    "vega": 882.9861406335625,
                    "tau": 0.2,
                    "delta_t_1": -0.3397744356460073,
                    "option_price_t_1": 71.13,
                    "underlying_t_1": 5087.03,
                    "Option_PnL": 0.0019224652048358377,
                    "Delta_PnL": 0.0006352593506261277,
                    "Total_PnL": 0.00128720585420971,
                    "delta_t": -0.33776714686387344,
                    "option_price_t": 69.31,
                    "underlying_price_t": 5088.8
                }
            },
            "sv_2024-02-07_2024-04-19": {
                "call": {
                    "start_date": "2024-02-07",
                    "strike": 4950.0,
                    "maturity": "2024-04-19",
                    "units": -0.001065934261892597,
                    "gamma": 0.0012194595468581905,
                    "vega": 871.9547019261346,
                    "tau": 0.19726027397260273,
                    "delta_t_1": 0.6610892749394682,
                    "option_price_t_1": 208.16,
                    "underlying_t_1": 5087.03,
                    "Option_PnL": 5.329671309461167e-05,
                    "Delta_PnL": -0.0012472795437403616,
                    "Total_PnL": 0.0013005762568349733,
                    "delta_t": 0.6631088128409033,
                    "option_price_t": 208.11,
                    "underlying_price_t": 5088.8
                },
                "put": {
                    "start_date": "2024-02-07",
                    "strike": 4950.0,
                    "maturity": "2024-04-19",
                    "units": -0.001065934261892597,
                    "gamma": 0.0012194595468581905,
                    "vega": 871.9547019261346,
                    "tau": 0.19726027397260273,
                    "delta_t_1": -0.33891072506053177,
                    "option_price_t_1": 71.13,
                    "underlying_t_1": 5087.03,
                    "Option_PnL": 0.0019400003566445191,
                    "Delta_PnL": 0.0006394240998100002,
                    "Total_PnL": 0.0013005762568345188,
                    "delta_t": -0.3368911871590967,
                    "option_price_t": 69.31,
                    "underlying_price_t": 5088.8
                }
            },
            "sv_2024-02-08_2024-04-19": {
                "call": {
                    "start_date": "2024-02-08",
                    "strike": 5000.0,
                    "maturity": "2024-04-19",
                    "units": -0.0010577117046911102,
                    "gamma": 0.001247461085234614,
                    "vega": 879.1047402548611,
                    "tau": 0.19452054794520549,
                    "delta_t_1": 0.6091901065165441,
                    "option_price_t_1": 176.97,
                    "underlying_t_1": 5087.03,
                    "Option_PnL": 0.00025385080912587607,
                    "Delta_PnL": -0.0011404950856991755,
                    "Total_PnL": 0.0013943458948250515,
                    "delta_t": 0.6112178588289127,
                    "option_price_t": 176.73,
                    "underlying_price_t": 5088.8
                },
                "put": {
                    "start_date": "2024-02-08",
                    "strike": 5000.0,
                    "maturity": "2024-04-19",
                    "units": -0.0010577117046911102,
                    "gamma": 0.001247461085234614,
                    "vega": 879.1047402548611,
                    "tau": 0.19452054794520549,
                    "delta_t_1": -0.39080989348345585,
                    "option_price_t_1": 89.94,
                    "underlying_t_1": 5087.03,
                    "Option_PnL": 0.002126000526429122,
                    "Delta_PnL": 0.0007316546316045515,
                    "Total_PnL": 0.0013943458948245703,
                    "delta_t": -0.38878214117108734,
                    "option_price_t": 87.93,
                    "underlying_price_t": 5088.8
                }
            },
            "sv_2024-02-09_2024-04-19": {
                "call": {
                    "start_date": "2024-02-09",
                    "strike": 5000.0,
                    "maturity": "2024-04-19",
                    "units": -0.001063798414472582,
                    "gamma": 0.0012353393258228511,
                    "vega": 872.3930301660467,
                    "tau": 0.1917808219178082,
                    "delta_t_1": 0.6097528783717616,
                    "option_price_t_1": 176.97,
                    "underlying_t_1": 5087.03,
                    "Option_PnL": 0.00025531161947342935,
                    "Delta_PnL": -0.0011481178370608756,
                    "Total_PnL": 0.001403429456534305,
                    "delta_t": 0.6117945966674909,
                    "option_price_t": 176.73,
                    "underlying_price_t": 5088.8
                },
                "put": {
                    "start_date": "2024-02-09",
                    "strike": 5000.0,
                    "maturity": "2024-04-19",
                    "units": -0.001063798414472582,
                    "gamma": 0.0012353393258228511,
                    "vega": 872.3930301660467,
                    "tau": 0.1917808219178082,
                    "delta_t_1": -0.3902471216282384,
                    "option_price_t_1": 89.94,
                    "underlying_t_1": 5087.03,
                    "Option_PnL": 0.0021382348130898803,
                    "Delta_PnL": 0.0007348053565560589,
                    "Total_PnL": 0.0014034294565338215,
                    "delta_t": -0.3882054033325091,
                    "option_price_t": 87.93,
                    "underlying_price_t": 5088.8
                }
            },
            "sv_2024-02-12_2024-04-19": {
                "call": {
                    "start_date": "2024-02-12",
                    "strike": 5050.0,
                    "maturity": "2024-04-19",
                    "units": -0.0010848507683168063,
                    "gamma": 0.001268316227052709,
                    "vega": 856.8983850994144,
                    "tau": 0.18356164383561643,
                    "delta_t_1": 0.5556516817826465,
                    "option_price_t_1": 148.8,
                    "underlying_t_1": 5087.03,
                    "Option_PnL": 0.0004230917996435705,
                    "Delta_PnL": -0.0010669545024004834,
                    "Total_PnL": 0.001490046302044054,
                    "delta_t": 0.5576899177699952,
                    "option_price_t": 148.41,
                    "underlying_price_t": 5088.8
                },
                "put": {
                    "start_date": "2024-02-12",
                    "strike": 5050.0,
                    "maturity": "2024-04-19",
                    "units": -0.0010848507683168063,
                    "gamma": 0.001268316227052709,
                    "vega": 856.8983850994144,
                    "tau": 0.18356164383561643,
                    "delta_t_1": -0.44434831821735354,
                    "option_price_t_1": 111.77,
                    "underlying_t_1": 5087.03,
                    "Option_PnL": 0.0023432776595642977,
                    "Delta_PnL": 0.0008532313575207372,
                    "Total_PnL": 0.0014900463020435604,
                    "delta_t": -0.4423100822300048,
                    "option_price_t": 109.61,
                    "underlying_price_t": 5088.8
                }
            },
            "sv_2024-02-13_2024-04-19": {
                "call": {
                    "start_date": "2024-02-13",
                    "strike": 5000.0,
                    "maturity": "2024-04-19",
                    "units": -0.0011135260464522438,
                    "gamma": 0.0012196602832538074,
                    "vega": 835.1506600734372,
                    "tau": 0.18082191780821918,
                    "delta_t_1": 0.6121425536634113,
                    "option_price_t_1": 176.97,
                    "underlying_t_1": 5087.03,
                    "Option_PnL": 0.00026724625114854864,
                    "Delta_PnL": -0.0012064969194337156,
                    "Total_PnL": 0.0014737431705822643,
                    "delta_t": 0.6142430393314977,
                    "option_price_t": 176.73,
                    "underlying_price_t": 5088.8
                },
                "put": {
                    "start_date": "2024-02-13",
                    "strike": 5000.0,
                    "maturity": "2024-04-19",
                    "units": -0.0011135260464522438,
                    "gamma": 0.0012196602832538074,
                    "vega": 835.1506600734372,
                    "tau": 0.18082191780821918,
                    "delta_t_1": -0.3878574463365887,
                    "option_price_t_1": 89.94,
                    "underlying_t_1": 5087.03,
                    "Option_PnL": 0.002238187353369,
                    "Delta_PnL": 0.0007644441827872421,
                    "Total_PnL": 0.0014737431705817577,
                    "delta_t": -0.3857569606685023,
                    "option_price_t": 87.93,
                    "underlying_price_t": 5088.8
                }
            },
            "sv_2024-02-14_2024-04-19": {
                "call": {
                    "start_date": "2024-02-14",
                    "strike": 4950.0,
                    "maturity": "2024-04-19",
                    "units": -0.0011194874647480952,
                    "gamma": 0.0011995180124186994,
                    "vega": 827.0615282698853,
                    "tau": 0.1780821917808219,
                    "delta_t_1": 0.6676938033220688,
                    "option_price_t_1": 208.16,
                    "underlying_t_1": 5087.03,
                    "Option_PnL": 5.597437323738567e-05,
                    "Delta_PnL": -0.0013230304723033204,
                    "Total_PnL": 0.001379004845540706,
                    "delta_t": 0.6698054220327784,
                    "option_price_t": 208.11,
                    "underlying_price_t": 5088.8
                },
                "put": {
                    "start_date": "2024-02-14",
                    "strike": 4950.0,
                    "maturity": "2024-04-19",
                    "units": -0.0011194874647480952,
                    "gamma": 0.0011995180124186994,
                    "vega": 827.0615282698853,
                    "tau": 0.1780821917808219,
                    "delta_t_1": -0.33230619667793115,
                    "option_price_t_1": 71.13,
                    "underlying_t_1": 5087.03,
                    "Option_PnL": 0.0020374671858415256,
                    "Delta_PnL": 0.000658462340301297,
                    "Total_PnL": 0.0013790048455402286,
                    "delta_t": -0.3301945779672216,
                    "option_price_t": 69.31,
                    "underlying_price_t": 5088.8
                }
            },
            "sv_2024-02-15_2024-04-19": {
                "call": {
                    "start_date": "2024-02-15",
                    "strike": 5000.0,
                    "maturity": "2024-04-19",
                    "units": -0.0011096884474819152,
                    "gamma": 0.0012403904135991695,
                    "vega": 833.674508223258,
                    "tau": 0.17534246575342466,
                    "delta_t_1": 0.6134280455916888,
                    "option_price_t_1": 176.97,
                    "underlying_t_1": 5087.03,
                    "Option_PnL": 0.0002663252273956697,
                    "Delta_PnL": -0.0012048638075317741,
                    "Total_PnL": 0.0014711890349274439,
                    "delta_t": 0.6155598027739344,
                    "option_price_t": 176.73,
                    "underlying_price_t": 5088.8
                },
                "put": {
                    "start_date": "2024-02-15",
                    "strike": 5000.0,
                    "maturity": "2024-04-19",
                    "units": -0.0011096884474819152,
                    "gamma": 0.0012403904135991695,
                    "vega": 833.674508223258,
                    "tau": 0.17534246575342466,
                    "delta_t_1": -0.38657195440831116,
                    "option_price_t_1": 89.94,
                    "underlying_t_1": 5087.03,
                    "Option_PnL": 0.0022304737794386392,
                    "Delta_PnL": 0.0007592847445117004,
                    "Total_PnL": 0.0014711890349269389,
                    "delta_t": -0.3844401972260656,
                    "option_price_t": 87.93,
                    "underlying_price_t": 5088.8
                }
            },
            "sv_2024-02-16_2024-04-19": {
                "call": {
                    "start_date": "2024-02-16",
                    "strike": 5050.0,
                    "maturity": "2024-04-19",
                    "units": -0.001118880948809591,
                    "gamma": 0.00125311362840463,
                    "vega": 824.798674381658,
                    "tau": 0.1726027397260274,
                    "delta_t_1": 0.5565355283157432,
                    "option_price_t_1": 148.8,
                    "underlying_t_1": 5087.03,
                    "Option_PnL": 0.00043636357003575704,
                    "Delta_PnL": -0.0011021736899439253,
                    "Total_PnL": 0.0015385372599796823,
                    "delta_t": 0.5586384426424934,
                    "option_price_t": 148.41,
                    "underlying_price_t": 5088.8
                },
                "put": {
                    "start_date": "2024-02-16",
                    "strike": 5050.0,
                    "maturity": "2024-04-19",
                    "units": -0.001118880948809591,
                    "gamma": 0.00125311362840463,
                    "vega": 824.798674381658,
                    "tau": 0.1726027397260274,
                    "delta_t_1": -0.44346447168425684,
                    "option_price_t_1": 111.77,
                    "underlying_t_1": 5087.03,
                    "Option_PnL": 0.002416782849428713,
                    "Delta_PnL": 0.0008782455894495395,
                    "Total_PnL": 0.0015385372599791734,
                    "delta_t": -0.4413615573575066,
                    "option_price_t": 109.61,
                    "underlying_price_t": 5088.8
                }
            },
            "sv_2024-02-20_2024-05-17": {
                "call": {
                    "start_date": "2024-02-20",
                    "strike": 5000.0,
                    "maturity": "2024-05-17",
                    "units": -0.0009553697176349442,
                    "gamma": 0.0010612956364964173,
                    "vega": 968.7229277068255,
                    "tau": 0.23835616438356164,
                    "delta_t_1": 0.6016801144252047,
                    "option_price_t_1": 204.61,
                    "underlying_t_1": 5087.03,
                    "Option_PnL": 0.0001337517604689063,
                    "Delta_PnL": -0.0010174437210144457,
                    "Total_PnL": 0.001151195481483352,
                    "delta_t": 0.6035161961539988,
                    "option_price_t": 204.47,
                    "underlying_price_t": 5088.8
                },
                "put": {
                    "start_date": "2024-02-20",
                    "strike": 5000.0,
                    "maturity": "2024-05-17",
                    "units": -0.0009553697176349442,
                    "gamma": 0.0010612956364964173,
                    "vega": 968.7229277068255,
                    "tau": 0.23835616438356164,
                    "delta_t_1": -0.39831988557479525,
                    "option_price_t_1": 117.58,
                    "underlying_t_1": 5087.03,
                    "Option_PnL": 0.0018247561606827402,
                    "Delta_PnL": 0.0006735606791998226,
                    "Total_PnL": 0.0011511954814829176,
                    "delta_t": -0.39648380384600124,
                    "option_price_t": 115.67,
                    "underlying_price_t": 5088.8
                }
            },
            "sv_2024-02-21_2024-05-17": {
                "call": {
                    "start_date": "2024-02-21",
                    "strike": 5000.0,
                    "maturity": "2024-05-17",
                    "units": -0.0009619878078317999,
                    "gamma": 0.001108555113777208,
                    "vega": 964.6156481823442,
                    "tau": 0.2356164383561644,
                    "delta_t_1": 0.6020801214103455,
                    "option_price_t_1": 204.61,
                    "underlying_t_1": 5087.03,
                    "Option_PnL": 0.0001346782930964662,
                    "Delta_PnL": -0.0010251729129585696,
                    "Total_PnL": 0.0011598512060550358,
                    "delta_t": 0.6039266902635009,
                    "option_price_t": 204.47,
                    "underlying_price_t": 5088.8
                },
                "put": {
                    "start_date": "2024-02-21",
                    "strike": 5000.0,
                    "maturity": "2024-05-17",
                    "units": -0.0009619878078317999,
                    "gamma": 0.001108555113777208,
                    "vega": 964.6156481823442,
                    "tau": 0.2356164383561644,
                    "delta_t_1": -0.3979198785896545,
                    "option_price_t_1": 117.58,
                    "underlying_t_1": 5087.03,
                    "Option_PnL": 0.0018373967129587346,
                    "Delta_PnL": 0.0006775455069041363,
                    "Total_PnL": 0.0011598512060545982,
                    "delta_t": -0.3960733097364991,
                    "option_price_t": 115.67,
                    "underlying_price_t": 5088.8
                }
            },
            "sv_2024-02-22_2024-05-17": {
                "call": {
                    "start_date": "2024-02-22",
                    "strike": 5000.0,
                    "maturity": "2024-05-17",
                    "units": -0.0009663223208364235,
                    "gamma": 0.0009697092301376723,
                    "vega": 946.8510386366223,
                    "tau": 0.2328767123287671,
                    "delta_t_1": 0.6024880910454281,
                    "option_price_t_1": 204.61,
                    "underlying_t_1": 4981.8,
                    "delta_t": 0.6043453200566342,
                    "option_price_t": 204.47,
                    "underlying_price_t": 5088.8,
                    "Option_PnL": 0.0001352851249171136,
                    "Delta_PnL": -0.06229515287443972,
                    "Total_PnL": 0.06243043799935683
                },
                "put": {
                    "start_date": "2024-02-22",
                    "strike": 5000.0,
                    "maturity": "2024-05-17",
                    "units": -0.0009663223208364235,
                    "gamma": 0.0009697092301376723,
                    "vega": 946.8510386366223,
                    "tau": 0.2328767123287671,
                    "delta_t_1": -0.3975119089545719,
                    "option_price_t_1": 117.58,
                    "underlying_t_1": 4981.8,
                    "delta_t": -0.3956546799433658,
                    "option_price_t": 115.67,
                    "underlying_price_t": 5088.8,
                    "Option_PnL": 0.0018456756327975656,
                    "Delta_PnL": 0.04110133545505759,
                    "Total_PnL": -0.03925565982226003
                }
            },
            "sv_2024-02-23_2024-05-17": {
                "call": {
                    "start_date": "2024-02-23",
                    "strike": 5100.0,
                    "maturity": "2024-05-17",
                    "units": -0.0009402484337374524,
                    "delta_t": 0.5041675872419276,
                    "gamma": 0.001010537320206317,
                    "vega": 973.856485363009,
                    "tau": 0.23013698630136986,
                    "option_price_t": 152.08,
                    "underlying_price_t": 5087.03
                },
                "put": {
                    "start_date": "2024-02-23",
                    "strike": 5100.0,
                    "maturity": "2024-05-17",
                    "units": -0.0009402484337374524,
                    "delta_t": -0.49583241275807244,
                    "gamma": 0.001010537320206317,
                    "vega": 973.856485363009,
                    "tau": 0.23013698630136986,
                    "option_price_t": 163.28,
                    "underlying_price_t": 5087.03
                }
            }
        }
    }
}