{
    "spx_strategy": {
        "date": "2024-01-05",
        "index_levels": 117.96855326909112,
        "result": {
            "sv_2023-10-23_2024-01-19": {
                "call": {
                    "start_date": "2023-10-23",
                    "strike": 4200.0,
                    "maturity": "2024-01-19",
                    "units": -0.0010952709864238159,
                    "gamma": 0.0011500370916221186,
                    "vega": 822.6947364084548,
                    "tau": 0.2410958904109589,
                    "delta_t_1": 0.9614528410211053,
                    "option_price_t_1": 488.68,
                    "underlying_t_1": 4688.68,
                    "Option_PnL": -0.009375519643787866,
                    "Delta_PnL": -0.009014119997568485,
                    "Total_PnL": -0.0003613996462193802,
                    "delta_t": 0.9642718185652607,
                    "option_price_t": 497.24,
                    "underlying_price_t": 4697.24
                },
                "put": {
                    "start_date": "2023-10-23",
                    "strike": 4200.0,
                    "maturity": "2024-01-19",
                    "units": -0.0010952709864238159,
                    "gamma": 0.0011500370916221186,
                    "vega": 822.6947364084548,
                    "tau": 0.2410958904109589,
                    "delta_t_1": -0.03854715897889471,
                    "option_price_t_1": 0.01,
                    "underlying_t_1": 4688.68,
                    "Option_PnL": -0.0,
                    "Delta_PnL": 0.0003613996462188196,
                    "Total_PnL": -0.0003613996462188196,
                    "delta_t": -0.035728181434739326,
                    "option_price_t": 0.01,
                    "underlying_price_t": 4697.24
                }
            },
            "sv_2023-10-24_2024-01-19": {
                "call": {
                    "start_date": "2023-10-24",
                    "strike": 4200.0,
                    "maturity": "2024-01-19",
                    "units": -0.0011078327012479163,
                    "gamma": 0.0011194128663858977,
                    "vega": 814.3220914398405,
                    "tau": 0.23835616438356164,
                    "delta_t_1": 0.9622626342741964,
                    "option_price_t_1": 488.68,
                    "underlying_t_1": 4688.68,
                    "Option_PnL": -0.009483047922682166,
                    "Delta_PnL": -0.009125182675028041,
                    "Total_PnL": -0.00035786524765412525,
                    "delta_t": 0.9650482285941366,
                    "option_price_t": 497.24,
                    "underlying_price_t": 4697.24
                },
                "put": {
                    "start_date": "2023-10-24",
                    "strike": 4200.0,
                    "maturity": "2024-01-19",
                    "units": -0.0011078327012479163,
                    "gamma": 0.0011194128663858977,
                    "vega": 814.3220914398405,
                    "tau": 0.23835616438356164,
                    "delta_t_1": -0.03773736572580355,
                    "option_price_t_1": 0.01,
                    "underlying_t_1": 4688.68,
                    "Option_PnL": -0.0,
                    "Delta_PnL": 0.00035786524765355713,
                    "Total_PnL": -0.00035786524765355713,
                    "delta_t": -0.03495177140586336,
                    "option_price_t": 0.01,
                    "underlying_price_t": 4697.24
                }
            },
            "sv_2023-10-25_2024-01-19": {
                "call": {
                    "start_date": "2023-10-25",
                    "strike": 4250.0,
                    "maturity": "2024-01-19",
                    "units": -0.0011152315928321368,
                    "gamma": 0.0011177898105281013,
                    "vega": 803.3811185054147,
                    "tau": 0.2356164383561644,
                    "delta_t_1": 0.9450545664932563,
                    "option_price_t_1": 438.68,
                    "underlying_t_1": 4688.68,
                    "Option_PnL": -0.009546382434643093,
                    "Delta_PnL": -0.009021852313349926,
                    "Total_PnL": -0.000524530121293167,
                    "delta_t": 0.9487866570898803,
                    "option_price_t": 447.24,
                    "underlying_price_t": 4697.24
                },
                "put": {
                    "start_date": "2023-10-25",
                    "strike": 4250.0,
                    "maturity": "2024-01-19",
                    "units": -0.0011152315928321368,
                    "gamma": 0.0011177898105281013,
                    "vega": 803.3811185054147,
                    "tau": 0.2356164383561644,
                    "delta_t_1": -0.054945433506743746,
                    "option_price_t_1": 0.01,
                    "underlying_t_1": 4688.68,
                    "Option_PnL": -0.0,
                    "Delta_PnL": 0.0005245301212925973,
                    "Total_PnL": -0.0005245301212925973,
                    "delta_t": -0.0512133429101197,
                    "option_price_t": 0.01,
                    "underlying_price_t": 4697.24
                }
            },
            "sv_2023-10-26_2024-01-19": {
                "call": {
                    "start_date": "2023-10-26",
                    "strike": 4200.0,
                    "maturity": "2024-01-19",
                    "units": -0.0011316454648871415,
                    "gamma": 0.001143769603780592,
                    "vega": 788.882599857991,
                    "tau": 0.2328767123287671,
                    "delta_t_1": 0.9638818967311042,
                    "option_price_t_1": 488.68,
                    "underlying_t_1": 4688.68,
                    "Option_PnL": -0.009686885179433934,
                    "Delta_PnL": -0.009337013260168645,
                    "Total_PnL": -0.00034987191926528875,
                    "delta_t": 0.9665990586322409,
                    "option_price_t": 497.24,
                    "underlying_price_t": 4697.24
                },
                "put": {
                    "start_date": "2023-10-26",
                    "strike": 4200.0,
                    "maturity": "2024-01-19",
                    "units": -0.0011316454648871415,
                    "gamma": 0.001143769603780592,
                    "vega": 788.882599857991,
                    "tau": 0.2328767123287671,
                    "delta_t_1": -0.03611810326889575,
                    "option_price_t_1": 0.01,
                    "underlying_t_1": 4688.68,
                    "Option_PnL": -0.0,
                    "Delta_PnL": 0.0003498719192647096,
                    "Total_PnL": -0.0003498719192647096,
                    "delta_t": -0.03340094136775906,
                    "option_price_t": 0.01,
                    "underlying_price_t": 4697.24
                }
            },
            "sv_2023-10-27_2024-01-19": {
                "call": {
                    "start_date": "2023-10-27",
                    "strike": 4150.0,
                    "maturity": "2024-01-19",
                    "units": -0.001134655966802693,
                    "gamma": 0.0011849311129519186,
                    "vega": 786.7658425192644,
                    "tau": 0.23013698630136986,
                    "delta_t_1": 0.9773185902449719,
                    "option_price_t_1": 538.68,
                    "underlying_t_1": 4688.68,
                    "Option_PnL": -0.00971265507583112,
                    "Delta_PnL": -0.00949235836624631,
                    "Total_PnL": -0.00022029670958480935,
                    "delta_t": 0.979201650026297,
                    "option_price_t": 547.24,
                    "underlying_price_t": 4697.24
                },
                "put": {
                    "start_date": "2023-10-27",
                    "strike": 4150.0,
                    "maturity": "2024-01-19",
                    "units": -0.001134655966802693,
                    "gamma": 0.0011849311129519186,
                    "vega": 786.7658425192644,
                    "tau": 0.23013698630136986,
                    "delta_t_1": -0.02268140975502808,
                    "option_price_t_1": 0.01,
                    "underlying_t_1": 4688.68,
                    "Option_PnL": -0.0,
                    "Delta_PnL": 0.00022029670958416433,
                    "Total_PnL": -0.00022029670958416433,
                    "delta_t": -0.020798349973703,
                    "option_price_t": 0.01,
                    "underlying_price_t": 4697.24
                }
            },
            "sv_2023-10-30_2024-01-19": {
                "call": {
                    "start_date": "2023-10-30",
                    "strike": 4100.0,
                    "maturity": "2024-01-19",
                    "units": -0.001174771410181861,
                    "gamma": 0.0011194443118731391,
                    "vega": 761.5921410208056,
                    "tau": 0.2219178082191781,
                    "delta_t_1": 0.9873291746763619,
                    "option_price_t_1": 588.68,
                    "underlying_t_1": 4688.68,
                    "Option_PnL": -0.010056043271156799,
                    "Delta_PnL": -0.009928624903420367,
                    "Total_PnL": -0.00012741836773643225,
                    "delta_t": 0.9885101270432514,
                    "option_price_t": 597.24,
                    "underlying_price_t": 4697.24
                },
                "put": {
                    "start_date": "2023-10-30",
                    "strike": 4100.0,
                    "maturity": "2024-01-19",
                    "units": -0.001174771410181861,
                    "gamma": 0.0011194443118731391,
                    "vega": 761.5921410208056,
                    "tau": 0.2219178082191781,
                    "delta_t_1": -0.012670825323638057,
                    "option_price_t_1": 0.01,
                    "underlying_t_1": 4688.68,
                    "Option_PnL": -0.0,
                    "Delta_PnL": 0.0001274183677357652,
                    "Total_PnL": -0.0001274183677357652,
                    "delta_t": -0.011489872956748637,
                    "option_price_t": 0.01,
                    "underlying_price_t": 4697.24
                }
            },
            "sv_2023-10-31_2024-01-19": {
                "call": {
                    "start_date": "2023-10-31",
                    "strike": 4150.0,
                    "maturity": "2024-01-19",
                    "units": -0.0011605118771426171,
                    "gamma": 0.0011202216169663335,
                    "vega": 772.4002682841132,
                    "tau": 0.2191780821917808,
                    "delta_t_1": 0.979777980392346,
                    "option_price_t_1": 538.68,
                    "underlying_t_1": 4688.68,
                    "Option_PnL": -0.009933981668340872,
                    "Delta_PnL": -0.00973309649626096,
                    "Total_PnL": -0.00020088517207991242,
                    "delta_t": 0.9815262455176086,
                    "option_price_t": 547.24,
                    "underlying_price_t": 4697.24
                },
                "put": {
                    "start_date": "2023-10-31",
                    "strike": 4150.0,
                    "maturity": "2024-01-19",
                    "units": -0.0011605118771426171,
                    "gamma": 0.0011202216169663335,
                    "vega": 772.4002682841132,
                    "tau": 0.2191780821917808,
                    "delta_t_1": -0.020222019607654018,
                    "option_price_t_1": 0.01,
                    "underlying_t_1": 4688.68,
                    "Option_PnL": -0.0,
                    "Delta_PnL": 0.00020088517207925133,
                    "Total_PnL": -0.00020088517207925133,
                    "delta_t": -0.018473754482391413,
                    "option_price_t": 0.01,
                    "underlying_price_t": 4697.24
                }
            },
            "sv_2023-11-01_2024-01-19": {
                "call": {
                    "start_date": "2023-11-01",
                    "strike": 4200.0,
                    "maturity": "2024-01-19",
                    "units": -0.0011551494495574027,
                    "gamma": 0.001102863730416392,
                    "vega": 777.9193615349457,
                    "tau": 0.21643835616438356,
                    "delta_t_1": 0.9687238599181305,
                    "option_price_t_1": 488.68,
                    "underlying_t_1": 4688.68,
                    "Option_PnL": -0.009888079288211369,
                    "Delta_PnL": -0.009578818335252067,
                    "Total_PnL": -0.0003092609529593022,
                    "delta_t": 0.9712220618514648,
                    "option_price_t": 497.24,
                    "underlying_price_t": 4697.24
                },
                "put": {
                    "start_date": "2023-11-01",
                    "strike": 4200.0,
                    "maturity": "2024-01-19",
                    "units": -0.0011551494495574027,
                    "gamma": 0.001102863730416392,
                    "vega": 777.9193615349457,
                    "tau": 0.21643835616438356,
                    "delta_t_1": -0.03127614008186952,
                    "option_price_t_1": 0.01,
                    "underlying_t_1": 4688.68,
                    "Option_PnL": -0.0,
                    "Delta_PnL": 0.000309260952958713,
                    "Total_PnL": -0.000309260952958713,
                    "delta_t": -0.028777938148535243,
                    "option_price_t": 0.01,
                    "underlying_price_t": 4697.24
                }
            },
            "sv_2023-11-02_2024-01-19": {
                "call": {
                    "start_date": "2023-11-02",
                    "strike": 4250.0,
                    "maturity": "2024-01-19",
                    "units": -0.0011599618429974604,
                    "gamma": 0.0010515749483942306,
                    "vega": 775.9282106386381,
                    "tau": 0.2136986301369863,
                    "delta_t_1": 0.9530922964235897,
                    "option_price_t_1": 438.68,
                    "underlying_t_1": 4688.68,
                    "Option_PnL": -0.009929273376058263,
                    "Delta_PnL": -0.009463513963804415,
                    "Total_PnL": -0.00046575941225384873,
                    "delta_t": 0.9565388337234995,
                    "option_price_t": 447.24,
                    "underlying_price_t": 4697.24
                },
                "put": {
                    "start_date": "2023-11-02",
                    "strike": 4250.0,
                    "maturity": "2024-01-19",
                    "units": -0.0011599618429974604,
                    "gamma": 0.0010515749483942306,
                    "vega": 775.9282106386381,
                    "tau": 0.2136986301369863,
                    "delta_t_1": -0.046907703576410276,
                    "option_price_t_1": 0.01,
                    "underlying_t_1": 4688.68,
                    "Option_PnL": -0.0,
                    "Delta_PnL": 0.00046575941225325567,
                    "Total_PnL": -0.00046575941225325567,
                    "delta_t": -0.04346116627650054,
                    "option_price_t": 0.01,
                    "underlying_price_t": 4697.24
                }
            },
            "sv_2023-11-03_2024-01-19": {
                "call": {
                    "start_date": "2023-11-03",
                    "strike": 4300.0,
                    "maturity": "2024-01-19",
                    "units": -0.0011514421572837135,
                    "gamma": 0.0010415257754465823,
                    "vega": 782.8667665722154,
                    "tau": 0.21095890410958903,
                    "delta_t_1": 0.9317358742629642,
                    "option_price_t_1": 388.69,
                    "underlying_t_1": 4688.68,
                    "Option_PnL": -0.00985634486634859,
                    "Delta_PnL": -0.009183510101084034,
                    "Total_PnL": -0.0006728347652645555,
                    "delta_t": 0.9363272106227929,
                    "option_price_t": 397.25,
                    "underlying_price_t": 4697.24
                },
                "put": {
                    "start_date": "2023-11-03",
                    "strike": 4300.0,
                    "maturity": "2024-01-19",
                    "units": -0.0011514421572837135,
                    "gamma": 0.0010415257754465823,
                    "vega": 782.8667665722154,
                    "tau": 0.21095890410958903,
                    "delta_t_1": -0.06826412573703577,
                    "option_price_t_1": 0.01,
                    "underlying_t_1": 4688.68,
                    "Option_PnL": -0.0,
                    "Delta_PnL": 0.0006728347652639671,
                    "Total_PnL": -0.0006728347652639671,
                    "delta_t": -0.0636727893772071,
                    "option_price_t": 0.01,
                    "underlying_price_t": 4697.24
                }
            },
            "sv_2023-11-06_2024-01-19": {
                "call": {
                    "start_date": "2023-11-06",
                    "strike": 4350.0,
                    "maturity": "2024-01-19",
                    "units": -0.0011597865533815848,
                    "gamma": 0.0010799424919574324,
                    "vega": 781.3909141104201,
                    "tau": 0.20273972602739726,
                    "delta_t_1": 0.9063639566902746,
                    "option_price_t_1": 338.75,
                    "underlying_t_1": 4688.68,
                    "Option_PnL": -0.009892979300344888,
                    "Delta_PnL": -0.008998175523998243,
                    "Total_PnL": -0.0008948037763466445,
                    "delta_t": 0.9122172008876288,
                    "option_price_t": 347.28,
                    "underlying_price_t": 4697.24
                },
                "put": {
                    "start_date": "2023-11-06",
                    "strike": 4350.0,
                    "maturity": "2024-01-19",
                    "units": -0.0011597865533815848,
                    "gamma": 0.0010799424919574324,
                    "vega": 781.3909141104201,
                    "tau": 0.20273972602739726,
                    "delta_t_1": -0.09363604330972541,
                    "option_price_t_1": 0.07,
                    "underlying_t_1": 4688.68,
                    "Option_PnL": 3.479359660144755e-05,
                    "Delta_PnL": 0.0009295973729475328,
                    "Total_PnL": -0.0008948037763460852,
                    "delta_t": -0.08778279911237119,
                    "option_price_t": 0.04,
                    "underlying_price_t": 4697.24
                }
            },
            "sv_2023-11-07_2024-01-19": {
                "call": {
                    "start_date": "2023-11-07",
                    "strike": 4350.0,
                    "maturity": "2024-01-19",
                    "units": -0.0011753770956017726,
                    "gamma": 0.001122030579259593,
                    "vega": 775.4621548781798,
                    "tau": 0.2,
                    "delta_t_1": 0.9077949310239971,
                    "option_price_t_1": 338.75,
                    "underlying_t_1": 4688.68,
                    "Option_PnL": -0.010025966625483088,
                    "Delta_PnL": -0.009133531722311673,
                    "Total_PnL": -0.0008924349031714154,
                    "delta_t": 0.9136197808642237,
                    "option_price_t": 347.28,
                    "underlying_price_t": 4697.24
                },
                "put": {
                    "start_date": "2023-11-07",
                    "strike": 4350.0,
                    "maturity": "2024-01-19",
                    "units": -0.0011753770956017726,
                    "gamma": 0.001122030579259593,
                    "vega": 775.4621548781798,
                    "tau": 0.2,
                    "delta_t_1": -0.09220506897600289,
                    "option_price_t_1": 0.07,
                    "underlying_t_1": 4688.68,
                    "Option_PnL": 3.526131286805319e-05,
                    "Delta_PnL": 0.0009276962160389021,
                    "Total_PnL": -0.000892434903170849,
                    "delta_t": -0.08638021913577631,
                    "option_price_t": 0.04,
                    "underlying_price_t": 4697.24
                }
            },
            "sv_2023-11-08_2024-01-19": {
                "call": {
                    "start_date": "2023-11-08",
                    "strike": 4400.0,
                    "maturity": "2024-01-19",
                    "units": -0.001175932472568177,
                    "gamma": 0.0011369667361618607,
                    "vega": 776.5369826600597,
                    "tau": 0.19726027397260273,
                    "delta_t_1": 0.8721875092821554,
                    "option_price_t_1": 288.98,
                    "underlying_t_1": 4688.68,
                    "Option_PnL": -0.00991311074374974,
                    "Delta_PnL": -0.008779423738692053,
                    "Total_PnL": -0.0011336870050576865,
                    "delta_t": 0.8794905516962529,
                    "option_price_t": 297.41,
                    "underlying_price_t": 4697.24
                },
                "put": {
                    "start_date": "2023-11-08",
                    "strike": 4400.0,
                    "maturity": "2024-01-19",
                    "units": -0.001175932472568177,
                    "gamma": 0.0011369667361618607,
                    "vega": 776.5369826600597,
                    "tau": 0.19726027397260273,
                    "delta_t_1": -0.12781249071784462,
                    "option_price_t_1": 0.3,
                    "underlying_t_1": 4688.68,
                    "Option_PnL": 0.00015287122143386298,
                    "Delta_PnL": 0.001286558226490943,
                    "Total_PnL": -0.00113368700505708,
                    "delta_t": -0.1205094483037471,
                    "option_price_t": 0.17,
                    "underlying_price_t": 4697.24
                }
            },
            "sv_2023-11-09_2024-01-19": {
                "call": {
                    "start_date": "2023-11-09",
                    "strike": 4400.0,
                    "maturity": "2024-01-19",
                    "units": -0.0011988626046093077,
                    "gamma": 0.0011379756653810997,
                    "vega": 760.299255865511,
                    "tau": 0.19452054794520549,
                    "delta_t_1": 0.8737647211898067,
                    "option_price_t_1": 288.98,
                    "underlying_t_1": 4688.68,
                    "Option_PnL": -0.010106411756856473,
                    "Delta_PnL": -0.008966804151388513,
                    "Total_PnL": -0.0011396076054679596,
                    "delta_t": 0.8810539732138626,
                    "option_price_t": 297.41,
                    "underlying_price_t": 4697.24
                },
                "put": {
                    "start_date": "2023-11-09",
                    "strike": 4400.0,
                    "maturity": "2024-01-19",
                    "units": -0.0011988626046093077,
                    "gamma": 0.0011379756653810997,
                    "vega": 760.299255865511,
                    "tau": 0.19452054794520549,
                    "delta_t_1": -0.12623527881019325,
                    "option_price_t_1": 0.3,
                    "underlying_t_1": 4688.68,
                    "Option_PnL": 0.00015585213859920996,
                    "Delta_PnL": 0.0012954597440665498,
                    "Total_PnL": -0.0011396076054673398,
                    "delta_t": -0.11894602678613742,
                    "option_price_t": 0.17,
                    "underlying_price_t": 4697.24
                }
            },
            "sv_2023-11-10_2024-01-19": {
                "call": {
                    "start_date": "2023-11-10",
                    "strike": 4350.0,
                    "maturity": "2024-01-19",
                    "units": -0.0012095928404708025,
                    "gamma": 0.0010708639260937408,
                    "vega": 752.6031371661174,
                    "tau": 0.1917808219178082,
                    "delta_t_1": 0.9121684982005936,
                    "option_price_t_1": 338.75,
                    "underlying_t_1": 4688.68,
                    "Option_PnL": -0.010317826929215913,
                    "Delta_PnL": -0.009444697269257783,
                    "Total_PnL": -0.0008731296599581301,
                    "delta_t": 0.917900765996598,
                    "option_price_t": 347.28,
                    "underlying_price_t": 4697.24
                },
                "put": {
                    "start_date": "2023-11-10",
                    "strike": 4350.0,
                    "maturity": "2024-01-19",
                    "units": -0.0012095928404708025,
                    "gamma": 0.0010708639260937408,
                    "vega": 752.6031371661174,
                    "tau": 0.1917808219178082,
                    "delta_t_1": -0.08783150179940635,
                    "option_price_t_1": 0.07,
                    "underlying_t_1": 4688.68,
                    "Option_PnL": 3.628778521412408e-05,
                    "Delta_PnL": 0.0009094174451716704,
                    "Total_PnL": -0.0008731296599575463,
                    "delta_t": -0.08209923400340202,
                    "option_price_t": 0.04,
                    "underlying_price_t": 4697.24
                }
            },
            "sv_2023-11-13_2024-01-19": {
                "call": {
                    "start_date": "2023-11-13",
                    "strike": 4400.0,
                    "maturity": "2024-01-19",
                    "units": -0.0012183542180950267,
                    "gamma": 0.0011194182407085304,
                    "vega": 752.0395435593805,
                    "tau": 0.18356164383561643,
                    "delta_t_1": 0.8802790626416261,
                    "option_price_t_1": 288.98,
                    "underlying_t_1": 4688.68,
                    "Option_PnL": -0.010270726058541083,
                    "Delta_PnL": -0.009180529029640035,
                    "Total_PnL": -0.0010901970289010476,
                    "delta_t": 0.8875015333949402,
                    "option_price_t": 297.41,
                    "underlying_price_t": 4697.24
                },
                "put": {
                    "start_date": "2023-11-13",
                    "strike": 4400.0,
                    "maturity": "2024-01-19",
                    "units": -0.0012183542180950267,
                    "gamma": 0.0011194182407085304,
                    "vega": 752.0395435593805,
                    "tau": 0.18356164383561643,
                    "delta_t_1": -0.11972093735837386,
                    "option_price_t_1": 0.3,
                    "underlying_t_1": 4688.68,
                    "Option_PnL": 0.00015838604835235345,
                    "Delta_PnL": 0.0012485830772527723,
                    "Total_PnL": -0.0010901970289004187,
                    "delta_t": -0.1124984666050598,
                    "option_price_t": 0.17,
                    "underlying_price_t": 4697.24
                }
            },
            "sv_2023-11-14_2024-01-19": {
                "call": {
                    "start_date": "2023-11-14",
                    "strike": 4400.0,
                    "maturity": "2024-01-19",
                    "units": -0.0012531086095509656,
                    "gamma": 0.001047678037474345,
                    "vega": 727.6304826237266,
                    "tau": 0.18082191780821918,
                    "delta_t_1": 0.8819607324338378,
                    "option_price_t_1": 288.98,
                    "underlying_t_1": 4688.68,
                    "Option_PnL": -0.010563705578514649,
                    "Delta_PnL": -0.00946044854556446,
                    "Total_PnL": -0.0011032570329501893,
                    "delta_t": 0.8891633173164547,
                    "option_price_t": 297.41,
                    "underlying_price_t": 4697.24
                },
                "put": {
                    "start_date": "2023-11-14",
                    "strike": 4400.0,
                    "maturity": "2024-01-19",
                    "units": -0.0012531086095509656,
                    "gamma": 0.001047678037474345,
                    "vega": 727.6304826237266,
                    "tau": 0.18082191780821918,
                    "delta_t_1": -0.11803926756616223,
                    "option_price_t_1": 0.3,
                    "underlying_t_1": 4688.68,
                    "Option_PnL": 0.0001629041192416255,
                    "Delta_PnL": 0.001266161152191167,
                    "Total_PnL": -0.0011032570329495416,
                    "delta_t": -0.1108366826835453,
                    "option_price_t": 0.17,
                    "underlying_price_t": 4697.24
                }
            },
            "sv_2023-11-15_2024-01-19": {
                "call": {
                    "start_date": "2023-11-15",
                    "strike": 4500.0,
                    "maturity": "2024-01-19",
                    "units": -0.001207147747433107,
                    "gamma": 0.0011099065480152765,
                    "vega": 757.2035785799326,
                    "tau": 0.1780821917808219,
                    "delta_t_1": 0.7826176343434046,
                    "option_price_t_1": 191.68,
                    "underlying_t_1": 4688.68,
                    "Option_PnL": -0.009258823222811916,
                    "Delta_PnL": -0.00808693257925554,
                    "Total_PnL": -0.0011718906435563767,
                    "delta_t": 0.793084206304428,
                    "option_price_t": 199.35,
                    "underlying_price_t": 4697.24
                },
                "put": {
                    "start_date": "2023-11-15",
                    "strike": 4500.0,
                    "maturity": "2024-01-19",
                    "units": -0.001207147747433107,
                    "gamma": 0.0011099065480152765,
                    "vega": 757.2035785799326,
                    "tau": 0.1780821917808219,
                    "delta_t_1": -0.2173823656565954,
                    "option_price_t_1": 3.0,
                    "underlying_t_1": 4688.68,
                    "Option_PnL": 0.0010743614952154652,
                    "Delta_PnL": 0.0022462521387712413,
                    "Total_PnL": -0.001171890643555776,
                    "delta_t": -0.206915793695572,
                    "option_price_t": 2.11,
                    "underlying_price_t": 4697.24
                }
            },
            "sv_2023-11-16_2024-01-19": {
                "call": {
                    "start_date": "2023-11-16",
                    "strike": 4500.0,
                    "maturity": "2024-01-19",
                    "units": -0.0012186124999706866,
                    "gamma": 0.0011179560133565115,
                    "vega": 751.6369819283382,
                    "tau": 0.17534246575342466,
                    "delta_t_1": 0.7842771692374877,
                    "option_price_t_1": 191.68,
                    "underlying_t_1": 4688.68,
                    "Option_PnL": -0.00934675787477515,
                    "Delta_PnL": -0.008181048473644618,
                    "Total_PnL": -0.0011657094011305325,
                    "delta_t": 0.794776687734515,
                    "option_price_t": 199.35,
                    "underlying_price_t": 4697.24
                },
                "put": {
                    "start_date": "2023-11-16",
                    "strike": 4500.0,
                    "maturity": "2024-01-19",
                    "units": -0.0012186124999706866,
                    "gamma": 0.0011179560133565115,
                    "vega": 751.6369819283382,
                    "tau": 0.17534246575342466,
                    "delta_t_1": -0.2157228307625123,
                    "option_price_t_1": 3.0,
                    "underlying_t_1": 4688.68,
                    "Option_PnL": 0.0010845651249739112,
                    "Delta_PnL": 0.0022502745261038385,
                    "Total_PnL": -0.0011657094011299273,
                    "delta_t": -0.20522331226548496,
                    "option_price_t": 2.11,
                    "underlying_price_t": 4697.24
                }
            },
            "sv_2023-11-17_2024-01-19": {
                "call": {
                    "start_date": "2023-11-17",
                    "strike": 4500.0,
                    "maturity": "2024-01-19",
                    "units": -0.0012305535689059253,
                    "gamma": 0.001141955219553105,
                    "vega": 745.8401559281344,
                    "tau": 0.1726027397260274,
                    "delta_t_1": 0.7859694024810353,
                    "option_price_t_1": 191.68,
                    "underlying_t_1": 4688.68,
                    "Option_PnL": -0.009438345873508431,
                    "Delta_PnL": -0.008279039000024054,
                    "Total_PnL": -0.0011593068734843774,
                    "delta_t": 0.7965017007904662,
                    "option_price_t": 199.35,
                    "underlying_price_t": 4697.24
                },
                "put": {
                    "start_date": "2023-11-17",
                    "strike": 4500.0,
                    "maturity": "2024-01-19",
                    "units": -0.0012305535689059253,
                    "gamma": 0.001141955219553105,
                    "vega": 745.8401559281344,
                    "tau": 0.1726027397260274,
                    "delta_t_1": -0.2140305975189647,
                    "option_price_t_1": 3.0,
                    "underlying_t_1": 4688.68,
                    "Option_PnL": 0.0010951926763262737,
                    "Delta_PnL": 0.00225449954981004,
                    "Total_PnL": -0.0011593068734837664,
                    "delta_t": -0.20349829920953377,
                    "option_price_t": 2.11,
                    "underlying_price_t": 4697.24
                }
            },
            "sv_2023-11-20_2024-02-16": {
                "call": {
                    "start_date": "2023-11-20",
                    "strike": 4500.0,
                    "maturity": "2024-02-16",
                    "units": -0.0010439977707421882,
                    "gamma": 0.0009481148619149179,
                    "vega": 879.3953762218604,
                    "tau": 0.2410958904109589,
                    "delta_t_1": 0.7516092530338339,
                    "option_price_t_1": 208.14,
                    "underlying_t_1": 4688.68,
                    "Option_PnL": -0.006650265799627744,
                    "Delta_PnL": -0.006716846972488244,
                    "Total_PnL": 6.65811728604998e-05,
                    "delta_t": 0.7613228551479283,
                    "option_price_t": 214.51,
                    "underlying_price_t": 4697.24
                },
                "put": {
                    "start_date": "2023-11-20",
                    "strike": 4500.0,
                    "maturity": "2024-02-16",
                    "units": -0.0010439977707421882,
                    "gamma": 0.0009481148619149179,
                    "vega": 879.3953762218604,
                    "tau": 0.2410958904109589,
                    "delta_t_1": -0.24839074696616614,
                    "option_price_t_1": 19.46,
                    "underlying_t_1": 4688.68,
                    "Option_PnL": 0.0022863551179253937,
                    "Delta_PnL": 0.0022197739450643553,
                    "Total_PnL": 6.658117286103844e-05,
                    "delta_t": -0.2386771448520717,
                    "option_price_t": 17.27,
                    "underlying_price_t": 4697.24
                }
            },
            "sv_2023-11-21_2024-02-16": {
                "call": {
                    "start_date": "2023-11-21",
                    "strike": 4550.0,
                    "maturity": "2024-02-16",
                    "units": -0.0010403711951228762,
                    "gamma": 0.000967964070070872,
                    "vega": 883.7812612588131,
                    "tau": 0.23835616438356164,
                    "delta_t_1": 0.6942048302241376,
                    "option_price_t_1": 169.05,
                    "underlying_t_1": 4688.68,
                    "Option_PnL": -0.005826078692688101,
                    "Delta_PnL": -0.006182294868015509,
                    "Total_PnL": 0.0003562161753274083,
                    "delta_t": 0.7048422729943058,
                    "option_price_t": 174.65,
                    "underlying_price_t": 4697.24
                },
                "put": {
                    "start_date": "2023-11-21",
                    "strike": 4550.0,
                    "maturity": "2024-02-16",
                    "units": -0.0010403711951228762,
                    "gamma": 0.000967964070070872,
                    "vega": 883.7812612588131,
                    "tau": 0.23835616438356164,
                    "delta_t_1": -0.3057951697758624,
                    "option_price_t_1": 30.37,
                    "underlying_t_1": 4688.68,
                    "Option_PnL": 0.0030794987375637145,
                    "Delta_PnL": 0.002723282562235782,
                    "Total_PnL": 0.00035621617532793264,
                    "delta_t": -0.2951577270056942,
                    "option_price_t": 27.41,
                    "underlying_price_t": 4697.24
                }
            },
            "sv_2023-11-22_2024-02-16": {
                "call": {
                    "start_date": "2023-11-22",
                    "strike": 4550.0,
                    "maturity": "2024-02-16",
                    "units": -0.001043537324224625,
                    "gamma": 0.0009681596250137773,
                    "vega": 880.7270519814424,
                    "tau": 0.2356164383561644,
                    "delta_t_1": 0.695108802315292,
                    "option_price_t_1": 169.05,
                    "underlying_t_1": 4688.68,
                    "Option_PnL": -0.005843809015657894,
                    "Delta_PnL": -0.006209184145487627,
                    "Total_PnL": 0.0003653751298297323,
                    "delta_t": 0.7057933827568315,
                    "option_price_t": 174.65,
                    "underlying_price_t": 4697.24
                },
                "put": {
                    "start_date": "2023-11-22",
                    "strike": 4550.0,
                    "maturity": "2024-02-16",
                    "units": -0.001043537324224625,
                    "gamma": 0.0009681596250137773,
                    "vega": 880.7270519814424,
                    "tau": 0.2356164383561644,
                    "delta_t_1": -0.30489119768470796,
                    "option_price_t_1": 30.37,
                    "underlying_t_1": 4688.68,
                    "Option_PnL": 0.003088870479704891,
                    "Delta_PnL": 0.0027234953498746317,
                    "Total_PnL": 0.0003653751298302592,
                    "delta_t": -0.29420661724316854,
                    "option_price_t": 27.41,
                    "underlying_price_t": 4697.24
                }
            },
            "sv_2023-11-24_2024-02-16": {
                "call": {
                    "start_date": "2023-11-24",
                    "strike": 4550.0,
                    "maturity": "2024-02-16",
                    "units": -0.0010580383243619013,
                    "gamma": 0.0009880157553795717,
                    "vega": 870.6009997054882,
                    "tau": 0.23013698630136986,
                    "delta_t_1": 0.6969634691909761,
                    "option_price_t_1": 169.05,
                    "underlying_t_1": 4688.68,
                    "Option_PnL": -0.005925014616426642,
                    "Delta_PnL": -0.006312264362881044,
                    "Total_PnL": 0.00038724974645440273,
                    "delta_t": 0.707744074110031,
                    "option_price_t": 174.65,
                    "underlying_price_t": 4697.24
                },
                "put": {
                    "start_date": "2023-11-24",
                    "strike": 4550.0,
                    "maturity": "2024-02-16",
                    "units": -0.0010580383243619013,
                    "gamma": 0.0009880157553795717,
                    "vega": 870.6009997054882,
                    "tau": 0.23013698630136986,
                    "delta_t_1": -0.30303653080902393,
                    "option_price_t_1": 30.37,
                    "underlying_t_1": 4688.68,
                    "Option_PnL": 0.003131793440111229,
                    "Delta_PnL": 0.002744543693656293,
                    "Total_PnL": 0.00038724974645493616,
                    "delta_t": -0.29225592588996896,
                    "option_price_t": 27.41,
                    "underlying_price_t": 4697.24
                }
            },
            "sv_2023-11-27_2024-02-16": {
                "call": {
                    "start_date": "2023-11-27",
                    "strike": 4550.0,
                    "maturity": "2024-02-16",
                    "units": -0.0010821733756014246,
                    "gamma": 0.0010146580920681947,
                    "vega": 854.3450334500773,
                    "tau": 0.2219178082191781,
                    "delta_t_1": 0.6998689061838952,
                    "option_price_t_1": 169.05,
                    "underlying_t_1": 4688.68,
                    "Option_PnL": -0.006060170903367972,
                    "Delta_PnL": -0.006483168491610396,
                    "Total_PnL": 0.000422997588242424,
                    "delta_t": 0.7107980794739605,
                    "option_price_t": 174.65,
                    "underlying_price_t": 4697.24
                },
                "put": {
                    "start_date": "2023-11-27",
                    "strike": 4550.0,
                    "maturity": "2024-02-16",
                    "units": -0.0010821733756014246,
                    "gamma": 0.0010146580920681947,
                    "vega": 854.3450334500773,
                    "tau": 0.2219178082191781,
                    "delta_t_1": -0.3001310938161048,
                    "option_price_t_1": 30.37,
                    "underlying_t_1": 4688.68,
                    "Option_PnL": 0.003203233191780218,
                    "Delta_PnL": 0.0027802356035372465,
                    "Total_PnL": 0.0004229975882429713,
                    "delta_t": -0.28920192052603955,
                    "option_price_t": 27.41,
                    "underlying_price_t": 4697.24
                }
            },
            "sv_2023-11-28_2024-02-16": {
                "call": {
                    "start_date": "2023-11-28",
                    "strike": 4550.0,
                    "maturity": "2024-02-16",
                    "units": -0.0010899496860329546,
                    "gamma": 0.0010334453366029803,
                    "vega": 849.4337952077676,
                    "tau": 0.2191780821917808,
                    "delta_t_1": 0.7008721930048037,
                    "option_price_t_1": 169.05,
                    "underlying_t_1": 4688.68,
                    "Option_PnL": -0.00610371824178454,
                    "Delta_PnL": -0.006539116052678421,
                    "Total_PnL": 0.00043539781089388125,
                    "delta_t": 0.711852141067742,
                    "option_price_t": 174.65,
                    "underlying_price_t": 4697.24
                },
                "put": {
                    "start_date": "2023-11-28",
                    "strike": 4550.0,
                    "maturity": "2024-02-16",
                    "units": -0.0010899496860329546,
                    "gamma": 0.0010334453366029803,
                    "vega": 849.4337952077676,
                    "tau": 0.2191780821917808,
                    "delta_t_1": -0.29912780699519625,
                    "option_price_t_1": 30.37,
                    "underlying_t_1": 4688.68,
                    "Option_PnL": 0.0032262510706575465,
                    "Delta_PnL": 0.002790853259763116,
                    "Total_PnL": 0.0004353978108944307,
                    "delta_t": -0.288147858932258,
                    "option_price_t": 27.41,
                    "underlying_price_t": 4697.24
                }
            },
            "sv_2023-11-29_2024-02-16": {
                "call": {
                    "start_date": "2023-11-29",
                    "strike": 4550.0,
                    "maturity": "2024-02-16",
                    "units": -0.0010986091548162002,
                    "gamma": 0.0010409753278779242,
                    "vega": 843.7843224003694,
                    "tau": 0.21643835616438356,
                    "delta_t_1": 0.7018937274677156,
                    "option_price_t_1": 169.05,
                    "underlying_t_1": 4688.68,
                    "Option_PnL": -0.006152211266970715,
                    "Delta_PnL": -0.0066006748474666975,
                    "Total_PnL": 0.0004484635804959825,
                    "delta_t": 0.7129250949075505,
                    "option_price_t": 174.65,
                    "underlying_price_t": 4697.24
                },
                "put": {
                    "start_date": "2023-11-29",
                    "strike": 4550.0,
                    "maturity": "2024-02-16",
                    "units": -0.0010986091548162002,
                    "gamma": 0.0010409753278779242,
                    "vega": 843.7843224003694,
                    "tau": 0.21643835616438356,
                    "delta_t_1": -0.2981062725322844,
                    "option_price_t_1": 30.37,
                    "underlying_t_1": 4688.68,
                    "Option_PnL": 0.0032518830982559534,
                    "Delta_PnL": 0.0028034195177594158,
                    "Total_PnL": 0.00044846358049653763,
                    "delta_t": -0.2870749050924495,
                    "option_price_t": 27.41,
                    "underlying_price_t": 4697.24
                }
            },
            "sv_2023-11-30_2024-02-16": {
                "call": {
                    "start_date": "2023-11-30",
                    "strike": 4550.0,
                    "maturity": "2024-02-16",
                    "units": -0.001106526358740772,
                    "gamma": 0.0010828922897307075,
                    "vega": 839.0867907028999,
                    "tau": 0.2136986301369863,
                    "delta_t_1": 0.7029340468255351,
                    "option_price_t_1": 169.05,
                    "underlying_t_1": 4688.68,
                    "Option_PnL": -0.006196547608948316,
                    "Delta_PnL": -0.006658096838860314,
                    "Total_PnL": 0.00046154922991199776,
                    "delta_t": 0.714017489638164,
                    "option_price_t": 174.65,
                    "underlying_price_t": 4697.24
                },
                "put": {
                    "start_date": "2023-11-30",
                    "strike": 4550.0,
                    "maturity": "2024-02-16",
                    "units": -0.001106526358740772,
                    "gamma": 0.0010828922897307075,
                    "vega": 839.0867907028999,
                    "tau": 0.2136986301369863,
                    "delta_t_1": -0.29706595317446494,
                    "option_price_t_1": 30.37,
                    "underlying_t_1": 4688.68,
                    "Option_PnL": 0.0032753180218726857,
                    "Delta_PnL": 0.0028137687919601298,
                    "Total_PnL": 0.0004615492299125559,
                    "delta_t": -0.285982510361836,
                    "option_price_t": 27.41,
                    "underlying_price_t": 4697.24
                }
            },
            "sv_2023-12-01_2024-02-16": {
                "call": {
                    "start_date": "2023-12-01",
                    "strike": 4550.0,
                    "maturity": "2024-02-16",
                    "units": -0.001116494976628683,
                    "gamma": 0.001093979211486203,
                    "vega": 830.6794006983569,
                    "tau": 0.21095890410958903,
                    "delta_t_1": 0.7039937105366784,
                    "option_price_t_1": 169.05,
                    "underlying_t_1": 4688.68,
                    "Option_PnL": -0.006252371869120619,
                    "Delta_PnL": -0.006728206578318446,
                    "Total_PnL": 0.00047583470919782683,
                    "delta_t": 0.7151298962456201,
                    "option_price_t": 174.65,
                    "underlying_price_t": 4697.24
                },
                "put": {
                    "start_date": "2023-12-01",
                    "strike": 4550.0,
                    "maturity": "2024-02-16",
                    "units": -0.001116494976628683,
                    "gamma": 0.001093979211486203,
                    "vega": 830.6794006983569,
                    "tau": 0.21095890410958903,
                    "delta_t_1": -0.29600628946332164,
                    "option_price_t_1": 30.37,
                    "underlying_t_1": 4688.68,
                    "Option_PnL": 0.0033048251308209027,
                    "Delta_PnL": 0.0028289904216225125,
                    "Total_PnL": 0.0004758347091983902,
                    "delta_t": -0.28487010375437993,
                    "option_price_t": 27.41,
                    "underlying_price_t": 4697.24
                }
            },
            "sv_2023-12-04_2024-02-16": {
                "call": {
                    "start_date": "2023-12-04",
                    "strike": 4600.0,
                    "maturity": "2024-02-16",
                    "units": -0.0011384526045815037,
                    "gamma": 0.0011748530868513323,
                    "vega": 819.7737133604769,
                    "tau": 0.20273972602739726,
                    "delta_t_1": 0.6396455593296482,
                    "option_price_t_1": 133.95,
                    "underlying_t_1": 4688.68,
                    "Option_PnL": -0.005384880819670533,
                    "Delta_PnL": -0.006233444669917859,
                    "Total_PnL": 0.0008485638502473266,
                    "delta_t": 0.6517428738910853,
                    "option_price_t": 138.68,
                    "underlying_price_t": 4697.24
                },
                "put": {
                    "start_date": "2023-12-04",
                    "strike": 4600.0,
                    "maturity": "2024-02-16",
                    "units": -0.0011384526045815037,
                    "gamma": 0.0011748530868513323,
                    "vega": 819.7737133604769,
                    "tau": 0.20273972602739726,
                    "delta_t_1": -0.3603544406703518,
                    "option_price_t_1": 45.27,
                    "underlying_t_1": 4688.68,
                    "Option_PnL": 0.0043602734755471655,
                    "Delta_PnL": 0.0035117096252992317,
                    "Total_PnL": 0.0008485638502479338,
                    "delta_t": -0.3482571261089147,
                    "option_price_t": 41.44,
                    "underlying_price_t": 4697.24
                }
            },
            "sv_2023-12-05_2024-02-16": {
                "call": {
                    "start_date": "2023-12-05",
                    "strike": 4550.0,
                    "maturity": "2024-02-16",
                    "units": -0.0011510255877088035,
                    "gamma": 0.0011826558151158835,
                    "vega": 811.6918790895201,
                    "tau": 0.2,
                    "delta_t_1": 0.7084378439685325,
                    "option_price_t_1": 169.05,
                    "underlying_t_1": 4688.68,
                    "Option_PnL": -0.006445743291169293,
                    "Delta_PnL": -0.0069800815336689475,
                    "Total_PnL": 0.0005343382424996546,
                    "delta_t": 0.7197919110440402,
                    "option_price_t": 174.65,
                    "underlying_price_t": 4697.24
                },
                "put": {
                    "start_date": "2023-12-05",
                    "strike": 4550.0,
                    "maturity": "2024-02-16",
                    "units": -0.0011510255877088035,
                    "gamma": 0.0011826558151158835,
                    "vega": 811.6918790895201,
                    "tau": 0.2,
                    "delta_t_1": -0.2915621560314675,
                    "option_price_t_1": 30.37,
                    "underlying_t_1": 4688.68,
                    "Option_PnL": 0.003407035739618059,
                    "Delta_PnL": 0.002872697497117824,
                    "Total_PnL": 0.0005343382425002353,
                    "delta_t": -0.28020808895595983,
                    "option_price_t": 27.41,
                    "underlying_price_t": 4697.24
                }
            },
            "sv_2023-12-06_2024-02-16": {
                "call": {
                    "start_date": "2023-12-06",
                    "strike": 4550.0,
                    "maturity": "2024-02-16",
                    "units": -0.0011624974217316834,
                    "gamma": 0.0011948595871344588,
                    "vega": 805.5952110957406,
                    "tau": 0.19726027397260273,
                    "delta_t_1": 0.7096034861326855,
                    "option_price_t_1": 169.05,
                    "underlying_t_1": 4688.68,
                    "Option_PnL": -0.006509985561697421,
                    "Delta_PnL": -0.0070612486295734645,
                    "Total_PnL": 0.000551263067876044,
                    "delta_t": 0.7210138103879062,
                    "option_price_t": 174.65,
                    "underlying_price_t": 4697.24
                },
                "put": {
                    "start_date": "2023-12-06",
                    "strike": 4550.0,
                    "maturity": "2024-02-16",
                    "units": -0.0011624974217316834,
                    "gamma": 0.0011948595871344588,
                    "vega": 805.5952110957406,
                    "tau": 0.19726027397260273,
                    "delta_t_1": -0.29039651386731447,
                    "option_price_t_1": 30.37,
                    "underlying_t_1": 4688.68,
                    "Option_PnL": 0.003440992368325784,
                    "Delta_PnL": 0.002889729300449153,
                    "Total_PnL": 0.0005512630678766307,
                    "delta_t": -0.27898618961209376,
                    "option_price_t": 27.41,
                    "underlying_price_t": 4697.24
                }
            },
            "sv_2023-12-07_2024-02-16": {
                "call": {
                    "start_date": "2023-12-07",
                    "strike": 4550.0,
                    "maturity": "2024-02-16",
                    "units": -0.0011721147161009202,
                    "gamma": 0.0012540153488005555,
                    "vega": 798.0700956252136,
                    "tau": 0.19452054794520549,
                    "delta_t_1": 0.7107923679925512,
                    "option_price_t_1": 169.05,
                    "underlying_t_1": 4688.68,
                    "Option_PnL": -0.006563842410165147,
                    "Delta_PnL": -0.007131594465915018,
                    "Total_PnL": 0.0005677520557498712,
                    "delta_t": 0.7222596881000726,
                    "option_price_t": 174.65,
                    "underlying_price_t": 4697.24
                },
                "put": {
                    "start_date": "2023-12-07",
                    "strike": 4550.0,
                    "maturity": "2024-02-16",
                    "units": -0.0011721147161009202,
                    "gamma": 0.0012540153488005555,
                    "vega": 798.0700956252136,
                    "tau": 0.19452054794520549,
                    "delta_t_1": -0.2892076320074488,
                    "option_price_t_1": 30.37,
                    "underlying_t_1": 4688.68,
                    "Option_PnL": 0.003469459559658725,
                    "Delta_PnL": 0.0029017075039082627,
                    "Total_PnL": 0.0005677520557504623,
                    "delta_t": -0.27774031189992743,
                    "option_price_t": 27.41,
                    "underlying_price_t": 4697.24
                }
            },
            "sv_2023-12-08_2024-02-16": {
                "call": {
                    "start_date": "2023-12-08",
                    "strike": 4600.0,
                    "maturity": "2024-02-16",
                    "units": -0.0011654270280031906,
                    "gamma": 0.0013483449877416613,
                    "vega": 803.5362677069255,
                    "tau": 0.1917808219178082,
                    "delta_t_1": 0.6428057914509995,
                    "option_price_t_1": 133.95,
                    "underlying_t_1": 4688.68,
                    "Option_PnL": -0.0055124698424551125,
                    "Delta_PnL": -0.006412666161055263,
                    "Total_PnL": 0.0009001963186001504,
                    "delta_t": 0.6552040996834059,
                    "option_price_t": 138.68,
                    "underlying_price_t": 4697.24
                },
                "put": {
                    "start_date": "2023-12-08",
                    "strike": 4600.0,
                    "maturity": "2024-02-16",
                    "units": -0.0011654270280031906,
                    "gamma": 0.0013483449877416613,
                    "vega": 803.5362677069255,
                    "tau": 0.1917808219178082,
                    "delta_t_1": -0.3571942085490005,
                    "option_price_t_1": 45.27,
                    "underlying_t_1": 4688.68,
                    "Option_PnL": 0.004463585517252226,
                    "Delta_PnL": 0.003563389198651456,
                    "Total_PnL": 0.0009001963186007701,
                    "delta_t": -0.34479590031659413,
                    "option_price_t": 41.44,
                    "underlying_price_t": 4697.24
                }
            },
            "sv_2023-12-11_2024-02-16": {
                "call": {
                    "start_date": "2023-12-11",
                    "strike": 4600.0,
                    "maturity": "2024-02-16",
                    "units": -0.0011926163916333255,
                    "gamma": 0.0013946191460896483,
                    "vega": 785.3280327562117,
                    "tau": 0.18356164383561643,
                    "delta_t_1": 0.6453639419709954,
                    "option_price_t_1": 133.95,
                    "underlying_t_1": 4688.68,
                    "Option_PnL": -0.005641075532425651,
                    "Delta_PnL": -0.006588389030936944,
                    "Total_PnL": 0.000947313498511293,
                    "delta_t": 0.6580029615730312,
                    "option_price_t": 138.68,
                    "underlying_price_t": 4697.24
                },
                "put": {
                    "start_date": "2023-12-11",
                    "strike": 4600.0,
                    "maturity": "2024-02-16",
                    "units": -0.0011926163916333255,
                    "gamma": 0.0013946191460896483,
                    "vega": 785.3280327562117,
                    "tau": 0.18356164383561643,
                    "delta_t_1": -0.35463605802900455,
                    "option_price_t_1": 45.27,
                    "underlying_t_1": 4688.68,
                    "Option_PnL": 0.0045677207799556425,
                    "Delta_PnL": 0.003620407281443715,
                    "Total_PnL": 0.0009473134985119275,
                    "delta_t": -0.3419970384269688,
                    "option_price_t": 41.44,
                    "underlying_price_t": 4697.24
                }
            },
            "sv_2023-12-12_2024-02-16": {
                "call": {
                    "start_date": "2023-12-12",
                    "strike": 4600.0,
                    "maturity": "2024-02-16",
                    "units": -0.0012088282840823426,
                    "gamma": 0.0014103690085008824,
                    "vega": 773.9842703602702,
                    "tau": 0.18082191780821918,
                    "delta_t_1": 0.6462559488085552,
                    "option_price_t_1": 133.95,
                    "underlying_t_1": 4688.68,
                    "Option_PnL": -0.005717757783709502,
                    "Delta_PnL": -0.00668717874042832,
                    "Total_PnL": 0.0009694209567188174,
                    "delta_t": 0.6589782959608623,
                    "option_price_t": 138.68,
                    "underlying_price_t": 4697.24
                },
                "put": {
                    "start_date": "2023-12-12",
                    "strike": 4600.0,
                    "maturity": "2024-02-16",
                    "units": -0.0012088282840823426,
                    "gamma": 0.0014103690085008824,
                    "vega": 773.9842703602702,
                    "tau": 0.18082191780821918,
                    "delta_t_1": -0.3537440511914448,
                    "option_price_t_1": 45.27,
                    "underlying_t_1": 4688.68,
                    "Option_PnL": 0.004629812328035379,
                    "Delta_PnL": 0.003660391371315918,
                    "Total_PnL": 0.000969420956719461,
                    "delta_t": -0.3410217040391377,
                    "option_price_t": 41.44,
                    "underlying_price_t": 4697.24
                }
            },
            "sv_2023-12-13_2024-02-16": {
                "call": {
                    "start_date": "2023-12-13",
                    "strike": 4650.0,
                    "maturity": "2024-02-16",
                    "units": -0.0012033341816002382,
                    "gamma": 0.0013532748883992424,
                    "vega": 771.6623255248683,
                    "tau": 0.1780821917808219,
                    "delta_t_1": 0.571139739698906,
                    "option_price_t_1": 103.33,
                    "underlying_t_1": 4688.68,
                    "Option_PnL": -0.0046208032573449185,
                    "Delta_PnL": -0.005883048073899274,
                    "Total_PnL": 0.0012622448165543554,
                    "delta_t": 0.5844535915300794,
                    "option_price_t": 107.17,
                    "underlying_price_t": 4697.24
                },
                "put": {
                    "start_date": "2023-12-13",
                    "strike": 4650.0,
                    "maturity": "2024-02-16",
                    "units": -0.0012033341816002382,
                    "gamma": 0.0013532748883992424,
                    "vega": 771.6623255248683,
                    "tau": 0.1780821917808219,
                    "delta_t_1": -0.42886026030109403,
                    "option_price_t_1": 64.65,
                    "underlying_t_1": 4688.68,
                    "Option_PnL": 0.005679737337153132,
                    "Delta_PnL": 0.004417492520598152,
                    "Total_PnL": 0.00126224481655498,
                    "delta_t": -0.41554640846992064,
                    "option_price_t": 59.93,
                    "underlying_price_t": 4697.24
                }
            },
            "sv_2023-12-14_2024-02-16": {
                "call": {
                    "start_date": "2023-12-14",
                    "strike": 4700.0,
                    "maturity": "2024-02-16",
                    "units": -0.001183578541011054,
                    "gamma": 0.0014080244695696127,
                    "vega": 784.5320432799774,
                    "tau": 0.17534246575342466,
                    "delta_t_1": 0.4929919311600286,
                    "option_price_t_1": 77.45,
                    "underlying_t_1": 4688.68,
                    "Option_PnL": -0.003538899837623045,
                    "Delta_PnL": -0.004994714380443632,
                    "Total_PnL": 0.0014558145428205872,
                    "delta_t": 0.5063979766350918,
                    "option_price_t": 80.44,
                    "underlying_price_t": 4697.24
                },
                "put": {
                    "start_date": "2023-12-14",
                    "strike": 4700.0,
                    "maturity": "2024-02-16",
                    "units": -0.001183578541011054,
                    "gamma": 0.0014080244695696127,
                    "vega": 784.5320432799774,
                    "tau": 0.17534246575342466,
                    "delta_t_1": -0.5070080688399714,
                    "option_price_t_1": 88.77,
                    "underlying_t_1": 4688.68,
                    "Option_PnL": 0.006592532473431562,
                    "Delta_PnL": 0.005136717930610386,
                    "Total_PnL": 0.0014558145428211757,
                    "delta_t": -0.4936020233649082,
                    "option_price_t": 83.2,
                    "underlying_price_t": 4697.24
                }
            },
            "sv_2023-12-15_2024-02-16": {
                "call": {
                    "start_date": "2023-12-15",
                    "strike": 4700.0,
                    "maturity": "2024-02-16",
                    "units": -0.001196835820995574,
                    "gamma": 0.0015266506048856997,
                    "vega": 778.1509343896957,
                    "tau": 0.1726027397260274,
                    "delta_t_1": 0.49276672007279154,
                    "option_price_t_1": 77.45,
                    "underlying_t_1": 4688.68,
                    "Option_PnL": -0.0035785391047767606,
                    "Delta_PnL": -0.00504835297852809,
                    "Total_PnL": 0.0014698138737513295,
                    "delta_t": 0.5062793134406768,
                    "option_price_t": 80.44,
                    "underlying_price_t": 4697.24
                },
                "put": {
                    "start_date": "2023-12-15",
                    "strike": 4700.0,
                    "maturity": "2024-02-16",
                    "units": -0.001196835820995574,
                    "gamma": 0.0015266506048856997,
                    "vega": 778.1509343896957,
                    "tau": 0.1726027397260274,
                    "delta_t_1": -0.5072332799272085,
                    "option_price_t_1": 88.77,
                    "underlying_t_1": 4688.68,
                    "Option_PnL": 0.006666375522945339,
                    "Delta_PnL": 0.005196561649193414,
                    "Total_PnL": 0.0014698138737519253,
                    "delta_t": -0.4937206865593232,
                    "option_price_t": 83.2,
                    "underlying_price_t": 4697.24
                }
            },
            "sv_2023-12-18_2024-03-15": {
                "call": {
                    "start_date": "2023-12-18",
                    "strike": 4700.0,
                    "maturity": "2024-03-15",
                    "units": -0.0010175283429215117,
                    "gamma": 0.0012929574378237052,
                    "vega": 915.9139020522679,
                    "tau": 0.2410958904109589,
                    "delta_t_1": 0.49747217600459626,
                    "option_price_t_1": 101.07,
                    "underlying_t_1": 4688.68,
                    "Option_PnL": -0.003225564847061194,
                    "Delta_PnL": -0.004333003852979594,
                    "Total_PnL": 0.0011074390059184003,
                    "delta_t": 0.5088927885413692,
                    "option_price_t": 104.24,
                    "underlying_price_t": 4697.24
                },
                "put": {
                    "start_date": "2023-12-18",
                    "strike": 4700.0,
                    "maturity": "2024-03-15",
                    "units": -0.0010175283429215117,
                    "gamma": 0.0012929574378237052,
                    "vega": 915.9139020522679,
                    "tau": 0.2410958904109589,
                    "delta_t_1": -0.5025278239954037,
                    "option_price_t_1": 112.39,
                    "underlying_t_1": 4688.68,
                    "Option_PnL": 0.005484477768346948,
                    "Delta_PnL": 0.004377038762428028,
                    "Total_PnL": 0.0011074390059189207,
                    "delta_t": -0.4911072114586308,
                    "option_price_t": 107.0,
                    "underlying_price_t": 4697.24
                }
            },
            "sv_2023-12-19_2024-03-15": {
                "call": {
                    "start_date": "2023-12-19",
                    "strike": 4750.0,
                    "maturity": "2024-03-15",
                    "units": -0.0010070353676400554,
                    "gamma": 0.0013015096163056222,
                    "vega": 924.7897033003402,
                    "tau": 0.23835616438356164,
                    "delta_t_1": 0.4306949706386827,
                    "option_price_t_1": 79.32,
                    "underlying_t_1": 4688.68,
                    "Option_PnL": -0.002567940187482153,
                    "Delta_PnL": -0.0037126865829173634,
                    "Total_PnL": 0.0011447463954352105,
                    "delta_t": 0.4418062275367191,
                    "option_price_t": 81.87,
                    "underlying_price_t": 4697.24
                },
                "put": {
                    "start_date": "2023-12-19",
                    "strike": 4750.0,
                    "maturity": "2024-03-15",
                    "units": -0.0010070353676400554,
                    "gamma": 0.0013015096163056222,
                    "vega": 924.7897033003402,
                    "tau": 0.23835616438356164,
                    "delta_t_1": -0.5693050293613173,
                    "option_price_t_1": 140.64,
                    "underlying_t_1": 4688.68,
                    "Option_PnL": 0.006052282559516724,
                    "Delta_PnL": 0.004907536164080998,
                    "Total_PnL": 0.0011447463954357261,
                    "delta_t": -0.5581937724632808,
                    "option_price_t": 134.63,
                    "underlying_price_t": 4697.24
                }
            },
            "sv_2023-12-20_2024-03-15": {
                "call": {
                    "start_date": "2023-12-20",
                    "strike": 4750.0,
                    "maturity": "2024-03-15",
                    "units": -0.0010275642840051101,
                    "gamma": 0.0012009063055708803,
                    "vega": 903.2264679949546,
                    "tau": 0.2356164383561644,
                    "delta_t_1": 0.43015416123220995,
                    "option_price_t_1": 79.32,
                    "underlying_t_1": 4688.68,
                    "Option_PnL": -0.0026202889242130426,
                    "Delta_PnL": -0.003783614611098032,
                    "Total_PnL": 0.0011633256868849892,
                    "delta_t": 0.4413279917906056,
                    "option_price_t": 81.87,
                    "underlying_price_t": 4697.24
                },
                "put": {
                    "start_date": "2023-12-20",
                    "strike": 4750.0,
                    "maturity": "2024-03-15",
                    "units": -0.0010275642840051101,
                    "gamma": 0.0012009063055708803,
                    "vega": 903.2264679949546,
                    "tau": 0.2356164383561644,
                    "delta_t_1": -0.56984583876779,
                    "option_price_t_1": 140.64,
                    "underlying_t_1": 4688.68,
                    "Option_PnL": 0.006175661346870703,
                    "Delta_PnL": 0.005012335659985187,
                    "Total_PnL": 0.0011633256868855161,
                    "delta_t": -0.5586720082093943,
                    "option_price_t": 134.63,
                    "underlying_price_t": 4697.24
                }
            },
            "sv_2023-12-21_2024-03-15": {
                "call": {
                    "start_date": "2023-12-21",
                    "strike": 4700.0,
                    "maturity": "2024-03-15",
                    "units": -0.0010285968178303656,
                    "gamma": 0.001166938663201666,
                    "vega": 899.9503824494378,
                    "tau": 0.2328767123287671,
                    "delta_t_1": 0.4969893025150664,
                    "option_price_t_1": 101.07,
                    "underlying_t_1": 4688.68,
                    "Option_PnL": -0.0032606519125222607,
                    "Delta_PnL": -0.0043758858249367105,
                    "Total_PnL": 0.0011152339124144497,
                    "delta_t": 0.5086112891259498,
                    "option_price_t": 104.24,
                    "underlying_price_t": 4697.24
                },
                "put": {
                    "start_date": "2023-12-21",
                    "strike": 4700.0,
                    "maturity": "2024-03-15",
                    "units": -0.0010285968178303656,
                    "gamma": 0.001166938663201666,
                    "vega": 899.9503824494378,
                    "tau": 0.2328767123287671,
                    "delta_t_1": -0.5030106974849335,
                    "option_price_t_1": 112.39,
                    "underlying_t_1": 4688.68,
                    "Option_PnL": 0.0055441368481056715,
                    "Delta_PnL": 0.004428902935690695,
                    "Total_PnL": 0.0011152339124149762,
                    "delta_t": -0.4913887108740502,
                    "option_price_t": 107.0,
                    "underlying_price_t": 4697.24
                }
            },
            "sv_2023-12-22_2024-03-15": {
                "call": {
                    "start_date": "2023-12-22",
                    "strike": 4750.0,
                    "maturity": "2024-03-15",
                    "units": -0.0010201607256675857,
                    "gamma": 0.0012297611253123785,
                    "vega": 908.8912790432216,
                    "tau": 0.23013698630136986,
                    "delta_t_1": 0.42904667142912567,
                    "option_price_t_1": 79.32,
                    "underlying_t_1": 4688.68,
                    "Option_PnL": -0.002601409850452355,
                    "Delta_PnL": -0.0037466825850183925,
                    "Total_PnL": 0.0011452727345660375,
                    "delta_t": 0.4403488454073475,
                    "option_price_t": 81.87,
                    "underlying_price_t": 4697.24
                },
                "put": {
                    "start_date": "2023-12-22",
                    "strike": 4750.0,
                    "maturity": "2024-03-15",
                    "units": -0.0010201607256675857,
                    "gamma": 0.0012297611253123785,
                    "vega": 908.8912790432216,
                    "tau": 0.23013698630136986,
                    "delta_t_1": -0.5709533285708743,
                    "option_price_t_1": 140.64,
                    "underlying_t_1": 4688.68,
                    "Option_PnL": 0.006131165961262181,
                    "Delta_PnL": 0.0049858932266956205,
                    "Total_PnL": 0.0011452727345665605,
                    "delta_t": -0.5596511545926526,
                    "option_price_t": 134.63,
                    "underlying_price_t": 4697.24
                }
            },
            "sv_2023-12-26_2024-03-15": {
                "call": {
                    "start_date": "2023-12-26",
                    "strike": 4750.0,
                    "maturity": "2024-03-15",
                    "units": -0.0010492243252919866,
                    "gamma": 0.0013130612011251516,
                    "vega": 886.0258914220483,
                    "tau": 0.2191780821917808,
                    "delta_t_1": 0.4267209886979242,
                    "option_price_t_1": 79.32,
                    "underlying_t_1": 4688.68,
                    "Option_PnL": -0.002675522029494578,
                    "Delta_PnL": -0.003832534914850368,
                    "Total_PnL": 0.0011570128853557902,
                    "delta_t": 0.43829351879618667,
                    "option_price_t": 81.87,
                    "underlying_price_t": 4697.24
                },
                "put": {
                    "start_date": "2023-12-26",
                    "strike": 4750.0,
                    "maturity": "2024-03-15",
                    "units": -0.0010492243252919866,
                    "gamma": 0.0013130612011251516,
                    "vega": 886.0258914220483,
                    "tau": 0.2191780821917808,
                    "delta_t_1": -0.5732790113020758,
                    "option_price_t_1": 140.64,
                    "underlying_t_1": 4688.68,
                    "Option_PnL": 0.006305838195004829,
                    "Delta_PnL": 0.005148825309648501,
                    "Total_PnL": 0.001157012885356328,
                    "delta_t": -0.5617064812038133,
                    "option_price_t": 134.63,
                    "underlying_price_t": 4697.24
                }
            },
            "sv_2023-12-27_2024-03-15": {
                "call": {
                    "start_date": "2023-12-27",
                    "strike": 4750.0,
                    "maturity": "2024-03-15",
                    "units": -0.0010576864842546123,
                    "gamma": 0.0013203716200446498,
                    "vega": 879.151395362844,
                    "tau": 0.21643835616438356,
                    "delta_t_1": 0.4261148716634074,
                    "option_price_t_1": 79.32,
                    "underlying_t_1": 4688.68,
                    "Option_PnL": -0.0026971005348492734,
                    "Delta_PnL": -0.003857957250665002,
                    "Total_PnL": 0.0011608567158157288,
                    "delta_t": 0.4377580384244105,
                    "option_price_t": 81.87,
                    "underlying_price_t": 4697.24
                },
                "put": {
                    "start_date": "2023-12-27",
                    "strike": 4750.0,
                    "maturity": "2024-03-15",
                    "units": -0.0010576864842546123,
                    "gamma": 0.0013203716200446498,
                    "vega": 879.151395362844,
                    "tau": 0.21643835616438356,
                    "delta_t_1": -0.5738851283365927,
                    "option_price_t_1": 140.64,
                    "underlying_t_1": 4688.68,
                    "Option_PnL": 0.00635669577037021,
                    "Delta_PnL": 0.005195839054553942,
                    "Total_PnL": 0.0011608567158162683,
                    "delta_t": -0.5622419615755895,
                    "option_price_t": 134.63,
                    "underlying_price_t": 4697.24
                }
            },
            "sv_2023-12-28_2024-03-15": {
                "call": {
                    "start_date": "2023-12-28",
                    "strike": 4800.0,
                    "maturity": "2024-03-15",
                    "units": -0.001058881635054467,
                    "gamma": 0.0014869478285794166,
                    "vega": 881.6428650892758,
                    "tau": 0.2136986301369863,
                    "delta_t_1": 0.3581974084743892,
                    "option_price_t_1": 61.13,
                    "underlying_t_1": 4688.68,
                    "Option_PnL": -0.002117763270108934,
                    "Delta_PnL": -0.0032467109086931536,
                    "Total_PnL": 0.0011289476385842197,
                    "delta_t": 0.3691599115202302,
                    "option_price_t": 63.13,
                    "underlying_price_t": 4697.24
                },
                "put": {
                    "start_date": "2023-12-28",
                    "strike": 4800.0,
                    "maturity": "2024-03-15",
                    "units": -0.001058881635054467,
                    "gamma": 0.0014869478285794166,
                    "vega": 881.6428650892758,
                    "tau": 0.2136986301369863,
                    "delta_t_1": -0.6418025915256108,
                    "option_price_t_1": 172.45,
                    "underlying_t_1": 4688.68,
                    "Option_PnL": 0.006946263525957306,
                    "Delta_PnL": 0.0058173158873725435,
                    "Total_PnL": 0.0011289476385847623,
                    "delta_t": -0.6308400884797698,
                    "option_price_t": 165.89,
                    "underlying_price_t": 4697.24
                }
            },
            "sv_2023-12-29_2024-03-15": {
                "call": {
                    "start_date": "2023-12-29",
                    "strike": 4800.0,
                    "maturity": "2024-03-15",
                    "units": -0.0010722391918110935,
                    "gamma": 0.0014814147875801017,
                    "vega": 870.927041754934,
                    "tau": 0.21095890410958903,
                    "delta_t_1": 0.35717594303080574,
                    "option_price_t_1": 61.13,
                    "underlying_t_1": 4688.68,
                    "Option_PnL": -0.002144478383622187,
                    "Delta_PnL": -0.0032782920608317766,
                    "Total_PnL": 0.0011338136772095896,
                    "delta_t": 0.3681997004706357,
                    "option_price_t": 63.13,
                    "underlying_price_t": 4697.24
                },
                "put": {
                    "start_date": "2023-12-29",
                    "strike": 4800.0,
                    "maturity": "2024-03-15",
                    "units": -0.0010722391918110935,
                    "gamma": 0.0014814147875801017,
                    "vega": 870.927041754934,
                    "tau": 0.21095890410958903,
                    "delta_t_1": -0.6428240569691943,
                    "option_price_t_1": 172.45,
                    "underlying_t_1": 4688.68,
                    "Option_PnL": 0.007033889098280776,
                    "Delta_PnL": 0.005900075421070638,
                    "Total_PnL": 0.0011338136772101378,
                    "delta_t": -0.6318002995293643,
                    "option_price_t": 165.89,
                    "underlying_price_t": 4697.24
                }
            },
            "sv_2024-01-02_2024-03-15": {
                "call": {
                    "start_date": "2024-01-02",
                    "strike": 4750.0,
                    "maturity": "2024-03-15",
                    "units": -0.0011048921300328594,
                    "gamma": 0.001500267015168505,
                    "vega": 846.1792354859504,
                    "tau": 0.2,
                    "delta_t_1": 0.42224592767318625,
                    "option_price_t_1": 79.32,
                    "underlying_t_1": 4688.68,
                    "Option_PnL": -0.002817474931583804,
                    "Delta_PnL": -0.003993549892753717,
                    "Total_PnL": 0.0011760749611699132,
                    "delta_t": 0.43434153958875077,
                    "option_price_t": 81.87,
                    "underlying_price_t": 4697.24
                },
                "put": {
                    "start_date": "2024-01-02",
                    "strike": 4750.0,
                    "maturity": "2024-03-15",
                    "units": -0.0011048921300328594,
                    "gamma": 0.001500267015168505,
                    "vega": 846.1792354859504,
                    "tau": 0.2,
                    "delta_t_1": -0.5777540723268138,
                    "option_price_t_1": 140.64,
                    "underlying_t_1": 4688.68,
                    "Option_PnL": 0.0066404017014974745,
                    "Delta_PnL": 0.005464326740326996,
                    "Total_PnL": 0.0011760749611704783,
                    "delta_t": -0.5656584604112492,
                    "option_price_t": 134.63,
                    "underlying_price_t": 4697.24
                }
            },
            "sv_2024-01-03_2024-03-15": {
                "call": {
                    "start_date": "2024-01-03",
                    "strike": 4750.0,
                    "maturity": "2024-03-15",
                    "units": -0.0011318328559375252,
                    "gamma": 0.0014558320461121126,
                    "vega": 825.8618413996285,
                    "tau": 0.19726027397260273,
                    "delta_t_1": 0.4215589683378954,
                    "option_price_t_1": 79.32,
                    "underlying_t_1": 4688.68,
                    "Option_PnL": -0.0028861737826407024,
                    "Delta_PnL": -0.004084269531644188,
                    "Total_PnL": 0.0011980957490034853,
                    "delta_t": 0.43373517572964804,
                    "option_price_t": 81.87,
                    "underlying_price_t": 4697.24
                },
                "put": {
                    "start_date": "2024-01-03",
                    "strike": 4750.0,
                    "maturity": "2024-03-15",
                    "units": -0.0011318328559375252,
                    "gamma": 0.0014558320461121126,
                    "vega": 825.8618413996285,
                    "tau": 0.19726027397260273,
                    "delta_t_1": -0.5784410316621046,
                    "option_price_t_1": 140.64,
                    "underlying_t_1": 4688.68,
                    "Option_PnL": 0.006802315464184516,
                    "Delta_PnL": 0.005604219715180451,
                    "Total_PnL": 0.001198095749004065,
                    "delta_t": -0.566264824270352,
                    "option_price_t": 134.63,
                    "underlying_price_t": 4697.24
                }
            },
            "sv_2024-01-04_2024-03-15": {
                "call": {
                    "start_date": "2024-01-04",
                    "strike": 4700.0,
                    "maturity": "2024-03-15",
                    "units": -0.0011347508220209649,
                    "gamma": 0.0014939957536514639,
                    "vega": 824.9005937850584,
                    "tau": 0.19452054794520549,
                    "delta_t_1": 0.494466119989957,
                    "option_price_t_1": 101.07,
                    "underlying_t_1": 4704.81,
                    "delta_t": 0.5071903343280786,
                    "option_price_t": 104.24,
                    "underlying_price_t": 4697.24,
                    "Option_PnL": -0.0035971601058064607,
                    "Delta_PnL": 0.004247495479429661,
                    "Total_PnL": -0.007844655585236122
                },
                "put": {
                    "start_date": "2024-01-04",
                    "strike": 4700.0,
                    "maturity": "2024-03-15",
                    "units": -0.0011347508220209649,
                    "gamma": 0.0014939957536514639,
                    "vega": 824.9005937850584,
                    "tau": 0.19452054794520549,
                    "delta_t_1": -0.5055338800100431,
                    "option_price_t_1": 112.39,
                    "underlying_t_1": 4704.81,
                    "delta_t": -0.4928096656719214,
                    "option_price_t": 107.0,
                    "underlying_price_t": 4697.24,
                    "Option_PnL": 0.006116306930693001,
                    "Delta_PnL": -0.004342568243269745,
                    "Total_PnL": 0.010458875173962746
                }
            },
            "sv_2024-01-05_2024-03-15": {
                "call": {
                    "start_date": "2024-01-05",
                    "strike": 4700.0,
                    "maturity": "2024-03-15",
                    "units": -0.0011410594889041143,
                    "delta_t": 0.507080959743657,
                    "gamma": 0.0015069901550138472,
                    "vega": 820.515873295382,
                    "tau": 0.1917808219178082,
                    "option_price_t": 104.24,
                    "underlying_price_t": 4688.68
                },
                "put": {
                    "start_date": "2024-01-05",
                    "strike": 4700.0,
                    "maturity": "2024-03-15",
                    "units": -0.0011410594889041143,
                    "delta_t": -0.49291904025634303,
                    "gamma": 0.0015069901550138472,
                    "vega": 820.515873295382,
                    "tau": 0.1917808219178082,
                    "option_price_t": 107.0,
                    "underlying_price_t": 4688.68
                }
            }
        }
    }
}