{
    "spx_strategy": {
        "date": "2024-07-08",
        "index_levels": 121.75411088606424,
        "result": {
            "sv_2024-04-22_2024-07-19": {
                "call": {
                    "start_date": "2024-04-22",
                    "strike": 4950.0,
                    "maturity": "2024-07-19",
                    "units": -0.0009773208530843484,
                    "gamma": 0.001042382510748607,
                    "vega": 962.083017255965,
                    "tau": 0.2410958904109589,
                    "delta_t_1": 0.9823599231945367,
                    "option_price_t_1": 617.19,
                    "underlying_t_1": 5567.19,
                    "Option_PnL": -0.005531636028457381,
                    "Delta_PnL": -0.005434057544056289,
                    "Total_PnL": -9.757848440109223e-05,
                    "delta_t": 0.9839043058236058,
                    "option_price_t": 622.85,
                    "underlying_price_t": 5572.85
                },
                "put": {
                    "start_date": "2024-04-22",
                    "strike": 4950.0,
                    "maturity": "2024-07-19",
                    "units": -0.0009773208530843484,
                    "gamma": 0.001042382510748607,
                    "vega": 962.083017255965,
                    "tau": 0.2410958904109589,
                    "delta_t_1": -0.01764007680546331,
                    "option_price_t_1": 0.01,
                    "underlying_t_1": 5567.19,
                    "Option_PnL": -0.0,
                    "Delta_PnL": 9.757848440186997e-05,
                    "Total_PnL": -9.757848440186997e-05,
                    "delta_t": -0.016095694176394226,
                    "option_price_t": 0.01,
                    "underlying_price_t": 5572.85
                }
            },
            "sv_2024-04-23_2024-07-19": {
                "call": {
                    "start_date": "2024-04-23",
                    "strike": 5000.0,
                    "maturity": "2024-07-19",
                    "units": -0.0009735985352834306,
                    "gamma": 0.0009938422209287844,
                    "vega": 963.989674679371,
                    "tau": 0.23835616438356164,
                    "delta_t_1": 0.9737013843738633,
                    "option_price_t_1": 567.19,
                    "underlying_t_1": 5567.19,
                    "Option_PnL": -0.005510567709704186,
                    "Delta_PnL": -0.005365647407625631,
                    "Total_PnL": -0.00014492030207855552,
                    "delta_t": 0.9757914034662916,
                    "option_price_t": 572.85,
                    "underlying_price_t": 5572.85
                },
                "put": {
                    "start_date": "2024-04-23",
                    "strike": 5000.0,
                    "maturity": "2024-07-19",
                    "units": -0.0009735985352834306,
                    "gamma": 0.0009938422209287844,
                    "vega": 963.989674679371,
                    "tau": 0.23835616438356164,
                    "delta_t_1": -0.026298615626136668,
                    "option_price_t_1": 0.01,
                    "underlying_t_1": 5567.19,
                    "Option_PnL": -0.0,
                    "Delta_PnL": 0.00014492030207933105,
                    "Total_PnL": -0.00014492030207933105,
                    "delta_t": -0.024208596533708437,
                    "option_price_t": 0.01,
                    "underlying_price_t": 5572.85
                }
            },
            "sv_2024-04-24_2024-07-19": {
                "call": {
                    "start_date": "2024-04-24",
                    "strike": 5050.0,
                    "maturity": "2024-07-19",
                    "units": -0.000963339415282953,
                    "gamma": 0.0010529471488420694,
                    "vega": 977.7209300639571,
                    "tau": 0.2356164383561644,
                    "delta_t_1": 0.9617379944236513,
                    "option_price_t_1": 517.19,
                    "underlying_t_1": 5567.19,
                    "Option_PnL": -0.005452501090501483,
                    "Delta_PnL": -0.005243877463372406,
                    "Total_PnL": -0.00020862362712907763,
                    "delta_t": 0.9644841256178123,
                    "option_price_t": 522.85,
                    "underlying_price_t": 5572.85
                },
                "put": {
                    "start_date": "2024-04-24",
                    "strike": 5050.0,
                    "maturity": "2024-07-19",
                    "units": -0.000963339415282953,
                    "gamma": 0.0010529471488420694,
                    "vega": 977.7209300639571,
                    "tau": 0.2356164383561644,
                    "delta_t_1": -0.038262005576348734,
                    "option_price_t_1": 0.01,
                    "underlying_t_1": 5567.19,
                    "Option_PnL": -0.0,
                    "Delta_PnL": 0.00020862362712984465,
                    "Total_PnL": -0.00020862362712984465,
                    "delta_t": -0.03551587438218773,
                    "option_price_t": 0.01,
                    "underlying_price_t": 5572.85
                }
            },
            "sv_2024-04-25_2024-07-19": {
                "call": {
                    "start_date": "2024-04-25",
                    "strike": 5050.0,
                    "maturity": "2024-07-19",
                    "units": -0.0009696217237000927,
                    "gamma": 0.0010645988830577874,
                    "vega": 971.3905501669482,
                    "tau": 0.2328767123287671,
                    "delta_t_1": 0.9625668093550614,
                    "option_price_t_1": 517.19,
                    "underlying_t_1": 5567.19,
                    "Option_PnL": -0.005488058956142494,
                    "Delta_PnL": -0.0052826233989672925,
                    "Total_PnL": -0.00020543555717520128,
                    "delta_t": 0.9652794042738313,
                    "option_price_t": 522.85,
                    "underlying_price_t": 5572.85
                },
                "put": {
                    "start_date": "2024-04-25",
                    "strike": 5050.0,
                    "maturity": "2024-07-19",
                    "units": -0.0009696217237000927,
                    "gamma": 0.0010645988830577874,
                    "vega": 971.3905501669482,
                    "tau": 0.2328767123287671,
                    "delta_t_1": -0.03743319064493855,
                    "option_price_t_1": 0.01,
                    "underlying_t_1": 5567.19,
                    "Option_PnL": -0.0,
                    "Delta_PnL": 0.00020543555717597334,
                    "Total_PnL": -0.00020543555717597334,
                    "delta_t": -0.0347205957261687,
                    "option_price_t": 0.01,
                    "underlying_price_t": 5572.85
                }
            },
            "sv_2024-04-26_2024-07-19": {
                "call": {
                    "start_date": "2024-04-26",
                    "strike": 5050.0,
                    "maturity": "2024-07-19",
                    "units": -0.0009773266770969396,
                    "gamma": 0.0010186895453930507,
                    "vega": 962.3880532768436,
                    "tau": 0.23013698630136986,
                    "delta_t_1": 0.9633954203334552,
                    "option_price_t_1": 517.19,
                    "underlying_t_1": 5567.19,
                    "Option_PnL": -0.005531668992368647,
                    "Delta_PnL": -0.005329184574049283,
                    "Total_PnL": -0.00020248441831936456,
                    "delta_t": 0.9660739114465642,
                    "option_price_t": 522.85,
                    "underlying_price_t": 5572.85
                },
                "put": {
                    "start_date": "2024-04-26",
                    "strike": 5050.0,
                    "maturity": "2024-07-19",
                    "units": -0.0009773266770969396,
                    "gamma": 0.0010186895453930507,
                    "vega": 962.3880532768436,
                    "tau": 0.23013698630136986,
                    "delta_t_1": -0.036604579666544845,
                    "option_price_t_1": 0.01,
                    "underlying_t_1": 5567.19,
                    "Option_PnL": -0.0,
                    "Delta_PnL": 0.00020248441832014248,
                    "Total_PnL": -0.00020248441832014248,
                    "delta_t": -0.03392608855343582,
                    "option_price_t": 0.01,
                    "underlying_price_t": 5572.85
                }
            },
            "sv_2024-04-29_2024-07-19": {
                "call": {
                    "start_date": "2024-04-29",
                    "strike": 5100.0,
                    "maturity": "2024-07-19",
                    "units": -0.0009851369263919414,
                    "gamma": 0.0010526004170745228,
                    "vega": 958.448192653521,
                    "tau": 0.2219178082191781,
                    "delta_t_1": 0.9496934118194955,
                    "option_price_t_1": 467.19,
                    "underlying_t_1": 5567.19,
                    "Option_PnL": -0.005575875003378413,
                    "Delta_PnL": -0.005295371755838178,
                    "Total_PnL": -0.00028050324754023536,
                    "delta_t": 0.9530651844569827,
                    "option_price_t": 472.85,
                    "underlying_price_t": 5572.85
                },
                "put": {
                    "start_date": "2024-04-29",
                    "strike": 5100.0,
                    "maturity": "2024-07-19",
                    "units": -0.0009851369263919414,
                    "gamma": 0.0010526004170745228,
                    "vega": 958.448192653521,
                    "tau": 0.2219178082191781,
                    "delta_t_1": -0.050306588180504486,
                    "option_price_t_1": 0.01,
                    "underlying_t_1": 5567.19,
                    "Option_PnL": -0.0,
                    "Delta_PnL": 0.0002805032475409635,
                    "Total_PnL": -0.0002805032475409635,
                    "delta_t": -0.04693481554301726,
                    "option_price_t": 0.01,
                    "underlying_price_t": 5572.85
                }
            },
            "sv_2024-04-30_2024-07-19": {
                "call": {
                    "start_date": "2024-04-30",
                    "strike": 5100.0,
                    "maturity": "2024-07-19",
                    "units": -0.0010053155085321317,
                    "gamma": 0.0010247546645768952,
                    "vega": 932.9488541315619,
                    "tau": 0.2191780821917808,
                    "delta_t_1": 0.950710395727627,
                    "option_price_t_1": 467.19,
                    "underlying_t_1": 5567.19,
                    "Option_PnL": -0.00569008577829189,
                    "Delta_PnL": -0.005409623702004732,
                    "Total_PnL": -0.00028046207628715843,
                    "delta_t": 0.9540475214798904,
                    "option_price_t": 472.85,
                    "underlying_price_t": 5572.85
                },
                "put": {
                    "start_date": "2024-04-30",
                    "strike": 5100.0,
                    "maturity": "2024-07-19",
                    "units": -0.0010053155085321317,
                    "gamma": 0.0010247546645768952,
                    "vega": 932.9488541315619,
                    "tau": 0.2191780821917808,
                    "delta_t_1": -0.049289604272373055,
                    "option_price_t_1": 0.01,
                    "underlying_t_1": 5567.19,
                    "Option_PnL": -0.0,
                    "Delta_PnL": 0.00028046207628790176,
                    "Total_PnL": -0.00028046207628790176,
                    "delta_t": -0.04595247852010964,
                    "option_price_t": 0.01,
                    "underlying_price_t": 5572.85
                }
            },
            "sv_2024-05-01_2024-07-19": {
                "call": {
                    "start_date": "2024-05-01",
                    "strike": 5050.0,
                    "maturity": "2024-07-19",
                    "units": -0.0010090373111634287,
                    "gamma": 0.001050280643878207,
                    "vega": 930.4590016552264,
                    "tau": 0.21643835616438356,
                    "delta_t_1": 0.9675286397156948,
                    "option_price_t_1": 517.19,
                    "underlying_t_1": 5567.19,
                    "Option_PnL": -0.005711151181184974,
                    "Delta_PnL": -0.005525702333543359,
                    "Total_PnL": -0.00018544884764161527,
                    "delta_t": 0.9700279276228058,
                    "option_price_t": 522.85,
                    "underlying_price_t": 5572.85
                },
                "put": {
                    "start_date": "2024-05-01",
                    "strike": 5050.0,
                    "maturity": "2024-07-19",
                    "units": -0.0010090373111634287,
                    "gamma": 0.001050280643878207,
                    "vega": 930.4590016552264,
                    "tau": 0.21643835616438356,
                    "delta_t_1": -0.032471360284305195,
                    "option_price_t_1": 0.01,
                    "underlying_t_1": 5567.19,
                    "Option_PnL": -0.0,
                    "Delta_PnL": 0.00018544884764241855,
                    "Total_PnL": -0.00018544884764241855,
                    "delta_t": -0.029972072377194237,
                    "option_price_t": 0.01,
                    "underlying_price_t": 5572.85
                }
            },
            "sv_2024-05-02_2024-07-19": {
                "call": {
                    "start_date": "2024-05-02",
                    "strike": 5000.0,
                    "maturity": "2024-07-19",
                    "units": -0.0010289933115839236,
                    "gamma": 0.0010252294417133086,
                    "vega": 914.1026510418757,
                    "tau": 0.2136986301369863,
                    "delta_t_1": 0.9795186872028203,
                    "option_price_t_1": 567.19,
                    "underlying_t_1": 5567.19,
                    "Option_PnL": -0.005824102143564974,
                    "Delta_PnL": -0.005704816885800697,
                    "Total_PnL": -0.00011928525776427716,
                    "delta_t": 0.9813014394007246,
                    "option_price_t": 572.85,
                    "underlying_price_t": 5572.85
                },
                "put": {
                    "start_date": "2024-05-02",
                    "strike": 5000.0,
                    "maturity": "2024-07-19",
                    "units": -0.0010289933115839236,
                    "gamma": 0.0010252294417133086,
                    "vega": 914.1026510418757,
                    "tau": 0.2136986301369863,
                    "delta_t_1": -0.020481312797179685,
                    "option_price_t_1": 0.01,
                    "underlying_t_1": 5567.19,
                    "Option_PnL": -0.0,
                    "Delta_PnL": 0.00011928525776509572,
                    "Total_PnL": -0.00011928525776509572,
                    "delta_t": -0.018698560599275438,
                    "option_price_t": 0.01,
                    "underlying_price_t": 5572.85
                }
            },
            "sv_2024-05-03_2024-07-19": {
                "call": {
                    "start_date": "2024-05-03",
                    "strike": 5050.0,
                    "maturity": "2024-07-19",
                    "units": -0.0010266281655617825,
                    "gamma": 0.0009788205139728038,
                    "vega": 913.6962828748897,
                    "tau": 0.21095890410958903,
                    "delta_t_1": 0.9691733373544553,
                    "option_price_t_1": 517.19,
                    "underlying_t_1": 5567.19,
                    "Option_PnL": -0.0058107154170796566,
                    "Delta_PnL": -0.005631590453188868,
                    "Total_PnL": -0.0001791249638907885,
                    "delta_t": 0.9715968161943243,
                    "option_price_t": 522.85,
                    "underlying_price_t": 5572.85
                },
                "put": {
                    "start_date": "2024-05-03",
                    "strike": 5050.0,
                    "maturity": "2024-07-19",
                    "units": -0.0010266281655617825,
                    "gamma": 0.0009788205139728038,
                    "vega": 913.6962828748897,
                    "tau": 0.21095890410958903,
                    "delta_t_1": -0.030826662645544678,
                    "option_price_t_1": 0.01,
                    "underlying_t_1": 5567.19,
                    "Option_PnL": -0.0,
                    "Delta_PnL": 0.0001791249638916052,
                    "Total_PnL": -0.0001791249638916052,
                    "delta_t": -0.028403183805675747,
                    "option_price_t": 0.01,
                    "underlying_price_t": 5572.85
                }
            },
            "sv_2024-05-06_2024-07-19": {
                "call": {
                    "start_date": "2024-05-06",
                    "strike": 5150.0,
                    "maturity": "2024-07-19",
                    "units": -0.0010148269166732804,
                    "gamma": 0.0009867932720268799,
                    "vega": 924.4276212626899,
                    "tau": 0.20273972602739726,
                    "delta_t_1": 0.9366558813471902,
                    "option_price_t_1": 417.2,
                    "underlying_t_1": 5567.19,
                    "Option_PnL": -0.0057337720792040685,
                    "Delta_PnL": -0.0053800767762920065,
                    "Total_PnL": -0.000353695302912062,
                    "delta_t": 0.9406884501651653,
                    "option_price_t": 422.85,
                    "underlying_price_t": 5572.85
                },
                "put": {
                    "start_date": "2024-05-06",
                    "strike": 5150.0,
                    "maturity": "2024-07-19",
                    "units": -0.0010148269166732804,
                    "gamma": 0.0009867932720268799,
                    "vega": 924.4276212626899,
                    "tau": 0.20273972602739726,
                    "delta_t_1": -0.06334411865280976,
                    "option_price_t_1": 0.01,
                    "underlying_t_1": 5567.19,
                    "Option_PnL": -0.0,
                    "Delta_PnL": 0.0003638435720795353,
                    "Total_PnL": -0.0003638435720795353,
                    "delta_t": -0.059311549834834665,
                    "option_price_t": 0.01,
                    "underlying_price_t": 5572.85
                }
            },
            "sv_2024-05-07_2024-07-19": {
                "call": {
                    "start_date": "2024-05-07",
                    "strike": 5200.0,
                    "maturity": "2024-07-19",
                    "units": -0.0010149724515034104,
                    "gamma": 0.0009998027806903409,
                    "vega": 925.5228622331686,
                    "tau": 0.2,
                    "delta_t_1": 0.9114706409200317,
                    "option_price_t_1": 367.23,
                    "underlying_t_1": 5567.19,
                    "Option_PnL": -0.005714294901964196,
                    "Delta_PnL": -0.005236165564426727,
                    "Total_PnL": -0.0004781293375374692,
                    "delta_t": 0.9164627875129898,
                    "option_price_t": 372.86,
                    "underlying_price_t": 5572.85
                },
                "put": {
                    "start_date": "2024-05-07",
                    "strike": 5200.0,
                    "maturity": "2024-07-19",
                    "units": -0.0010149724515034104,
                    "gamma": 0.0009998027806903409,
                    "vega": 925.5228622331686,
                    "tau": 0.2,
                    "delta_t_1": -0.08852935907996828,
                    "option_price_t_1": 0.04,
                    "underlying_t_1": 5567.19,
                    "Option_PnL": 3.0449173545102313e-05,
                    "Delta_PnL": 0.0005085785110833522,
                    "Total_PnL": -0.00047812933753824984,
                    "delta_t": -0.08353721248701018,
                    "option_price_t": 0.01,
                    "underlying_price_t": 5572.85
                }
            },
            "sv_2024-05-08_2024-07-19": {
                "call": {
                    "start_date": "2024-05-08",
                    "strike": 5200.0,
                    "maturity": "2024-07-19",
                    "units": -0.0010236629681825858,
                    "gamma": 0.0010080899360472345,
                    "vega": 919.1608532756069,
                    "tau": 0.19726027397260273,
                    "delta_t_1": 0.9129034350170349,
                    "option_price_t_1": 367.23,
                    "underlying_t_1": 5567.19,
                    "Option_PnL": -0.005763222510867953,
                    "Delta_PnL": -0.005289300790138182,
                    "Total_PnL": -0.0004739217207297714,
                    "delta_t": 0.9178683584688214,
                    "option_price_t": 372.86,
                    "underlying_price_t": 5572.85
                },
                "put": {
                    "start_date": "2024-05-08",
                    "strike": 5200.0,
                    "maturity": "2024-07-19",
                    "units": -0.0010236629681825858,
                    "gamma": 0.0010080899360472345,
                    "vega": 919.1608532756069,
                    "tau": 0.19726027397260273,
                    "delta_t_1": -0.08709656498296514,
                    "option_price_t_1": 0.04,
                    "underlying_t_1": 5567.19,
                    "Option_PnL": 3.070988904547757e-05,
                    "Delta_PnL": 0.0005046316097760358,
                    "Total_PnL": -0.0004739217207305583,
                    "delta_t": -0.08213164153117858,
                    "option_price_t": 0.01,
                    "underlying_price_t": 5572.85
                }
            },
            "sv_2024-05-09_2024-07-19": {
                "call": {
                    "start_date": "2024-05-09",
                    "strike": 5200.0,
                    "maturity": "2024-07-19",
                    "units": -0.001029094727361042,
                    "gamma": 0.0010169839697854116,
                    "vega": 914.9464529624144,
                    "tau": 0.19452054794520549,
                    "delta_t_1": 0.9143488422935149,
                    "option_price_t_1": 367.23,
                    "underlying_t_1": 5567.19,
                    "Option_PnL": -0.005793803315042661,
                    "Delta_PnL": -0.005325785900763497,
                    "Total_PnL": -0.0004680174142791642,
                    "delta_t": 0.919285433109919,
                    "option_price_t": 372.86,
                    "underlying_price_t": 5572.85
                },
                "put": {
                    "start_date": "2024-05-09",
                    "strike": 5200.0,
                    "maturity": "2024-07-19",
                    "units": -0.001029094727361042,
                    "gamma": 0.0010169839697854116,
                    "vega": 914.9464529624144,
                    "tau": 0.19452054794520549,
                    "delta_t_1": -0.08565115770648513,
                    "option_price_t_1": 0.04,
                    "underlying_t_1": 5567.19,
                    "Option_PnL": 3.0872841820831256e-05,
                    "Delta_PnL": 0.0004988902561007865,
                    "Total_PnL": -0.00046801741427995527,
                    "delta_t": -0.08071456689008105,
                    "option_price_t": 0.01,
                    "underlying_price_t": 5572.85
                }
            },
            "sv_2024-05-10_2024-07-19": {
                "call": {
                    "start_date": "2024-05-10",
                    "strike": 5200.0,
                    "maturity": "2024-07-19",
                    "units": -0.0010375355910559705,
                    "gamma": 0.0010202859346853128,
                    "vega": 908.2784580910354,
                    "tau": 0.1917808219178082,
                    "delta_t_1": 0.9158068908648883,
                    "option_price_t_1": 367.23,
                    "underlying_t_1": 5567.19,
                    "Option_PnL": -0.005841325377645109,
                    "Delta_PnL": -0.005378031499946266,
                    "Total_PnL": -0.00046329387769884333,
                    "delta_t": 0.9207139998456197,
                    "option_price_t": 372.86,
                    "underlying_price_t": 5572.85
                },
                "put": {
                    "start_date": "2024-05-10",
                    "strike": 5200.0,
                    "maturity": "2024-07-19",
                    "units": -0.0010375355910559705,
                    "gamma": 0.0010202859346853128,
                    "vega": 908.2784580910354,
                    "tau": 0.1917808219178082,
                    "delta_t_1": -0.08419310913511169,
                    "option_price_t_1": 0.04,
                    "underlying_t_1": 5567.19,
                    "Option_PnL": 3.112606773167911e-05,
                    "Delta_PnL": 0.0004944199454313195,
                    "Total_PnL": -0.00046329387769964033,
                    "delta_t": -0.07928600015438025,
                    "option_price_t": 0.01,
                    "underlying_price_t": 5572.85
                }
            },
            "sv_2024-05-13_2024-07-19": {
                "call": {
                    "start_date": "2024-05-13",
                    "strike": 5200.0,
                    "maturity": "2024-07-19",
                    "units": -0.0010653645881514154,
                    "gamma": 0.0010441013678797598,
                    "vega": 888.6231807139926,
                    "tau": 0.18356164383561643,
                    "delta_t_1": 0.9202569921097403,
                    "option_price_t_1": 367.23,
                    "underlying_t_1": 5567.19,
                    "Option_PnL": -0.005998002631292464,
                    "Delta_PnL": -0.005549116136482037,
                    "Total_PnL": -0.0004488864948104269,
                    "delta_t": 0.9250683411095729,
                    "option_price_t": 372.86,
                    "underlying_price_t": 5572.85
                },
                "put": {
                    "start_date": "2024-05-13",
                    "strike": 5200.0,
                    "maturity": "2024-07-19",
                    "units": -0.0010653645881514154,
                    "gamma": 0.0010441013678797598,
                    "vega": 888.6231807139926,
                    "tau": 0.18356164383561643,
                    "delta_t_1": -0.07974300789025968,
                    "option_price_t_1": 0.04,
                    "underlying_t_1": 5567.19,
                    "Option_PnL": 3.196093764454246e-05,
                    "Delta_PnL": 0.0004808474324557874,
                    "Total_PnL": -0.00044888649481124494,
                    "delta_t": -0.07493165889042708,
                    "option_price_t": 0.01,
                    "underlying_price_t": 5572.85
                }
            },
            "sv_2024-05-14_2024-07-19": {
                "call": {
                    "start_date": "2024-05-14",
                    "strike": 5200.0,
                    "maturity": "2024-07-19",
                    "units": -0.0010765244910136025,
                    "gamma": 0.0010443903098311127,
                    "vega": 878.7029201774931,
                    "tau": 0.18082191780821918,
                    "delta_t_1": 0.9217656474750022,
                    "option_price_t_1": 367.23,
                    "underlying_t_1": 5567.19,
                    "Option_PnL": -0.006060832884406577,
                    "Delta_PnL": -0.005616436646768032,
                    "Total_PnL": -0.0004443962376385448,
                    "delta_t": 0.9265424908634672,
                    "option_price_t": 372.86,
                    "underlying_price_t": 5572.85
                },
                "put": {
                    "start_date": "2024-05-14",
                    "strike": 5200.0,
                    "maturity": "2024-07-19",
                    "units": -0.0010765244910136025,
                    "gamma": 0.0010443903098311127,
                    "vega": 878.7029201774931,
                    "tau": 0.18082191780821918,
                    "delta_t_1": -0.07823435252499777,
                    "option_price_t_1": 0.04,
                    "underlying_t_1": 5567.19,
                    "Option_PnL": 3.2295734730408074e-05,
                    "Delta_PnL": 0.00047669197236978057,
                    "Total_PnL": -0.0004443962376393725,
                    "delta_t": -0.07345750913653282,
                    "option_price_t": 0.01,
                    "underlying_price_t": 5572.85
                }
            },
            "sv_2024-05-15_2024-07-19": {
                "call": {
                    "start_date": "2024-05-15",
                    "strike": 5250.0,
                    "maturity": "2024-07-19",
                    "units": -0.001067291648198817,
                    "gamma": 0.0010105205041074674,
                    "vega": 878.1088647068583,
                    "tau": 0.1780821917808219,
                    "delta_t_1": 0.8907886119458905,
                    "option_price_t_1": 317.37,
                    "underlying_t_1": 5567.19,
                    "Option_PnL": -0.0058914498980574504,
                    "Delta_PnL": -0.005381138851457763,
                    "Total_PnL": -0.0005103110465996871,
                    "delta_t": 0.8966435179818504,
                    "option_price_t": 322.89,
                    "underlying_price_t": 5572.85
                },
                "put": {
                    "start_date": "2024-05-15",
                    "strike": 5250.0,
                    "maturity": "2024-07-19",
                    "units": -0.001067291648198817,
                    "gamma": 0.0010105205041074674,
                    "vega": 878.1088647068583,
                    "tau": 0.1780821917808219,
                    "delta_t_1": -0.10921138805410946,
                    "option_price_t_1": 0.18,
                    "underlying_t_1": 5567.19,
                    "Option_PnL": 0.00014942083074783436,
                    "Delta_PnL": 0.0006597318773483562,
                    "Total_PnL": -0.0005103110466005218,
                    "delta_t": -0.10335648201814962,
                    "option_price_t": 0.04,
                    "underlying_price_t": 5572.85
                }
            },
            "sv_2024-05-16_2024-07-19": {
                "call": {
                    "start_date": "2024-05-16",
                    "strike": 5300.0,
                    "maturity": "2024-07-19",
                    "units": -0.0010645465901307422,
                    "gamma": 0.001072398647643029,
                    "vega": 884.565291521436,
                    "tau": 0.17534246575342466,
                    "delta_t_1": 0.8516373805933848,
                    "option_price_t_1": 267.82,
                    "underlying_t_1": 5567.19,
                    "Option_PnL": -0.0055675786663838015,
                    "Delta_PnL": -0.0051313994095889695,
                    "Total_PnL": -0.000436179256794832,
                    "delta_t": 0.8585564413608313,
                    "option_price_t": 273.05,
                    "underlying_price_t": 5572.85
                },
                "put": {
                    "start_date": "2024-05-16",
                    "strike": 5300.0,
                    "maturity": "2024-07-19",
                    "units": -0.0010645465901307422,
                    "gamma": 0.001072398647643029,
                    "vega": 884.565291521436,
                    "tau": 0.17534246575342466,
                    "delta_t_1": -0.14836261940661521,
                    "option_price_t_1": 0.63,
                    "underlying_t_1": 5567.19,
                    "Option_PnL": 0.00045775503375621913,
                    "Delta_PnL": 0.0008939342905518442,
                    "Total_PnL": -0.00043617925679562505,
                    "delta_t": -0.1414435586391687,
                    "option_price_t": 0.2,
                    "underlying_price_t": 5572.85
                }
            },
            "sv_2024-05-17_2024-07-19": {
                "call": {
                    "start_date": "2024-05-17",
                    "strike": 5300.0,
                    "maturity": "2024-07-19",
                    "units": -0.0010752624574704422,
                    "gamma": 0.0011028276011611343,
                    "vega": 878.1603140637321,
                    "tau": 0.1726027397260274,
                    "delta_t_1": 0.853451246839946,
                    "option_price_t_1": 267.82,
                    "underlying_t_1": 5567.19,
                    "Option_PnL": -0.005623622652570432,
                    "Delta_PnL": -0.005194091921147868,
                    "Total_PnL": -0.000429530731422564,
                    "delta_t": 0.86036682126855,
                    "option_price_t": 273.05,
                    "underlying_price_t": 5572.85
                },
                "put": {
                    "start_date": "2024-05-17",
                    "strike": 5300.0,
                    "maturity": "2024-07-19",
                    "units": -0.0010752624574704422,
                    "gamma": 0.0011028276011611343,
                    "vega": 878.1603140637321,
                    "tau": 0.1726027397260274,
                    "delta_t_1": -0.146548753160054,
                    "option_price_t_1": 0.63,
                    "underlying_t_1": 5567.19,
                    "Option_PnL": 0.00046236285671229016,
                    "Delta_PnL": 0.0008918935881356568,
                    "Total_PnL": -0.0004295307314233666,
                    "delta_t": -0.13963317873144998,
                    "option_price_t": 0.2,
                    "underlying_price_t": 5572.85
                }
            },
            "sv_2024-05-20_2024-08-16": {
                "call": {
                    "start_date": "2024-05-20",
                    "strike": 5300.0,
                    "maturity": "2024-08-16",
                    "units": -0.0009119153231014059,
                    "gamma": 0.0009316863255701578,
                    "vega": 1037.965658202185,
                    "tau": 0.2410958904109589,
                    "delta_t_1": 0.8153004081362993,
                    "option_price_t_1": 277.74,
                    "underlying_t_1": 5567.19,
                    "Option_PnL": -0.003182584477623915,
                    "Delta_PnL": -0.004208124732724987,
                    "Total_PnL": 0.0010255402551010723,
                    "delta_t": 0.822109141155912,
                    "option_price_t": 281.23,
                    "underlying_price_t": 5572.85
                },
                "put": {
                    "start_date": "2024-05-20",
                    "strike": 5300.0,
                    "maturity": "2024-08-16",
                    "units": -0.0009119153231014059,
                    "gamma": 0.0009316863255701578,
                    "vega": 1037.965658202185,
                    "tau": 0.2410958904109589,
                    "delta_t_1": -0.18469959186370066,
                    "option_price_t_1": 10.55,
                    "underlying_t_1": 5567.19,
                    "Option_PnL": 0.0019788562511300505,
                    "Delta_PnL": 0.0009533159960296662,
                    "Total_PnL": 0.0010255402551003843,
                    "delta_t": -0.17789085884408795,
                    "option_price_t": 8.38,
                    "underlying_price_t": 5572.85
                }
            },
            "sv_2024-05-21_2024-08-16": {
                "call": {
                    "start_date": "2024-05-21",
                    "strike": 5300.0,
                    "maturity": "2024-08-16",
                    "units": -0.0009173031404324595,
                    "gamma": 0.0009319769188125502,
                    "vega": 1032.2294501606552,
                    "tau": 0.23835616438356164,
                    "delta_t_1": 0.816583079699994,
                    "option_price_t_1": 277.74,
                    "underlying_t_1": 5567.19,
                    "Option_PnL": -0.003201387960109292,
                    "Delta_PnL": -0.004239646904630298,
                    "Total_PnL": 0.0010382589445210063,
                    "delta_t": 0.8234010624960861,
                    "option_price_t": 281.23,
                    "underlying_price_t": 5572.85
                },
                "put": {
                    "start_date": "2024-05-21",
                    "strike": 5300.0,
                    "maturity": "2024-08-16",
                    "units": -0.0009173031404324595,
                    "gamma": 0.0009319769188125502,
                    "vega": 1032.2294501606552,
                    "tau": 0.23835616438356164,
                    "delta_t_1": -0.183416920300006,
                    "option_price_t_1": 10.55,
                    "underlying_t_1": 5567.19,
                    "Option_PnL": 0.001990547814738437,
                    "Delta_PnL": 0.0009522888702181228,
                    "Total_PnL": 0.0010382589445203142,
                    "delta_t": -0.17659893750391387,
                    "option_price_t": 8.38,
                    "underlying_price_t": 5572.85
                }
            },
            "sv_2024-05-22_2024-08-16": {
                "call": {
                    "start_date": "2024-05-22",
                    "strike": 5300.0,
                    "maturity": "2024-08-16",
                    "units": -0.000925414295775666,
                    "gamma": 0.0009618633831897737,
                    "vega": 1026.0839578595762,
                    "tau": 0.2356164383561644,
                    "delta_t_1": 0.8178828404916582,
                    "option_price_t_1": 277.74,
                    "underlying_t_1": 5567.19,
                    "Option_PnL": -0.0032296958922570828,
                    "Delta_PnL": -0.004283943476391512,
                    "Total_PnL": 0.0010542475841344295,
                    "delta_t": 0.824709826230686,
                    "option_price_t": 281.23,
                    "underlying_price_t": 5572.85
                },
                "put": {
                    "start_date": "2024-05-22",
                    "strike": 5300.0,
                    "maturity": "2024-08-16",
                    "units": -0.000925414295775666,
                    "gamma": 0.0009618633831897737,
                    "vega": 1026.0839578595762,
                    "tau": 0.2356164383561644,
                    "delta_t_1": -0.18211715950834184,
                    "option_price_t_1": 10.55,
                    "underlying_t_1": 5567.19,
                    "Option_PnL": 0.002008149021833195,
                    "Delta_PnL": 0.0009539014376994633,
                    "Total_PnL": 0.0010542475841337315,
                    "delta_t": -0.175290173769314,
                    "option_price_t": 8.38,
                    "underlying_price_t": 5572.85
                }
            },
            "sv_2024-05-23_2024-08-16": {
                "call": {
                    "start_date": "2024-05-23",
                    "strike": 5300.0,
                    "maturity": "2024-08-16",
                    "units": -0.0009380874160014231,
                    "gamma": 0.0009711048845371756,
                    "vega": 1013.3814838594814,
                    "tau": 0.2328767123287671,
                    "delta_t_1": 0.8192000467196452,
                    "option_price_t_1": 277.74,
                    "underlying_t_1": 5567.19,
                    "Option_PnL": -0.0032739250818449753,
                    "Delta_PnL": -0.004349603903388187,
                    "Total_PnL": 0.0010756788215432115,
                    "delta_t": 0.82603577302067,
                    "option_price_t": 281.23,
                    "underlying_price_t": 5572.85
                },
                "put": {
                    "start_date": "2024-05-23",
                    "strike": 5300.0,
                    "maturity": "2024-08-16",
                    "units": -0.0009380874160014231,
                    "gamma": 0.0009711048845371756,
                    "vega": 1013.3814838594814,
                    "tau": 0.2328767123287671,
                    "delta_t_1": -0.1807999532803548,
                    "option_price_t_1": 10.55,
                    "underlying_t_1": 5567.19,
                    "Option_PnL": 0.002035649692723088,
                    "Delta_PnL": 0.0009599708711805843,
                    "Total_PnL": 0.0010756788215425038,
                    "delta_t": -0.17396422697933,
                    "option_price_t": 8.38,
                    "underlying_price_t": 5572.85
                }
            },
            "sv_2024-05-24_2024-08-16": {
                "call": {
                    "start_date": "2024-05-24",
                    "strike": 5250.0,
                    "maturity": "2024-08-16",
                    "units": -0.0009539268359963632,
                    "gamma": 0.0010016221346045853,
                    "vega": 999.4110637393858,
                    "tau": 0.23013698630136986,
                    "delta_t_1": 0.86189737457806,
                    "option_price_t_1": 323.37,
                    "underlying_t_1": 5567.19,
                    "Option_PnL": -0.0039874141744648045,
                    "Delta_PnL": -0.004653578620844715,
                    "Total_PnL": 0.0006661644463799108,
                    "delta_t": 0.8679831799766395,
                    "option_price_t": 327.55,
                    "underlying_price_t": 5572.85
                },
                "put": {
                    "start_date": "2024-05-24",
                    "strike": 5250.0,
                    "maturity": "2024-08-16",
                    "units": -0.0009539268359963632,
                    "gamma": 0.0010016221346045853,
                    "vega": 999.4110637393858,
                    "tau": 0.23013698630136986,
                    "delta_t_1": -0.13810262542193996,
                    "option_price_t_1": 6.18,
                    "underlying_t_1": 5567.19,
                    "Option_PnL": 0.001411811717274617,
                    "Delta_PnL": 0.0007456472708954289,
                    "Total_PnL": 0.0006661644463791882,
                    "delta_t": -0.13201682002336046,
                    "option_price_t": 4.7,
                    "underlying_price_t": 5572.85
                }
            },
            "sv_2024-05-28_2024-08-16": {
                "call": {
                    "start_date": "2024-05-28",
                    "strike": 5300.0,
                    "maturity": "2024-08-16",
                    "units": -0.0009697772362045647,
                    "gamma": 0.0010910683373282265,
                    "vega": 989.7265560170744,
                    "tau": 0.2191780821917808,
                    "delta_t_1": 0.8260609174773237,
                    "option_price_t_1": 277.74,
                    "underlying_t_1": 5567.19,
                    "Option_PnL": -0.0033845225543539395,
                    "Delta_PnL": -0.004534198115941367,
                    "Total_PnL": 0.0011496755615874278,
                    "delta_t": 0.8329358029913734,
                    "option_price_t": 281.23,
                    "underlying_price_t": 5572.85
                },
                "put": {
                    "start_date": "2024-05-28",
                    "strike": 5300.0,
                    "maturity": "2024-08-16",
                    "units": -0.0009697772362045647,
                    "gamma": 0.0010910683373282265,
                    "vega": 989.7265560170744,
                    "tau": 0.2191780821917808,
                    "delta_t_1": -0.1739390825226763,
                    "option_price_t_1": 10.55,
                    "underlying_t_1": 5567.19,
                    "Option_PnL": 0.0021044166025639055,
                    "Delta_PnL": 0.0009547410409772097,
                    "Total_PnL": 0.0011496755615866957,
                    "delta_t": -0.16706419700862662,
                    "option_price_t": 8.38,
                    "underlying_price_t": 5572.85
                }
            },
            "sv_2024-05-29_2024-08-16": {
                "call": {
                    "start_date": "2024-05-29",
                    "strike": 5300.0,
                    "maturity": "2024-08-16",
                    "units": -0.0009839034783431448,
                    "gamma": 0.0010862286632017774,
                    "vega": 976.0651435701056,
                    "tau": 0.21643835616438356,
                    "delta_t_1": 0.8274908367684644,
                    "option_price_t_1": 277.74,
                    "underlying_t_1": 5567.19,
                    "Option_PnL": -0.003433823139417584,
                    "Delta_PnL": -0.004608208497280237,
                    "Total_PnL": 0.0011743853578626527,
                    "delta_t": 0.8343725096172045,
                    "option_price_t": 281.23,
                    "underlying_price_t": 5572.85
                },
                "put": {
                    "start_date": "2024-05-29",
                    "strike": 5300.0,
                    "maturity": "2024-08-16",
                    "units": -0.0009839034783431448,
                    "gamma": 0.0010862286632017774,
                    "vega": 976.0651435701056,
                    "tau": 0.21643835616438356,
                    "delta_t_1": -0.17250916323153564,
                    "option_price_t_1": 10.55,
                    "underlying_t_1": 5567.19,
                    "Option_PnL": 0.002135070548004624,
                    "Delta_PnL": 0.0009606851901427144,
                    "Total_PnL": 0.0011743853578619098,
                    "delta_t": -0.16562749038279545,
                    "option_price_t": 8.38,
                    "underlying_price_t": 5572.85
                }
            },
            "sv_2024-05-30_2024-08-16": {
                "call": {
                    "start_date": "2024-05-30",
                    "strike": 5250.0,
                    "maturity": "2024-08-16",
                    "units": -0.0009961443388313096,
                    "gamma": 0.001100561063379877,
                    "vega": 965.5197166728339,
                    "tau": 0.2136986301369863,
                    "delta_t_1": 0.8703271888269908,
                    "option_price_t_1": 323.37,
                    "underlying_t_1": 5567.19,
                    "Option_PnL": -0.004163883336314881,
                    "Delta_PnL": -0.004907058701778982,
                    "Total_PnL": 0.0007431753654641013,
                    "delta_t": 0.8763720252337734,
                    "option_price_t": 327.55,
                    "underlying_price_t": 5572.85
                },
                "put": {
                    "start_date": "2024-05-30",
                    "strike": 5250.0,
                    "maturity": "2024-08-16",
                    "units": -0.0009961443388313096,
                    "gamma": 0.001100561063379877,
                    "vega": 965.5197166728339,
                    "tau": 0.2136986301369863,
                    "delta_t_1": -0.12967281117300922,
                    "option_price_t_1": 6.18,
                    "underlying_t_1": 5567.19,
                    "Option_PnL": 0.0014742936214703376,
                    "Delta_PnL": 0.0007311182560069921,
                    "Total_PnL": 0.0007431753654633456,
                    "delta_t": -0.12362797476622656,
                    "option_price_t": 4.7,
                    "underlying_price_t": 5572.85
                }
            },
            "sv_2024-05-31_2024-08-16": {
                "call": {
                    "start_date": "2024-05-31",
                    "strike": 5250.0,
                    "maturity": "2024-08-16",
                    "units": -0.0009989371818967987,
                    "gamma": 0.0010844626160474336,
                    "vega": 961.1850182594872,
                    "tau": 0.21095890410958903,
                    "delta_t_1": 0.871790580020479,
                    "option_price_t_1": 323.37,
                    "underlying_t_1": 5567.19,
                    "Option_PnL": -0.004175557420328625,
                    "Delta_PnL": -0.00492909038268832,
                    "Total_PnL": 0.0007535329623596949,
                    "delta_t": 0.8778262135670397,
                    "option_price_t": 327.55,
                    "underlying_price_t": 5572.85
                },
                "put": {
                    "start_date": "2024-05-31",
                    "strike": 5250.0,
                    "maturity": "2024-08-16",
                    "units": -0.0009989371818967987,
                    "gamma": 0.0010844626160474336,
                    "vega": 961.1850182594872,
                    "tau": 0.21095890410958903,
                    "delta_t_1": -0.12820941997952096,
                    "option_price_t_1": 6.18,
                    "underlying_t_1": 5567.19,
                    "Option_PnL": 0.0014784270292072616,
                    "Delta_PnL": 0.0007248940668483242,
                    "Total_PnL": 0.0007535329623589374,
                    "delta_t": -0.12217378643296029,
                    "option_price_t": 4.7,
                    "underlying_price_t": 5572.85
                }
            },
            "sv_2024-06-03_2024-08-16": {
                "call": {
                    "start_date": "2024-06-03",
                    "strike": 5300.0,
                    "maturity": "2024-08-16",
                    "units": -0.0010168767053958835,
                    "gamma": 0.0011461435037897194,
                    "vega": 948.9561827179683,
                    "tau": 0.20273972602739726,
                    "delta_t_1": 0.8349528280815122,
                    "option_price_t_1": 277.74,
                    "underlying_t_1": 5567.19,
                    "Option_PnL": -0.0035488997018316426,
                    "Delta_PnL": -0.004805589498350299,
                    "Total_PnL": 0.0012566897965186567,
                    "delta_t": 0.8418619513100359,
                    "option_price_t": 281.23,
                    "underlying_price_t": 5572.85
                },
                "put": {
                    "start_date": "2024-06-03",
                    "strike": 5300.0,
                    "maturity": "2024-08-16",
                    "units": -0.0010168767053958835,
                    "gamma": 0.0011461435037897194,
                    "vega": 948.9561827179683,
                    "tau": 0.20273972602739726,
                    "delta_t_1": -0.16504717191848783,
                    "option_price_t_1": 10.55,
                    "underlying_t_1": 5567.19,
                    "Option_PnL": 0.0022066224507090674,
                    "Delta_PnL": 0.0009499326541911785,
                    "Total_PnL": 0.001256689796517889,
                    "delta_t": -0.15813804868996406,
                    "option_price_t": 8.38,
                    "underlying_price_t": 5572.85
                }
            },
            "sv_2024-06-04_2024-08-16": {
                "call": {
                    "start_date": "2024-06-04",
                    "strike": 5300.0,
                    "maturity": "2024-08-16",
                    "units": -0.001023670913634419,
                    "gamma": 0.0011672883306025337,
                    "vega": 944.017762402959,
                    "tau": 0.2,
                    "delta_t_1": 0.83651097030723,
                    "option_price_t_1": 277.74,
                    "underlying_t_1": 5567.19,
                    "Option_PnL": -0.0035726114885841313,
                    "Delta_PnL": -0.004846725632696883,
                    "Total_PnL": 0.001274114144112752,
                    "delta_t": 0.8434240960686383,
                    "option_price_t": 281.23,
                    "underlying_price_t": 5572.85
                },
                "put": {
                    "start_date": "2024-06-04",
                    "strike": 5300.0,
                    "maturity": "2024-08-16",
                    "units": -0.001023670913634419,
                    "gamma": 0.0011672883306025337,
                    "vega": 944.017762402959,
                    "tau": 0.2,
                    "delta_t_1": -0.16348902969277002,
                    "option_price_t_1": 10.55,
                    "underlying_t_1": 5567.19,
                    "Option_PnL": 0.002221365882586689,
                    "Delta_PnL": 0.0009472517384747102,
                    "Total_PnL": 0.0012741141441119787,
                    "delta_t": -0.15657590393136167,
                    "option_price_t": 8.38,
                    "underlying_price_t": 5572.85
                }
            },
            "sv_2024-06-05_2024-08-16": {
                "call": {
                    "start_date": "2024-06-05",
                    "strike": 5300.0,
                    "maturity": "2024-08-16",
                    "units": -0.0010321679750208814,
                    "gamma": 0.0011415548194725507,
                    "vega": 931.6410246621404,
                    "tau": 0.19726027397260273,
                    "delta_t_1": 0.8380921755471551,
                    "option_price_t_1": 277.74,
                    "underlying_t_1": 5567.19,
                    "Option_PnL": -0.0036022662328228853,
                    "Delta_PnL": -0.004896193775029554,
                    "Total_PnL": 0.0012939275422066683,
                    "delta_t": 0.845008736875746,
                    "option_price_t": 281.23,
                    "underlying_price_t": 5572.85
                },
                "put": {
                    "start_date": "2024-06-05",
                    "strike": 5300.0,
                    "maturity": "2024-08-16",
                    "units": -0.0010321679750208814,
                    "gamma": 0.0011415548194725507,
                    "vega": 931.6410246621404,
                    "tau": 0.19726027397260273,
                    "delta_t_1": -0.1619078244528449,
                    "option_price_t_1": 10.55,
                    "underlying_t_1": 5567.19,
                    "Option_PnL": 0.0022398045057953125,
                    "Delta_PnL": 0.0009458769635894233,
                    "Total_PnL": 0.0012939275422058892,
                    "delta_t": -0.15499126312425404,
                    "option_price_t": 8.38,
                    "underlying_price_t": 5572.85
                }
            },
            "sv_2024-06-06_2024-08-16": {
                "call": {
                    "start_date": "2024-06-06",
                    "strike": 5350.0,
                    "maturity": "2024-08-16",
                    "units": -0.0010228164609873223,
                    "gamma": 0.00116933765623319,
                    "vega": 941.0878343332445,
                    "tau": 0.19452054794520549,
                    "delta_t_1": 0.7905836289548365,
                    "option_price_t_1": 234.36,
                    "underlying_t_1": 5567.19,
                    "Option_PnL": -0.0027206917862262737,
                    "Delta_PnL": -0.004576800234069305,
                    "Total_PnL": 0.0018561084478430317,
                    "delta_t": 0.7983017386284703,
                    "option_price_t": 237.02,
                    "underlying_price_t": 5572.85
                },
                "put": {
                    "start_date": "2024-06-06",
                    "strike": 5350.0,
                    "maturity": "2024-08-16",
                    "units": -0.0010228164609873223,
                    "gamma": 0.00116933765623319,
                    "vega": 941.0878343332445,
                    "tau": 0.19452054794520549,
                    "delta_t_1": -0.20941637104516353,
                    "option_price_t_1": 17.17,
                    "underlying_t_1": 5567.19,
                    "Option_PnL": 0.0030684493829619686,
                    "Delta_PnL": 0.001212340935119721,
                    "Total_PnL": 0.0018561084478422476,
                    "delta_t": -0.20169826137152969,
                    "option_price_t": 14.17,
                    "underlying_price_t": 5572.85
                }
            },
            "sv_2024-06-07_2024-08-16": {
                "call": {
                    "start_date": "2024-06-07",
                    "strike": 5350.0,
                    "maturity": "2024-08-16",
                    "units": -0.0010326424574975302,
                    "gamma": 0.001190945965539966,
                    "vega": 933.9287402157321,
                    "tau": 0.1917808219178082,
                    "delta_t_1": 0.792132177199123,
                    "option_price_t_1": 234.36,
                    "underlying_t_1": 5567.19,
                    "Option_PnL": -0.0027468289369434267,
                    "Delta_PnL": -0.004629819540592491,
                    "Total_PnL": 0.0018829906036490645,
                    "delta_t": 0.799871020827907,
                    "option_price_t": 237.02,
                    "underlying_price_t": 5572.85
                },
                "put": {
                    "start_date": "2024-06-07",
                    "strike": 5350.0,
                    "maturity": "2024-08-16",
                    "units": -0.0010326424574975302,
                    "gamma": 0.001190945965539966,
                    "vega": 933.9287402157321,
                    "tau": 0.1917808219178082,
                    "delta_t_1": -0.207867822800877,
                    "option_price_t_1": 17.17,
                    "underlying_t_1": 5567.19,
                    "Option_PnL": 0.003097927372492592,
                    "Delta_PnL": 0.0012149367688443187,
                    "Total_PnL": 0.0018829906036482735,
                    "delta_t": -0.20012897917209305,
                    "option_price_t": 14.17,
                    "underlying_price_t": 5572.85
                }
            },
            "sv_2024-06-10_2024-08-16": {
                "call": {
                    "start_date": "2024-06-10",
                    "strike": 5350.0,
                    "maturity": "2024-08-16",
                    "units": -0.001057291515791933,
                    "gamma": 0.0012377377764807881,
                    "vega": 914.4333138245379,
                    "tau": 0.18356164383561643,
                    "delta_t_1": 0.7969446172495434,
                    "option_price_t_1": 234.36,
                    "underlying_t_1": 5567.19,
                    "Option_PnL": -0.002812395432006538,
                    "Delta_PnL": -0.004769131748237436,
                    "Total_PnL": 0.001956736316230898,
                    "delta_t": 0.804744533348168,
                    "option_price_t": 237.02,
                    "underlying_price_t": 5572.85
                },
                "put": {
                    "start_date": "2024-06-10",
                    "strike": 5350.0,
                    "maturity": "2024-08-16",
                    "units": -0.001057291515791933,
                    "gamma": 0.0012377377764807881,
                    "vega": 914.4333138245379,
                    "tau": 0.18356164383561643,
                    "delta_t_1": -0.20305538275045665,
                    "option_price_t_1": 17.17,
                    "underlying_t_1": 5567.19,
                    "Option_PnL": 0.003171874547375801,
                    "Delta_PnL": 0.0012151382311457123,
                    "Total_PnL": 0.0019567363162300887,
                    "delta_t": -0.19525546665183202,
                    "option_price_t": 14.17,
                    "underlying_price_t": 5572.85
                }
            },
            "sv_2024-06-11_2024-08-16": {
                "call": {
                    "start_date": "2024-06-11",
                    "strike": 5350.0,
                    "maturity": "2024-08-16",
                    "units": -0.0010658473397880104,
                    "gamma": 0.0012392940360200246,
                    "vega": 906.4760512290732,
                    "tau": 0.18082191780821918,
                    "delta_t_1": 0.798607029647584,
                    "option_price_t_1": 234.36,
                    "underlying_t_1": 5567.19,
                    "Option_PnL": -0.002835153923836104,
                    "Delta_PnL": -0.004817753387966744,
                    "Total_PnL": 0.00198259946413064,
                    "delta_t": 0.8064268417233196,
                    "option_price_t": 237.02,
                    "underlying_price_t": 5572.85
                },
                "put": {
                    "start_date": "2024-06-11",
                    "strike": 5350.0,
                    "maturity": "2024-08-16",
                    "units": -0.0010658473397880104,
                    "gamma": 0.0012392940360200246,
                    "vega": 906.4760512290732,
                    "tau": 0.18082191780821918,
                    "delta_t_1": -0.201392970352416,
                    "option_price_t_1": 17.17,
                    "underlying_t_1": 5567.19,
                    "Option_PnL": 0.003197542019364033,
                    "Delta_PnL": 0.0012149425552342098,
                    "Total_PnL": 0.0019825994641298234,
                    "delta_t": -0.19357315827668042,
                    "option_price_t": 14.17,
                    "underlying_price_t": 5572.85
                }
            },
            "sv_2024-06-12_2024-08-16": {
                "call": {
                    "start_date": "2024-06-12",
                    "strike": 5400.0,
                    "maturity": "2024-08-16",
                    "units": -0.0010633688898186735,
                    "gamma": 0.001366289070640044,
                    "vega": 908.1553376922251,
                    "tau": 0.1780821917808219,
                    "delta_t_1": 0.7426009915520171,
                    "option_price_t_1": 193.86,
                    "underlying_t_1": 5567.19,
                    "Option_PnL": -0.0018502618682844712,
                    "Delta_PnL": -0.004469468762522019,
                    "Total_PnL": 0.0026192068942375484,
                    "delta_t": 0.7511138982414803,
                    "option_price_t": 195.6,
                    "underlying_price_t": 5572.85
                },
                "put": {
                    "start_date": "2024-06-12",
                    "strike": 5400.0,
                    "maturity": "2024-08-16",
                    "units": -0.0010633688898186735,
                    "gamma": 0.001366289070640044,
                    "vega": 908.1553376922251,
                    "tau": 0.1780821917808219,
                    "delta_t_1": -0.2573990084479829,
                    "option_price_t_1": 26.67,
                    "underlying_t_1": 5567.19,
                    "Option_PnL": 0.004168406048089201,
                    "Delta_PnL": 0.0015491991538524848,
                    "Total_PnL": 0.0026192068942367166,
                    "delta_t": -0.24888610175851966,
                    "option_price_t": 22.75,
                    "underlying_price_t": 5572.85
                }
            },
            "sv_2024-06-13_2024-08-16": {
                "call": {
                    "start_date": "2024-06-13",
                    "strike": 5400.0,
                    "maturity": "2024-08-16",
                    "units": -0.0010748829798965112,
                    "gamma": 0.0013858192562345758,
                    "vega": 898.2255628833155,
                    "tau": 0.17534246575342466,
                    "delta_t_1": 0.744112782757873,
                    "option_price_t_1": 193.86,
                    "underlying_t_1": 5567.19,
                    "Option_PnL": -0.0018702963850199088,
                    "Delta_PnL": -0.004527061375654463,
                    "Total_PnL": 0.0026567649906345542,
                    "delta_t": 0.7526656166139577,
                    "option_price_t": 195.6,
                    "underlying_price_t": 5572.85
                },
                "put": {
                    "start_date": "2024-06-13",
                    "strike": 5400.0,
                    "maturity": "2024-08-16",
                    "units": -0.0010748829798965112,
                    "gamma": 0.0013858192562345758,
                    "vega": 898.2255628833155,
                    "tau": 0.17534246575342466,
                    "delta_t_1": -0.25588721724212704,
                    "option_price_t_1": 26.67,
                    "underlying_t_1": 5567.19,
                    "Option_PnL": 0.004213541281194326,
                    "Delta_PnL": 0.0015567762905606122,
                    "Total_PnL": 0.0026567649906337138,
                    "delta_t": -0.2473343833860423,
                    "option_price_t": 22.75,
                    "underlying_price_t": 5572.85
                }
            },
            "sv_2024-06-14_2024-08-16": {
                "call": {
                    "start_date": "2024-06-14",
                    "strike": 5450.0,
                    "maturity": "2024-08-16",
                    "units": -0.001074685920672687,
                    "gamma": 0.0014316694232676134,
                    "vega": 899.5147056371721,
                    "tau": 0.1726027397260274,
                    "delta_t_1": 0.6802341168686852,
                    "option_price_t_1": 156.9,
                    "underlying_t_1": 5567.19,
                    "Option_PnL": -0.0008597487365381314,
                    "Delta_PnL": -0.004137675239386131,
                    "Total_PnL": 0.003277926502848,
                    "delta_t": 0.6892161463805323,
                    "option_price_t": 157.7,
                    "underlying_price_t": 5572.85
                },
                "put": {
                    "start_date": "2024-06-14",
                    "strike": 5450.0,
                    "maturity": "2024-08-16",
                    "units": -0.001074685920672687,
                    "gamma": 0.0014316694232676134,
                    "vega": 899.5147056371721,
                    "tau": 0.1726027397260274,
                    "delta_t_1": -0.3197658831313148,
                    "option_price_t_1": 39.71,
                    "underlying_t_1": 5567.19,
                    "Option_PnL": 0.005222973574469258,
                    "Delta_PnL": 0.001945047071622099,
                    "Total_PnL": 0.0032779265028471593,
                    "delta_t": -0.3107838536194677,
                    "option_price_t": 34.85,
                    "underlying_price_t": 5572.85
                }
            },
            "sv_2024-06-17_2024-08-16": {
                "call": {
                    "start_date": "2024-06-17",
                    "strike": 5450.0,
                    "maturity": "2024-08-16",
                    "units": -0.0010961953990305574,
                    "gamma": 0.0014968926097035666,
                    "vega": 879.740397451954,
                    "tau": 0.1643835616438356,
                    "delta_t_1": 0.683942344299255,
                    "option_price_t_1": 156.9,
                    "underlying_t_1": 5567.19,
                    "Option_PnL": -0.0008769563192244272,
                    "Delta_PnL": -0.004243496992790848,
                    "Total_PnL": 0.003366540673566421,
                    "delta_t": 0.6931020868505731,
                    "option_price_t": 157.7,
                    "underlying_price_t": 5572.85
                },
                "put": {
                    "start_date": "2024-06-17",
                    "strike": 5450.0,
                    "maturity": "2024-08-16",
                    "units": -0.0010961953990305574,
                    "gamma": 0.0014968926097035666,
                    "vega": 879.740397451954,
                    "tau": 0.1643835616438356,
                    "delta_t_1": -0.31605765570074495,
                    "option_price_t_1": 39.71,
                    "underlying_t_1": 5567.19,
                    "Option_PnL": 0.005327509639288509,
                    "Delta_PnL": 0.0019609689657229448,
                    "Total_PnL": 0.003366540673565564,
                    "delta_t": -0.30689791314942694,
                    "option_price_t": 34.85,
                    "underlying_price_t": 5572.85
                }
            },
            "sv_2024-06-18_2024-08-16": {
                "call": {
                    "start_date": "2024-06-18",
                    "strike": 5450.0,
                    "maturity": "2024-08-16",
                    "units": -0.0011116884140846134,
                    "gamma": 0.0015426785020449343,
                    "vega": 867.6147317196388,
                    "tau": 0.16164383561643836,
                    "delta_t_1": 0.6852388158355058,
                    "option_price_t_1": 156.9,
                    "underlying_t_1": 5567.19,
                    "Option_PnL": -0.0008893507312676718,
                    "Delta_PnL": -0.0043116298168415,
                    "Total_PnL": 0.003422279085573828,
                    "delta_t": 0.6944599915648907,
                    "option_price_t": 157.7,
                    "underlying_price_t": 5572.85
                },
                "put": {
                    "start_date": "2024-06-18",
                    "strike": 5450.0,
                    "maturity": "2024-08-16",
                    "units": -0.0011116884140846134,
                    "gamma": 0.0015426785020449343,
                    "vega": 867.6147317196388,
                    "tau": 0.16164383561643836,
                    "delta_t_1": -0.31476118416449417,
                    "option_price_t_1": 39.71,
                    "underlying_t_1": 5567.19,
                    "Option_PnL": 0.005402805692451221,
                    "Delta_PnL": 0.0019805266068782606,
                    "Total_PnL": 0.00342227908557296,
                    "delta_t": -0.3055400084351093,
                    "option_price_t": 34.85,
                    "underlying_price_t": 5572.85
                }
            },
            "sv_2024-06-20_2024-08-16": {
                "call": {
                    "start_date": "2024-06-20",
                    "strike": 5500.0,
                    "maturity": "2024-08-16",
                    "units": -0.0011232823767122063,
                    "gamma": 0.0015758846778548918,
                    "vega": 859.8893469709011,
                    "tau": 0.15616438356164383,
                    "delta_t_1": 0.6138735247177428,
                    "option_price_t_1": 124.01,
                    "underlying_t_1": 5567.19,
                    "Option_PnL": 8.98625901369746e-05,
                    "Delta_PnL": -0.00390287174504688,
                    "Total_PnL": 0.003992734335183855,
                    "delta_t": 0.6233102796050394,
                    "option_price_t": 123.93,
                    "underlying_price_t": 5572.85
                },
                "put": {
                    "start_date": "2024-06-20",
                    "strike": 5500.0,
                    "maturity": "2024-08-16",
                    "units": -0.0011232823767122063,
                    "gamma": 0.0015758846778548918,
                    "vega": 859.8893469709011,
                    "tau": 0.15616438356164383,
                    "delta_t_1": -0.3861264752822572,
                    "option_price_t_1": 56.82,
                    "underlying_t_1": 5567.19,
                    "Option_PnL": 0.006447640842328067,
                    "Delta_PnL": 0.0024549065071450657,
                    "Total_PnL": 0.003992734335183001,
                    "delta_t": -0.3766897203949606,
                    "option_price_t": 51.08,
                    "underlying_price_t": 5572.85
                }
            },
            "sv_2024-06-21_2024-08-16": {
                "call": {
                    "start_date": "2024-06-21",
                    "strike": 5450.0,
                    "maturity": "2024-08-16",
                    "units": -0.0011341058645571757,
                    "gamma": 0.001586509295081452,
                    "vega": 851.1004194338244,
                    "tau": 0.15342465753424658,
                    "delta_t_1": 0.6893268310006012,
                    "option_price_t_1": 156.9,
                    "underlying_t_1": 5567.19,
                    "Option_PnL": -0.0009072846916457212,
                    "Delta_PnL": -0.0044248159452512726,
                    "Total_PnL": 0.0035175312536055514,
                    "delta_t": 0.6987393397054442,
                    "option_price_t": 157.7,
                    "underlying_price_t": 5572.85
                },
                "put": {
                    "start_date": "2024-06-21",
                    "strike": 5450.0,
                    "maturity": "2024-08-16",
                    "units": -0.0011341058645571757,
                    "gamma": 0.001586509295081452,
                    "vega": 851.1004194338244,
                    "tau": 0.15342465753424658,
                    "delta_t_1": -0.3106731689993988,
                    "option_price_t_1": 39.71,
                    "underlying_t_1": 5567.19,
                    "Option_PnL": 0.005511754501747873,
                    "Delta_PnL": 0.001994223248143208,
                    "Total_PnL": 0.003517531253604665,
                    "delta_t": -0.3012606602945558,
                    "option_price_t": 34.85,
                    "underlying_price_t": 5572.85
                }
            },
            "sv_2024-06-24_2024-09-20": {
                "call": {
                    "start_date": "2024-06-24",
                    "strike": 5450.0,
                    "maturity": "2024-09-20",
                    "units": -0.0009060908937665973,
                    "gamma": 0.001267500529780448,
                    "vega": 1066.9044557148866,
                    "tau": 0.2410958904109589,
                    "delta_t_1": 0.657010250937832,
                    "option_price_t_1": 184.16,
                    "underlying_t_1": 5567.19,
                    "Option_PnL": -0.000679568170324948,
                    "Delta_PnL": -0.0033694602910516484,
                    "Total_PnL": 0.0026898921207267005,
                    "delta_t": 0.6648115214969434,
                    "option_price_t": 184.91,
                    "underlying_price_t": 5572.85
                },
                "put": {
                    "start_date": "2024-06-24",
                    "strike": 5450.0,
                    "maturity": "2024-09-20",
                    "units": -0.0009060908937665973,
                    "gamma": 0.001267500529780448,
                    "vega": 1066.9044557148866,
                    "tau": 0.2410958904109589,
                    "delta_t_1": -0.34298974906216795,
                    "option_price_t_1": 66.97,
                    "underlying_t_1": 5567.19,
                    "Option_PnL": 0.00444890628839399,
                    "Delta_PnL": 0.0017590141676679845,
                    "Total_PnL": 0.0026898921207260057,
                    "delta_t": -0.33518847850305655,
                    "option_price_t": 62.06,
                    "underlying_price_t": 5572.85
                }
            },
            "sv_2024-06-25_2024-09-20": {
                "call": {
                    "start_date": "2024-06-25",
                    "strike": 5450.0,
                    "maturity": "2024-09-20",
                    "units": -0.0009105328602469557,
                    "gamma": 0.0012614150603660497,
                    "vega": 1060.9359916845654,
                    "tau": 0.23835616438356164,
                    "delta_t_1": 0.6577429076181831,
                    "option_price_t_1": 184.16,
                    "underlying_t_1": 5567.19,
                    "Option_PnL": -0.0006828996451852168,
                    "Delta_PnL": -0.003389754365351409,
                    "Total_PnL": 0.002706854720166192,
                    "delta_t": 0.665583248700153,
                    "option_price_t": 184.91,
                    "underlying_price_t": 5572.85
                },
                "put": {
                    "start_date": "2024-06-25",
                    "strike": 5450.0,
                    "maturity": "2024-09-20",
                    "units": -0.0009105328602469557,
                    "gamma": 0.0012614150603660497,
                    "vega": 1060.9359916845654,
                    "tau": 0.23835616438356164,
                    "delta_t_1": -0.3422570923818169,
                    "option_price_t_1": 66.97,
                    "underlying_t_1": 5567.19,
                    "Option_PnL": 0.004470716343812549,
                    "Delta_PnL": 0.0017638616236470563,
                    "Total_PnL": 0.002706854720165493,
                    "delta_t": -0.33441675129984705,
                    "option_price_t": 62.06,
                    "underlying_price_t": 5572.85
                }
            },
            "sv_2024-06-26_2024-09-20": {
                "call": {
                    "start_date": "2024-06-26",
                    "strike": 5450.0,
                    "maturity": "2024-09-20",
                    "units": -0.0009171048666083986,
                    "gamma": 0.0012650465946218636,
                    "vega": 1053.4367907941298,
                    "tau": 0.2356164383561644,
                    "delta_t_1": 0.6584883854097724,
                    "option_price_t_1": 184.16,
                    "underlying_t_1": 5567.19,
                    "Option_PnL": -0.000687828649956299,
                    "Delta_PnL": -0.003418090430213017,
                    "Total_PnL": 0.002730261780256718,
                    "delta_t": 0.6663683555044162,
                    "option_price_t": 184.91,
                    "underlying_price_t": 5572.85
                },
                "put": {
                    "start_date": "2024-06-26",
                    "strike": 5450.0,
                    "maturity": "2024-09-20",
                    "units": -0.0009171048666083986,
                    "gamma": 0.0012650465946218636,
                    "vega": 1053.4367907941298,
                    "tau": 0.2356164383561644,
                    "delta_t_1": -0.3415116145902276,
                    "option_price_t_1": 66.97,
                    "underlying_t_1": 5567.19,
                    "Option_PnL": 0.004502984895047234,
                    "Delta_PnL": 0.00177272311479122,
                    "Total_PnL": 0.0027302617802560138,
                    "delta_t": -0.3336316444955838,
                    "option_price_t": 62.06,
                    "underlying_price_t": 5572.85
                }
            },
            "sv_2024-06-27_2024-09-20": {
                "call": {
                    "start_date": "2024-06-27",
                    "strike": 5500.0,
                    "maturity": "2024-09-20",
                    "units": -0.0009159466350228504,
                    "gamma": 0.0012861167569831536,
                    "vega": 1055.1741435099905,
                    "tau": 0.2328767123287671,
                    "delta_t_1": 0.5972248572474098,
                    "option_price_t_1": 153.48,
                    "underlying_t_1": 5567.19,
                    "Option_PnL": -0.00016487039430411932,
                    "Delta_PnL": -0.00309616771664878,
                    "Total_PnL": 0.0029312973223446608,
                    "delta_t": 0.6050193491247747,
                    "option_price_t": 153.66,
                    "underlying_price_t": 5572.85
                },
                "put": {
                    "start_date": "2024-06-27",
                    "strike": 5500.0,
                    "maturity": "2024-09-20",
                    "units": -0.0009159466350228504,
                    "gamma": 0.0012861167569831536,
                    "vega": 1055.1741435099905,
                    "tau": 0.2328767123287671,
                    "delta_t_1": -0.4027751427525902,
                    "option_price_t_1": 86.29,
                    "underlying_t_1": 5567.19,
                    "Option_PnL": 0.005019387559925224,
                    "Delta_PnL": 0.0020880902375812528,
                    "Total_PnL": 0.0029312973223439716,
                    "delta_t": -0.39498065087522527,
                    "option_price_t": 80.81,
                    "underlying_price_t": 5572.85
                }
            },
            "sv_2024-06-28_2024-09-20": {
                "call": {
                    "start_date": "2024-06-28",
                    "strike": 5500.0,
                    "maturity": "2024-09-20",
                    "units": -0.0009327228321895682,
                    "gamma": 0.0013461560399296727,
                    "vega": 1039.1166899018547,
                    "tau": 0.23013698630136986,
                    "delta_t_1": 0.5976628956174153,
                    "option_price_t_1": 153.48,
                    "underlying_t_1": 5567.19,
                    "Option_PnL": -0.00016789010979412864,
                    "Delta_PnL": -0.003155188670413525,
                    "Total_PnL": 0.002987298560619396,
                    "delta_t": 0.605502394523427,
                    "option_price_t": 153.66,
                    "underlying_price_t": 5572.85
                },
                "put": {
                    "start_date": "2024-06-28",
                    "strike": 5500.0,
                    "maturity": "2024-09-20",
                    "units": -0.0009327228321895682,
                    "gamma": 0.0013461560399296727,
                    "vega": 1039.1166899018547,
                    "tau": 0.23013698630136986,
                    "delta_t_1": -0.40233710438258474,
                    "option_price_t_1": 86.29,
                    "underlying_t_1": 5567.19,
                    "Option_PnL": 0.005111321120398838,
                    "Delta_PnL": 0.002124022559780144,
                    "Total_PnL": 0.002987298560618694,
                    "delta_t": -0.394497605476573,
                    "option_price_t": 80.81,
                    "underlying_price_t": 5572.85
                }
            },
            "sv_2024-07-01_2024-09-20": {
                "call": {
                    "start_date": "2024-07-01",
                    "strike": 5450.0,
                    "maturity": "2024-09-20",
                    "units": -0.0009486083508034125,
                    "gamma": 0.001371261506140681,
                    "vega": 1022.3633203275834,
                    "tau": 0.2219178082191781,
                    "delta_t_1": 0.662421250453804,
                    "option_price_t_1": 184.16,
                    "underlying_t_1": 5567.19,
                    "Option_PnL": -0.0007114562631025593,
                    "Delta_PnL": -0.0035566213474049436,
                    "Total_PnL": 0.0028451650843023843,
                    "delta_t": 0.6705082174777446,
                    "option_price_t": 184.91,
                    "underlying_price_t": 5572.85
                },
                "put": {
                    "start_date": "2024-07-01",
                    "strike": 5450.0,
                    "maturity": "2024-09-20",
                    "units": -0.0009486083508034125,
                    "gamma": 0.001371261506140681,
                    "vega": 1022.3633203275834,
                    "tau": 0.2219178082191781,
                    "delta_t_1": -0.33757874954619604,
                    "option_price_t_1": 66.97,
                    "underlying_t_1": 5567.19,
                    "Option_PnL": 0.004657667002444752,
                    "Delta_PnL": 0.0018125019181430958,
                    "Total_PnL": 0.002845165084301656,
                    "delta_t": -0.3294917825222554,
                    "option_price_t": 62.06,
                    "underlying_price_t": 5572.85
                }
            },
            "sv_2024-07-02_2024-09-20": {
                "call": {
                    "start_date": "2024-07-02",
                    "strike": 5500.0,
                    "maturity": "2024-09-20",
                    "units": -0.0009421554452081902,
                    "gamma": 0.001359851113535792,
                    "vega": 1027.2294864835596,
                    "tau": 0.2191780821917808,
                    "delta_t_1": 0.5995030131974379,
                    "option_price_t_1": 153.48,
                    "underlying_t_1": 5567.19,
                    "Option_PnL": -0.00016958798013748066,
                    "Delta_PnL": -0.003196909660193621,
                    "Total_PnL": 0.0030273216800561402,
                    "delta_t": 0.6075303553038987,
                    "option_price_t": 153.66,
                    "underlying_price_t": 5572.85
                },
                "put": {
                    "start_date": "2024-07-02",
                    "strike": 5500.0,
                    "maturity": "2024-09-20",
                    "units": -0.0009421554452081902,
                    "gamma": 0.001359851113535792,
                    "vega": 1027.2294864835596,
                    "tau": 0.2191780821917808,
                    "delta_t_1": -0.40049698680256207,
                    "option_price_t_1": 86.29,
                    "underlying_t_1": 5567.19,
                    "Option_PnL": 0.005163011839740886,
                    "Delta_PnL": 0.0021356901596854554,
                    "Total_PnL": 0.0030273216800554303,
                    "delta_t": -0.39246964469610135,
                    "option_price_t": 80.81,
                    "underlying_price_t": 5572.85
                }
            },
            "sv_2024-07-03_2024-09-20": {
                "call": {
                    "start_date": "2024-07-03",
                    "strike": 5500.0,
                    "maturity": "2024-09-20",
                    "units": -0.0009514422337846412,
                    "gamma": 0.0013384202494016902,
                    "vega": 1015.7602614465751,
                    "tau": 0.21643835616438356,
                    "delta_t_1": 0.5999864176043305,
                    "option_price_t_1": 153.48,
                    "underlying_t_1": 5567.19,
                    "Option_PnL": -0.0001712596020812419,
                    "Delta_PnL": -0.0032310246825178798,
                    "Total_PnL": 0.0030597650804366377,
                    "delta_t": 0.608062789566199,
                    "option_price_t": 153.66,
                    "underlying_price_t": 5572.85
                },
                "put": {
                    "start_date": "2024-07-03",
                    "strike": 5500.0,
                    "maturity": "2024-09-20",
                    "units": -0.0009514422337846412,
                    "gamma": 0.0013384202494016902,
                    "vega": 1015.7602614465751,
                    "tau": 0.21643835616438356,
                    "delta_t_1": -0.40001358239566953,
                    "option_price_t_1": 86.29,
                    "underlying_t_1": 5567.19,
                    "Option_PnL": 0.005213903441139838,
                    "Delta_PnL": 0.0021541383607039163,
                    "Total_PnL": 0.0030597650804359217,
                    "delta_t": -0.39193721043380103,
                    "option_price_t": 80.81,
                    "underlying_price_t": 5572.85
                }
            },
            "sv_2024-07-05_2024-09-20": {
                "call": {
                    "start_date": "2024-07-05",
                    "strike": 5550.0,
                    "maturity": "2024-09-20",
                    "units": -0.0009496811217082097,
                    "gamma": 0.0013491474557739086,
                    "vega": 1016.4359436443823,
                    "tau": 0.21095890410958903,
                    "delta_t_1": 0.53382767525423,
                    "option_price_t_1": 126.14,
                    "underlying_t_1": 5537.02,
                    "delta_t": 0.541640200869878,
                    "option_price_t": 125.84,
                    "underlying_price_t": 5572.85,
                    "Option_PnL": 0.0002849043365124602,
                    "Delta_PnL": -0.018164594124511758,
                    "Total_PnL": 0.018449498461024217
                },
                "put": {
                    "start_date": "2024-07-05",
                    "strike": 5550.0,
                    "maturity": "2024-09-20",
                    "units": -0.0009496811217082097,
                    "gamma": 0.0013491474557739086,
                    "vega": 1016.4359436443823,
                    "tau": 0.21095890410958903,
                    "delta_t_1": -0.46617232474577,
                    "option_price_t_1": 108.95,
                    "underlying_t_1": 5537.02,
                    "delta_t": -0.45835979913012204,
                    "option_price_t": 102.99,
                    "underlying_price_t": 5572.85,
                    "Option_PnL": 0.005660099485380937,
                    "Delta_PnL": 0.015862480466293325,
                    "Total_PnL": -0.010202380980912388
                }
            },
            "sv_2024-07-08_2024-09-20": {
                "call": {
                    "start_date": "2024-07-08",
                    "strike": 5550.0,
                    "maturity": "2024-09-20",
                    "units": -0.0009706850855481817,
                    "delta_t": 0.542059329293992,
                    "gamma": 0.001384686163247757,
                    "vega": 995.4840302316406,
                    "tau": 0.20273972602739726,
                    "option_price_t": 125.84,
                    "underlying_price_t": 5567.19
                },
                "put": {
                    "start_date": "2024-07-08",
                    "strike": 5550.0,
                    "maturity": "2024-09-20",
                    "units": -0.0009706850855481817,
                    "delta_t": -0.45794067070600797,
                    "gamma": 0.001384686163247757,
                    "vega": 995.4840302316406,
                    "tau": 0.20273972602739726,
                    "option_price_t": 102.99,
                    "underlying_price_t": 5567.19
                }
            }
        }
    }
}